Order_ID,Order_Date,Customer_ID,Customer_Segment,Region,State,Category,Sub_Category,Product,Quantity,Unit_Price,Sales,Discount,Profit,Shipping_Mode,Payment_Mode,Customer_Rating,Delivery_Days,Returned
ORD100064,2025-08-05,CUST01529,Consumer,East,West Bengal,Technology,Accessories,Keyboard,5,2046.74,8804.09,0.14,1278.64,Standard,Credit Card,3.5,6,No
ORD102684,2025-03-30,CUST01447,Small Business,South,Telangana,Technology,Accessories,Keyboard,1,1071.21,1087.05,0.043,102.89,Express,UPI,4.4,2,No
ORD100103,2023-10-15,CUST01269,Consumer,West,Rajasthan,Technology,Phones,Smartphone A,1,837.83,861.43,0.129,84.86,Express,COD,4.5,2,No
ORD102692,2025-05-10,CUST01064,Consumer,South,Andhra Pradesh,Technology,Phones,Smartphone A,10,2305.26,24012.01,0.017,4348.11,Same Day,COD,5.0,1,No
ORD100417,2025-04-08,CUST01256,Consumer,East,Bihar,Furniture,Chairs,Ergonomic Chair,5,1065.95,4583.0,0.189,349.53,Express,Credit Card,4.6,4,No
ORD101265,2024-04-29,CUST01036,Small Business,South,Telangana,Furniture,Furnishings,Curtains,2,315.71,573.0,0.144,75.22,Standard,UPI,3.3,7,No
ORD100094,2023-01-16,CUST01177,Corporate,South,Tamil Nadu,Office Supplies,Storage,Filing Cabinet,9,127.29,1097.39,0.042,271.92,Express,Net Banking,3.9,3,No
ORD101539,2024-07-30,CUST01055,Corporate,North,Uttar Pradesh,Furniture,Bookcases,Wooden Bookcase,1,950.47,819.02,0.138,77.89,Standard,Credit Card,3.9,9,No
ORD100568,2023-06-29,CUST01527,Small Business,North,Uttar Pradesh,Office Supplies,Storage,Storage Box,2,187.85,346.42,0.078,97.18,Standard,UPI,3.7,3,No
ORD101042,2024-05-25,CUST01585,Small Business,West,Goa,Office Supplies,Storage,Storage Box,3,999.39,2876.81,0.095,637.41,Express,UPI,4.2,3,No
ORD101403,2023-09-19,CUST01386,Consumer,West,Maharashtra,Technology,Printers,Laser Printer,4,1158.67,4275.67,0.077,521.34,Standard,Net Banking,3.6,6,No
ORD100323,2025-04-07,CUST01532,Consumer,North,Uttar Pradesh,Technology,Laptops,Business Laptop,2,1387.99,2433.34,0.173,243.91,Standard,COD,4.1,4,No
ORD102298,2025-11-25,CUST01552,Corporate,East,West Bengal,Technology,Printers,Inkjet Printer,7,2039.17,12627.33,0.25,-162.19,Express,Credit Card,4.2,3,No
ORD101125,2025-10-09,CUST01599,Corporate,West,Gujarat,Technology,Printers,Laser Printer,1,379.05,335.81,0.249,-25.09,Standard,Credit Card,3.9,7,Yes
ORD100602,2023-10-30,CUST01023,Consumer,West,Goa,Office Supplies,Paper,A4 Paper,1,184.8,159.72,0.268,30.87,Same Day,Credit Card,3.9,1,No
ORD100742,2023-11-17,CUST01330,Corporate,West,Rajasthan,Furniture,Bookcases,Metal Bookcase,1,276.04,263.75,0.19,40.14,Express,COD,5.0,1,No
ORD101128,2025-02-14,CUST01346,Corporate,East,Odisha,Furniture,Tables,Study Table,2,557.99,1002.91,0.101,235.66,Standard,UPI,4.9,3,No
ORD101103,2025-06-11,CUST01307,Consumer,West,Rajasthan,Office Supplies,Binders,Document Folder,4,149.26,390.37,0.346,13.75,Standard,UPI,4.6,3,Yes
ORD101492,2024-10-09,CUST01091,Consumer,West,Goa,Office Supplies,Binders,Document Folder,7,83.63,437.84,0.366,46.36,Standard,Credit Card,4.1,4,No
ORD100045,2023-01-09,CUST01299,Consumer,East,Jharkhand,Office Supplies,Stationery,Labels,3,79.46,225.96,0.052,54.38,Standard,UPI,2.3,9,No
ORD101557,2025-12-17,CUST01462,Consumer,East,Jharkhand,Furniture,Tables,Study Table,5,272.83,1514.12,0.059,337.2,Express,Credit Card,4.4,3,No
ORD102046,2025-05-24,CUST01259,Consumer,South,Tamil Nadu,Furniture,Furnishings,Whiteboard,4,802.92,3119.07,,474.62,Standard,Credit Card,4.1,5,No
ORD100053,2023-06-07,CUST01163,Consumer,West,Maharashtra,Technology,Phones,Smartphone C,3,1481.39,3176.19,0.285,-159.02,Standard,Credit Card,4.1,6,No
ORD102093,2023-05-05,CUST01122,Consumer,North,Punjab,Technology,Phones,Smartphone B,5,559.4,2570.95,0.133,486.1,Same Day,COD,4.2,2,No
ORD102872,2025-10-12,CUST01473,Consumer,West,Goa,Technology,Printers,Inkjet Printer,2,750.38,1493.18,0.157,235.43,Express,UPI,4.3,2,No
ORD100437,2025-07-13,CUST01536,Consumer,South,Andhra Pradesh,Furniture,Furnishings,Whiteboard,7,491.59,3262.53,0.052,721.77,Standard,UPI,3.9,8,No
ORD102032,2024-06-28,CUST01295,Corporate,South,Tamil Nadu,Office Supplies,Stationery,Markers,4,150.61,425.6,0.294,59.73,Express,UPI,4.3,3,No
ORD102678,2023-01-21,CUST01589,Consumer,West,Goa,Office Supplies,Storage,Filing Cabinet,3,221.03,610.53,0.079,139.45,Standard,Credit Card,2.6,8,No
ORD102554,2024-08-28,CUST01215,Small Business,West,Rajasthan,Technology,Accessories,Wireless Mouse,6,347.09,1882.52,0.096,254.28,Standard,UPI,2.4,7,No
ORD100204,2024-04-14,CUST01161,Small Business,North,Uttar Pradesh,Furniture,Tables,Conference Table,3,422.89,1082.15,0.195,142.89,Standard,COD,4.3,4,No
ORD102207,2025-01-07,CUST01241,Consumer,South,Karnataka,Furniture,Bookcases,Wooden Bookcase,2,399.59,711.61,0.11,114.56,Standard,Credit Card,4.8,3,No
ORD102273,2023-06-29,CUST01120,Consumer,North,Delhi,Technology,Laptops,Laptop Pro,2,949.14,1409.37,0.258,59.2,Standard,Credit Card,3.2,7,No
ORD101345,2024-11-10,CUST01312,Corporate,East,Odisha,Technology,Laptops,Laptop Pro,2,422.63,688.83,0.309,5.39,Standard,UPI,4.7,5,No
ORD101584,2024-07-23,CUST01250,Corporate,South,Karnataka,Technology,Phones,Smartphone A,1,428.41,353.15,0.176,56.66,Standard,Net Banking,4.0,7,No
ORD102574,2023-08-15,CUST01461,Consumer,South,Tamil Nadu,Furniture,Chairs,Office Chair,1,608.77,549.32,0.098,106.66,Express,COD,4.7,1,No
ORD101962,2023-05-03,CUST01098,Corporate,East,West Bengal,Office Supplies,Binders,Document Folder,1,338.73,319.42,0.11,84.79,Standard,Net Banking,4.2,3,No
ORD100271,2024-01-05,CUST01222,Corporate,South,Telangana,Office Supplies,Paper,Notebooks,5,251.29,819.22,0.348,83.45,Standard,Credit Card,3.5,8,No
ORD100299,2025-08-11,CUST01086,Small Business,West,Gujarat,Furniture,Chairs,Visitor Chair,2,195.57,240.33,0.386,22.24,Express,Credit Card,4.3,3,No
ORD102424,2025-04-12,CUST01403,Small Business,South,Karnataka,Technology,Laptops,Laptop Pro,4,680.58,2207.2,0.235,182.69,Express,UPI,4.8,1,No
ORD101526,2024-08-16,CUST01595,Small Business,West,Gujarat,Technology,Accessories,Wireless Mouse,2,743.15,943.51,0.365,-46.06,Standard,UPI,3.1,7,Yes
ORD101638,2025-11-10,CUST01489,Corporate,West,Goa,Technology,Printers,Inkjet Printer,3,497.03,1535.76,0.127,118.65,Standard,Net Banking,2.8,7,Yes
ORD102438,2025-12-17,CUST01215,Consumer,South,Tamil Nadu,Technology,Printers,Inkjet Printer,10,736.05,7669.99,0.117,1112.9,Express,Credit Card,4.2,3,No
ORD101098,2025-04-10,CUST01232,Consumer,North,Haryana,Technology,Laptops,Laptop Pro,8,628.43,5161.89,0.031,1356.42,Standard,Credit Card,3.8,6,No
ORD101245,2023-04-14,CUST01448,Small Business,South,Telangana,Furniture,Bookcases,Wooden Bookcase,2,804.0,1269.22,0.255,161.54,Standard,UPI,3.8,5,No
ORD101126,2023-04-30,CUST01312,Small Business,South,Andhra Pradesh,Office Supplies,Paper,Notebooks,2,126.47,237.92,0.113,69.75,Standard,COD,3.1,7,No
ORD101256,2024-07-02,CUST01519,Corporate,West,Maharashtra,Technology,Laptops,Business Laptop,6,1518.73,6846.41,0.249,-123.59,Same Day,UPI,5.0,1,No
ORD100252,2023-06-08,CUST01596,Corporate,East,Odisha,Furniture,Chairs,Ergonomic Chair,5,440.8,1267.41,0.425,114.77,Express,Credit Card,4.1,3,No
ORD100140,2024-04-22,CUST01032,Small Business,South,Andhra Pradesh,Furniture,Furnishings,Curtains,2,425.55,781.44,0.134,190.35,Standard,Credit Card,3.7,7,No
ORD100197,2023-09-30,CUST01476,Consumer,North,Haryana,Furniture,Bookcases,Metal Bookcase,2,625.57,948.88,0.242,117.9,Standard,Credit Card,3.5,7,Yes
ORD102310,2025-02-15,CUST01307,Consumer,East,West Bengal,Office Supplies,Binders,Document Folder,6,165.4,861.58,0.132,213.75,Standard,Credit Card,4.2,6,No
ORD102649,2024-03-18,CUST01465,Consumer,North,Uttar Pradesh,Technology,Accessories,Keyboard,2,699.71,1167.15,0.213,-12.41,Express,Net Banking,4.2,1,No
ORD102968,2023-09-23,CUST01461,Corporate,South,Telangana,Technology,Laptops,Laptop Air,4,862.42,3237.67,0.061,497.02,Standard,UPI,4.3,5,No
ORD102934,2025-04-13,CUST01276,Small Business,East,Jharkhand,Technology,Printers,Laser Printer,4,757.79,2311.11,0.281,125.79,Standard,Credit Card,4.1,4,No
ORD102895,2025-11-10,CUST01560,Consumer,East,West Bengal,Furniture,Bookcases,Wooden Bookcase,1,445.97,488.3,0.072,95.09,Standard,UPI,4.3,6,No
ORD102856,2023-07-03,CUST01304,Consumer,North,Haryana,Office Supplies,Storage,Filing Cabinet,2,165.82,265.48,0.199,42.31,Express,Credit Card,4.7,3,No
ORD100686,2025-06-16,CUST01550,Corporate,West,Rajasthan,Furniture,Bookcases,Metal Bookcase,7,601.92,3827.05,0.092,739.3,Express,COD,4.7,3,No
ORD100267,2024-03-25,CUST01272,Consumer,East,Bihar,Technology,Printers,Inkjet Printer,6,482.23,2939.42,0.042,489.37,Express,UPI,4.5,3,No
ORD100424,2024-01-03,CUST01162,Consumer,South,Andhra Pradesh,Furniture,Bookcases,Wooden Bookcase,3,346.59,972.65,0.065,175.8,Standard,UPI,3.9,4,No
ORD100479,2023-04-01,CUST01372,Consumer,West,Maharashtra,Furniture,Bookcases,Metal Bookcase,1,702.15,743.97,0.0,220.55,Standard,UPI,3.9,5,No
ORD100898,2023-10-28,CUST01392,Small Business,West,Goa,Office Supplies,Stationery,Labels,9,170.42,1165.21,0.356,106.09,Express,Credit Card,4.5,2,No
ORD100473,2023-03-16,CUST01581,Small Business,West,Goa,Technology,Accessories,Wireless Mouse,4,1259.05,5113.26,0.042,1103.09,Standard,Net Banking,3.2,4,No
ORD102341,2023-10-23,CUST01459,Corporate,North,Uttar Pradesh,Furniture,Furnishings,Whiteboard,3,861.69,2827.67,0.073,716.22,Standard,Net Banking,4.4,3,No
ORD100290,2023-07-16,CUST01185,Consumer,North,Delhi,Office Supplies,Binders,Document Folder,5,200.07,900.6,0.1,173.57,Express,Net Banking,4.6,2,No
ORD100569,2024-04-09,CUST01165,Corporate,East,West Bengal,Office Supplies,Paper,Notebooks,1,156.51,137.44,0.172,22.68,Express,Net Banking,4.0,3,No
ORD100582,2024-05-01,CUST01332,Consumer,West,Gujarat,Technology,Accessories,Keyboard,1,622.72,534.67,0.19,24.35,Standard,Credit Card,3.4,5,No
ORD100015,2024-05-07,CUST01539,Corporate,South,Andhra Pradesh,Technology,Accessories,Wireless Mouse,4,397.18,1449.09,0.14,120.09,Standard,Credit Card,3.6,6,No
ORD102693,2023-12-05,CUST01555,Consumer,South,Andhra Pradesh,Technology,Accessories,Headset,3,330.06,1009.42,0.136,160.29,Standard,Credit Card,3.4,4,No
ORD100808,2024-09-23,CUST01410,Consumer,West,Gujarat,Office Supplies,Paper,A4 Paper,9,216.07,1264.01,0.35,123.97,Standard,UPI,,3,No
ORD102651,2025-11-15,CUST01054,Consumer,West,Rajasthan,Furniture,Tables,Conference Table,1,362.55,347.82,0.187,49.56,Express,UPI,4.5,1,No
ORD102248,2023-07-14,CUST01472,Consumer,West,Goa,Furniture,Tables,Work Desk,5,619.12,2501.3,,303.86,Standard,UPI,3.7,5,No
ORD100529,2024-09-18,CUST01193,Small Business,North,Delhi,Office Supplies,Storage,Filing Cabinet,6,276.33,1262.1,0.239,189.27,Express,Net Banking,4.3,2,No
ORD100458,2024-01-10,CUST01585,Small Business,North,Haryana,Technology,Accessories,Headset,3,997.71,2639.32,0.118,298.42,Standard,COD,3.4,9,No
ORD100600,2024-04-23,CUST01294,Consumer,South,Andhra Pradesh,Furniture,Tables,Conference Table,1,642.32,537.52,0.211,88.81,Standard,Credit Card,3.9,7,No
ORD100315,2025-03-30,CUST01585,Consumer,North,Uttar Pradesh,Furniture,Furnishings,Curtains,2,693.74,1162.72,0.209,165.46,Standard,Credit Card,3.4,6,No
ORD100185,2025-06-13,CUST01157,Corporate,West,Goa,Furniture,Furnishings,Desk Lamp,3,707.99,1750.08,0.176,299.28,Standard,COD,3.2,8,Yes
ORD100965,2024-09-04,CUST01430,Corporate,East,Bihar,Furniture,Bookcases,Metal Bookcase,8,674.21,4824.66,0.105,1065.82,Express,UPI,4.6,2,No
ORD100671,2025-03-10,CUST01458,Consumer,East,Bihar,Furniture,Bookcases,Metal Bookcase,4,1343.48,5353.54,0.06,1558.67,Same Day,Credit Card,4.6,1,No
ORD100052,2023-01-17,CUST01358,Consumer,North,Punjab,Technology,Phones,Smartphone C,8,508.65,3701.83,0.09,523.36,Standard,Credit Card,4.0,5,No
ORD102590,2024-08-14,CUST01505,Corporate,West,Maharashtra,Office Supplies,Storage,Organizer,4,298.95,935.52,0.218,85.21,Standard,COD,3.6,6,No
ORD101753,2023-06-23,CUST01004,Consumer,North,Haryana,Office Supplies,Paper,Premium Paper,8,94.38,542.3,0.282,106.63,Same Day,Credit Card,4.1,2,No
ORD101538,2023-04-25,CUST01359,Corporate,West,Rajasthan,Office Supplies,Paper,A4 Paper,2,125.45,224.24,0.157,32.62,Express,net banking,4.5,1,No
ORD102822,2024-05-06,CUST01510,Corporate,North,Delhi,Office Supplies,Storage,Filing Cabinet,1,252.41,247.69,,63.35,Same Day,UPI,4.5,2,No
ORD102646,2023-01-07,CUST01175,Small Business,West,Rajasthan,Furniture,Bookcases,Wooden Bookcase,1,388.98,316.1,0.187,31.61,Express,Credit Card,4.5,3,Yes
ORD100433,2023-09-07,CUST01378,Consumer,West,Gujarat,Furniture,Chairs,Office Chair,2,329.56,504.18,0.235,15.58,Standard,Credit Card,2.5,8,Yes
ORD102189,2023-09-15,CUST01581,Consumer,South,Telangana,Technology,Accessories,Headset,5,519.78,2290.41,0.119,486.67,Standard,COD,4.0,7,No
ORD101012,2025-12-06,CUST01108,Consumer,North,Uttar Pradesh,Furniture,Furnishings,Whiteboard,5,223.16,1239.16,0.059,149.45,Same Day,Net Banking,4.6,1,No
ORD101952,2025-10-12,CUST01523,Consumer,North,Haryana,Furniture,Bookcases,Metal Bookcase,3,143.96,422.85,0.17,84.94,Standard,COD,2.7,7,No
ORD100332,2025-04-12,CUST01058,Small Business,East,Odisha,Office Supplies,Stationery,Pens,5,140.59,611.06,0.18,61.34,Standard,UPI,3.7,7,Yes
ORD101602,2023-09-15,CUST01538,Consumer,South,Tamil Nadu,Technology,Printers,Laser Printer,4,360.7,1216.33,0.157,203.67,Same Day,COD,5.0,1,Yes
ORD101746,2023-07-18,CUST01309,Consumer,East,Jharkhand,Technology,Printers,Inkjet Printer,1,711.83,575.94,0.191,2.85,Express,Credit Card,4.4,3,No
ORD100773,2023-11-05,CUST01015,Consumer,West,Goa,Technology,Printers,Laser Printer,1,1210.59,1184.12,0.171,91.22,Standard,UPI,4.1,6,No
ORD102163,2023-05-28,CUST01039,Consumer,West,Rajasthan,Technology,Printers,Laser Printer,3,233.5,621.75,0.163,104.67,Standard,Credit Card,4.3,5,No
ORD102683,2025-03-07,CUST01408,Small Business,North,Delhi,Office Supplies,Paper,Notebooks,6,307.35,1621.75,0.17,376.49,Standard,Net Banking,,6,No
ORD102243,2025-10-02,CUST01496,Small Business,East,Jharkhand,Technology,Phones,Smartphone C,1,427.77,493.05,0.023,58.5,Same Day,UPI,4.3,1,No
ORD100683,2024-03-23,CUST01006,Consumer,West,Goa,Technology,Printers,Inkjet Printer,1,1407.5,1455.9,0.024,325.49,Standard,UPI,3.6,4,No
ORD102419,2025-05-31,CUST01488,Consumer,South,Andhra Pradesh,Office Supplies,Paper,A4 Paper,2,240.44,292.86,0.425,8.8,Express,Credit Card,4.3,2,No
ORD100333,2023-01-06,CUST01159,Consumer,East,Jharkhand,Technology,Printers,Laser Printer,5,591.68,2700.69,0.087,536.08,Standard,COD,4.2,8,No
ORD101254,2023-06-02,CUST01582,Corporate,West,Gujarat,Technology,Laptops,Laptop Pro,1,560.64,441.28,0.213,13.31,Standard,UPI,3.6,8,No
ORD101207,2023-12-07,CUST01506,Consumer,North,Delhi,Furniture,Chairs,Office Chair,1,684.55,631.56,0.218,76.28,Express,UPI,4.6,3,No
ORD100487,2025-02-25,CUST01466,Small Business,East,Odisha,Furniture,Chairs,Ergonomic Chair,4,547.62,1697.85,0.225,259.35,Standard,Net Banking,2.8,9,No
ORD101293,2025-09-20,CUST01413,Corporate,South,Andhra Pradesh,Furniture,Furnishings,Curtains,2,1182.18,2034.22,0.14,478.35,Standard,COD,4.7,4,No
ORD102877,2024-08-07,CUST01023,Corporate,East,Bihar,Technology,Printers,Inkjet Printer,3,524.01,1318.17,0.161,135.03,Standard,UPI,3.9,8,No
ORD102974,2024-03-05,CUST01297,Consumer,North,Uttar Pradesh,Office Supplies,Storage,Organizer,2,329.8,522.82,0.252,97.01,Same Day,UPI,5.0,1,No
ORD102860,2023-01-16,CUST01519,Small Business,West,Rajasthan,Office Supplies,Paper,A4 Paper,2,675.01,1207.13,0.106,241.81,Express,UPI,4.2,2,No
ORD100818,2025-09-14,CUST01544,Consumer,North,Delhi,Technology,Phones,Smartphone A,3,1070.07,2752.03,0.143,122.24,Standard,COD,3.6,7,No
ORD101546,2025-05-11,CUST01408,Consumer,West,Rajasthan,Office Supplies,Binders,Ring Binder,2,135.11,283.59,0.01,68.83,Standard,Credit Card,4.2,4,No
ORD100762,2024-12-08,CUST01101,Consumer,West,Rajasthan,Furniture,Furnishings,Curtains,2,503.33,1056.71,0.11,43.93,Standard,COD,3.5,3,No
ORD102674,2024-03-03,CUST01382,Small Business,East,Jharkhand,Office Supplies,Binders,Document Folder,4,172.04,686.89,0.058,162.16,Standard,COD,3.1,6,No
ORD100176,2023-12-16,CUST01001,Small Business,North,Delhi,Furniture,Chairs,Visitor Chair,9,984.24,7564.49,0.276,307.42,Standard,UPI,3.8,7,No
ORD101037,2025-11-02,CUST01502,Corporate,North,Delhi,Office Supplies,Paper,Premium Paper,1,172.75,165.79,0.187,36.35,Standard,UPI,4.6,3,No
ORD100719,2025-05-09,CUST01172,Small Business,East,Odisha,Furniture,Bookcases,Metal Bookcase,5,133.39,602.44,0.148,116.95,Standard,Credit Card,4.5,4,No
ORD101189,2023-04-26,CUST01438,Consumer,South,Andhra Pradesh,Technology,Laptops,Laptop Air,7,848.83,5098.65,0.19,25.13,Standard,UPI,3.5,8,No
ORD100145,2024-07-09,CUST01458,Consumer,South,Karnataka,Office Supplies,Binders,Ring Binder,6,359.16,2051.77,0.048,563.13,Standard,UPI,2.7,7,No
ORD102112,2023-02-24,CUST01285,Corporate,West,Goa,Technology,Laptops,Laptop Pro,1,941.53,774.83,0.177,36.74,Standard,UPI,4.1,5,No
ORD100496,2023-03-12,CUST01105,Consumer,South,Karnataka,Technology,Laptops,Laptop Pro,1,1819.45,1514.45,0.215,67.72,Express,UPI,4.7,3,No
ORD100875,2023-05-29,CUST01287,Corporate,West,Goa,Office Supplies,Storage,Organizer,1,79.12,78.12,0.069,22.89,Same Day,UPI,4.4,1,No
ORD100692,2023-07-29,CUST01170,Consumer,North,Haryana,Technology,Laptops,Business Laptop,2,962.98,1590.43,0.174,276.83,Standard,UPI,4.8,3,No
ORD101719,2023-11-27,CUST01487,Consumer,West,Rajasthan,Office Supplies,Storage,Storage Box,2,156.4,341.54,0.075,93.94,Standard,UPI,4.5,3,No
ORD102759,2023-12-02,CUST01333,Consumer,East,Jharkhand,Office Supplies,Storage,Filing Cabinet,5,252.52,1457.25,,523.09,Express,Net Banking,5.0,1,No
ORD100444,2023-01-31,CUST01023,Consumer,East,Jharkhand,Furniture,Furnishings,Curtains,1,668.58,472.36,0.293,42.77,Standard,Credit Card,3.9,4,No
ORD102168,2024-05-26,CUST01155,Consumer,North,Punjab,Technology,Phones,Smartphone C,6,1730.41,9499.05,0.137,978.5,Standard,UPI,3.9,3,No
ORD102031,2024-05-24,CUST01371,Corporate,South,Tamil Nadu,Technology,Accessories,Keyboard,5,919.82,2665.28,0.453,-212.08,Same Day,UPI,5.0,1,No
ORD100257,2025-08-17,CUST01017,Corporate,West,Goa,Office Supplies,Paper,Premium Paper,3,145.88,331.4,0.243,31.09,Express,Credit Card,4.9,2,No
ORD102464,2024-08-22,CUST01315,Small Business,North,Punjab,Office Supplies,Stationery,Stapler,5,305.81,1343.22,0.122,278.05,Standard,COD,3.4,8,Yes
ORD100782,2023-06-23,CUST01486,Small Business,West,Goa,Furniture,Furnishings,Whiteboard,3,503.4,1424.6,0.057,343.77,Standard,Credit Card,4.2,4,No
ORD100528,2024-05-15,CUST01044,Corporate,East,West Bengal,Office Supplies,Binders,File Folder,3,272.08,704.46,0.186,149.4,Standard,COD,4.4,3,No
ORD100001,2023-01-17,CUST01218,Consumer,East,Jharkhand,Office Supplies,Binders,File Folder,9,374.39,2936.82,0.128,791.3,Standard,Net Banking,3.9,4,No
ORD101609,2025-02-25,CUST01593,Corporate,West,Goa,Office Supplies,Storage,Storage Box,3,70.62,127.13,0.4,1.82,Standard,Net Banking,2.9,6,No
ORD101776,2025-09-25,CUST01080,Consumer,South,Telangana,Office Supplies,Stationery,Stapler,4,325.53,1174.25,0.098,280.65,Standard,Credit Card,4.0,3,No
ORD100046,2024-06-29,CUST01323,Small Business,North,Haryana,Technology,Accessories,Keyboard,1,749.91,673.62,0.102,140.52,Standard,COD,3.7,6,No
ORD102304,2023-08-08,CUST01538,Small Business,South,Tamil Nadu,Office Supplies,Binders,File Folder,3,66.11,186.2,0.061,40.84,Standard,Credit Card,3.4,6,No
ORD102196,2024-03-24,CUST01303,Corporate,West,Gujarat,Furniture,Tables,Work Desk,10,1073.41,10070.63,0.115,2139.17,Same Day,,4.6,1,No
ORD101322,2023-02-08,CUST01128,Corporate,South,Telangana,Technology,Accessories,USB Hub,8,559.84,3059.12,0.317,342.9,Standard,Credit Card,3.8,4,No
ORD100195,2024-07-30,CUST01420,Corporate,West,Rajasthan,Furniture,Bookcases,Metal Bookcase,4,113.9,344.2,0.245,10.9,Standard,UPI,3.9,8,Yes
ORD101552,2024-01-23,CUST01566,Corporate,West,Rajasthan,Furniture,Bookcases,Wooden Bookcase,3,335.39,889.2,0.116,113.82,Standard,Net Banking,4.0,8,No
ORD102145,2024-12-04,CUST01104,Consumer,West,Rajasthan,Office Supplies,Stationery,Pens,1,242.77,253.89,0.114,72.88,Express,UPI,3.8,3,Yes
ORD100679,2024-11-13,CUST01171,Small Business,North,Uttar Pradesh,Technology,Phones,Smartphone B,7,569.41,4017.1,,563.5,Same Day,COD,4.4,1,No
ORD101576,2023-10-15,CUST01076,Consumer,West,Goa,Technology,Printers,Laser Printer,2,574.98,979.18,0.278,91.49,Standard,UPI,4.6,5,No
ORD101136,2025-06-06,CUST01049,Consumer,South,Tamil Nadu,Technology,Printers,Laser Printer,3,939.33,2766.27,0.018,543.82,Standard,UPI,3.8,3,No
ORD102984,2023-05-05,CUST01398,Consumer,West,Goa,Office Supplies,Stationery,Markers,1,140.64,145.07,0.027,47.53,Standard,UPI,5.0,4,No
ORD100409,2023-10-21,CUST01259,Consumer,North,Haryana,Technology,Printers,Inkjet Printer,4,923.87,3647.5,,374.69,Standard,UPI,3.8,8,No
ORD101463,2025-08-16,CUST01402,Consumer,East,Odisha,Technology,Accessories,USB Hub,4,412.35,1350.23,0.181,207.3,Express,Credit Card,4.8,1,No
ORD101252,2025-10-01,CUST01140,Consumer,North,Delhi,Technology,Phones,Smartphone C,2,1350.08,2105.21,0.339,-97.86,Standard,Credit Card,3.9,3,No
ORD101663,2025-03-12,CUST01240,Consumer,West,Gujarat,Furniture,Furnishings,Desk Lamp,4,304.4,1141.74,0.115,96.13,Standard,Net Banking,4.4,5,Yes
ORD101778,2023-06-25,CUST01022,Consumer,South,Tamil Nadu,Technology,Laptops,Business Laptop,2,294.82,534.15,0.094,59.97,Standard,Credit Card,4.3,3,No
ORD100415,2025-10-29,CUST01585,Corporate,South,Karnataka,Technology,Laptops,Laptop Pro,2,1389.35,2604.28,0.206,38.2,Standard,UPI,3.3,7,No
ORD101004,2023-03-04,CUST01200,Consumer,West,Gujarat,Furniture,Tables,Conference Table,1,981.79,1026.36,0.014,240.34,Same Day,UPI,,1,No
ORD102096,2024-08-04,CUST01333,Consumer,West,Rajasthan,Furniture,Bookcases,Metal Bookcase,6,1329.6,7477.86,0.063,1155.46,Standard,Net Banking,3.5,4,No
ORD101438,2025-12-19,CUST01419,Consumer,North,Delhi,Office Supplies,Paper,A4 Paper,8,249.58,1973.93,0.162,408.34,Standard,,3.9,8,No
ORD101890,2024-10-12,CUST01132,Corporate,East,West Bengal,Office Supplies,Storage,Storage Box,8,203.85,1469.23,0.237,249.32,Standard,UPI,,8,No
ORD100860,2023-12-30,CUST01514,Consumer,North,Uttar Pradesh,Furniture,Furnishings,Desk Lamp,3,225.57,700.75,0.122,113.26,Standard,COD,4.1,6,No
ORD102813,2024-10-08,CUST01243,Consumer,North,Uttar Pradesh,Technology,Accessories,USB Hub,7,2202.67,17049.17,0.063,3480.47,Standard,UPI,3.0,9,No
ORD102988,2024-08-24,CUST01488,Small Business,West,Goa,Furniture,Tables,Study Table,1,367.16,335.99,0.085,52.44,Standard,UPI,3.0,7,Yes
ORD100175,2023-07-28,CUST01178,Small Business,South,Telangana,Office Supplies,Stationery,Labels,1,353.58,317.3,0.103,84.89,Express,UPI,4.4,1,No
ORD100882,2025-08-08,CUST01123,Consumer,South,Tamil Nadu,Technology,Printers,Inkjet Printer,4,456.35,1669.37,0.085,126.41,Standard,UPI,5.0,3,No
ORD100193,2023-11-19,CUST01487,Consumer,East,Bihar,Office Supplies,Storage,Filing Cabinet,10,96.07,1089.26,0.039,289.7,Standard,UPI,3.6,6,No
ORD101597,2024-02-01,CUST01081,Consumer,West,Goa,Furniture,Bookcases,Wooden Bookcase,6,241.57,1214.37,0.162,160.02,Express,COD,3.9,3,No
ORD102360,2023-09-14,CUST01104,Small Business,East,Odisha,Office Supplies,Storage,Storage Box,1,488.1,400.36,0.18,59.04,Standard,UPI,4.4,6,No
ORD102324,2025-06-07,CUST01090,Consumer,North,Punjab,Office Supplies,Stationery,Markers,2,260.61,478.41,0.082,82.27,Express,UPI,4.2,2,No
ORD102015,2023-07-20,CUST01242,Small Business,North,Punjab,Technology,Phones,Smartphone B,1,587.71,475.94,0.19,38.83,Standard,Net Banking,4.4,3,No
ORD102363,2025-08-12,CUST01012,Small Business,North,Haryana,Technology,Accessories,Keyboard,1,929.19,843.69,0.092,104.86,Standard,UPI,,5,No
ORD101790,2023-02-24,CUST01227,Corporate,North,Delhi,Technology,Phones,Smartphone C,6,1205.49,5760.57,0.204,714.15,Standard,COD,3.3,8,No
ORD101386,2024-06-01,CUST01260,Consumer,East,West Bengal,Office Supplies,Stationery,Markers,1,384.63,366.89,0.046,102.49,Express,UPI,4.2,2,No
ORD101317,2024-01-05,CUST01508,Small Business,West,Goa,Technology,Laptops,Laptop Pro,8,351.01,2236.13,0.204,281.06,Standard,Credit Card,4.9,3,No
ORD101392,2024-03-30,CUST01423,Corporate,South,,Furniture,Bookcases,Wooden Bookcase,3,667.98,1966.91,0.074,343.19,Standard,COD,4.8,6,No
ORD101454,2023-12-08,CUST01143,Corporate,South,Telangana,Technology,Laptops,Laptop Pro,10,1169.81,12251.24,0.112,2773.19,Standard,COD,3.3,8,No
ORD102914,2023-07-07,CUST01210,Corporate,South,Karnataka,Office Supplies,Paper,Notebooks,5,159.13,593.53,0.254,53.51,Express,UPI,4.9,2,No
ORD100326,2023-11-17,CUST01249,Small Business,South,Andhra Pradesh,Office Supplies,Storage,Storage Box,2,497.91,1000.73,0.148,183.24,Standard,COD,3.4,5,Yes
ORD101860,2025-12-24,CUST01157,Small Business,West,Goa,Technology,Laptops,Laptop Air,4,1780.98,5699.82,0.322,-102.1,Express,Credit Card,4.7,1,No
ORD102794,2024-04-16,CUST01191,Consumer,East,Odisha,Technology,Phones,Smartphone B,2,380.09,708.74,0.12,147.62,Express,COD,4.4,1,No
ORD100089,2025-10-10,CUST01047,Consumer,South,Andhra Pradesh,Technology,Printers,Inkjet Printer,3,552.44,1374.99,0.297,39.64,Standard,Credit Card,,5,No
ORD100480,2025-04-28,CUST01552,Consumer,East,Bihar,Office Supplies,Paper,A4 Paper,4,134.28,515.36,0.095,135.09,Standard,,4.2,6,Yes
ORD101897,2025-12-12,CUST01471,Consumer,North,Punjab,Office Supplies,Paper,A4 Paper,1,196.67,174.23,0.249,36.16,Standard,Credit Card,4.5,4,No
ORD102177,2023-01-24,CUST01172,Corporate,East,Bihar,Technology,Laptops,Laptop Air,3,1112.62,2993.79,0.103,649.1,Express,UPI,4.1,4,No
ORD100999,2023-10-01,CUST01292,Consumer,East,Odisha,Office Supplies,Binders,Document Folder,8,372.59,2871.2,0.184,520.91,Standard,UPI,3.6,8,No
ORD102152,2024-07-31,CUST01300,Small Business,South,Andhra Pradesh,Furniture,Chairs,Ergonomic Chair,2,204.56,313.47,0.234,17.87,Express,Net Banking,4.5,2,No
ORD101314,2023-03-22,CUST01257,Small Business,South,Karnataka,Technology,Laptops,Laptop Pro,6,828.73,5016.16,0.048,745.26,Standard,COD,3.6,8,No
ORD101377,2024-10-03,CUST01170,Corporate,West,Goa,Technology,Printers,Inkjet Printer,1,459.53,499.99,0.078,63.13,Standard,UPI,3.8,3,No
ORD100153,2024-02-20,CUST01391,Consumer,North,Punjab,Office Supplies,Stationery,Labels,3,188.38,429.03,0.241,66.46,Standard,Net Banking,3.9,5,No
ORD101436,2024-05-13,CUST01035,Small Business,South,Telangana,Technology,Phones,Smartphone B,2,888.18,1611.7,0.144,214.25,Same Day,UPI,4.2,1,No
ORD102659,2025-02-15,CUST01120,Corporate,West,Rajasthan,Office Supplies,Binders,File Folder,1,153.84,120.33,0.218,23.92,Standard,COD,4.2,7,No
ORD100946,2024-03-28,CUST01243,Small Business,East,Jharkhand,Office Supplies,Stationery,Labels,9,296.77,2153.86,0.239,442.96,Standard,COD,3.2,6,No
ORD102262,2025-11-14,CUST01522,Consumer,North,Punjab,Technology,Phones,Smartphone A,1,1866.74,1791.46,0.187,66.87,Standard,UPI,3.9,8,No
ORD100843,2025-10-23,CUST01035,Corporate,East,Odisha,Furniture,Tables,Study Table,2,362.88,645.6,0.246,49.38,Standard,UPI,4.9,3,No
ORD100212,2024-12-02,CUST01149,Corporate,North,Haryana,Technology,Phones,Smartphone B,7,1345.66,10001.12,0.1,855.38,Express,UPI,4.5,2,No
ORD100728,2023-11-10,CUST01122,Consumer,East,Bihar,Furniture,Bookcases,Metal Bookcase,3,378.22,1169.81,0.126,165.47,Standard,CreditCard,3.0,8,Yes
ORD101193,2024-09-06,CUST01234,Consumer,West,Goa,Furniture,Furnishings,Desk Lamp,8,304.95,1614.71,0.338,157.71,Standard,Credit Card,3.0,7,No
ORD101393,2023-03-27,CUST01116,Consumer,South,Karnataka,Furniture,Furnishings,Desk Lamp,4,655.6,2471.27,0.111,409.64,Standard,Net Banking,3.9,5,No
ORD100933,2025-09-24,CUST01069,Consumer,South,Andhra Pradesh,Technology,Laptops,Laptop Pro,5,409.59,1457.2,0.288,128.32,Standard,Credit Card,3.3,5,No
ORD102395,2024-03-21,CUST01063,Consumer,North,Delhi,Technology,Phones,Smartphone B,1,1709.37,1322.41,0.27,44.28,Standard,COD,3.4,8,No
ORD100651,2024-03-29,CUST01181,Consumer,East,West Bengal,Furniture,Tables,Study Table,4,1544.07,6370.74,0.027,1716.71,Standard,Net Banking,3.3,4,No
ORD100292,2025-05-10,CUST01230,Small Business,East,Odisha,Office Supplies,Storage,Organizer,4,158.57,620.1,0.078,135.67,Standard,Net Banking,3.4,5,No
ORD102830,2023-06-21,CUST01231,Corporate,East,Jharkhand,Furniture,Tables,Study Table,3,508.4,1330.3,,248.68,Express,Net Banking,4.7,2,Yes
ORD102556,2023-11-22,CUST01546,Small Business,North,Haryana,Office Supplies,Stationery,Markers,6,228.04,1432.09,0.113,384.71,Standard,Credit Card,3.4,8,Yes
ORD101062,2024-11-19,CUST01018,Corporate,South,Andhra Pradesh,Office Supplies,Binders,Document Folder,2,278.66,490.2,0.255,87.66,Standard,UPI,4.4,3,No
ORD100068,2025-08-07,CUST01352,Small Business,South,Andhra Pradesh,Office Supplies,Stationery,Pens,3,314.44,737.72,0.218,100.47,Standard,UPI,4.3,3,No
ORD100255,2025-02-06,CUST01087,Small Business,South,Karnataka,Office Supplies,Binders,Ring Binder,4,192.16,440.04,0.428,3.07,Standard,COD,3.9,6,No
ORD101772,2024-09-08,CUST01472,Corporate,West,Gujarat,Technology,Printers,Laser Printer,7,1608.15,8527.7,0.242,829.99,Standard,Credit Card,3.2,5,No
ORD101284,2024-03-06,CUST01274,Consumer,East,Jharkhand,Furniture,Furnishings,Curtains,6,439.92,2572.18,0.081,377.39,Standard,Credit Card,3.6,7,No
ORD102485,2025-05-20,CUST01119,Corporate,North,Delhi,Technology,Printers,Laser Printer,1,1272.77,1195.47,0.114,220.25,Express,upi,4.7,3,No
ORD100135,2024-03-30,CUST01523,Consumer,South,Tamil Nadu,Furniture,Chairs,Office Chair,5,878.02,4265.2,0.083,1152.83,Standard,Credit Card,4.0,5,No
ORD101946,2025-02-19,CUST01031,Corporate,North,Haryana,Office Supplies,Storage,Filing Cabinet,4,132.82,488.19,0.081,104.24,Same Day,UPI,4.9,2,Yes
ORD101197,2025-08-23,CUST01327,Corporate,West,Gujarat,Furniture,Bookcases,Wooden Bookcase,1,604.6,557.75,0.077,106.27,Same Day,Net Banking,5.0,1,No
ORD101476,2025-05-21,CUST01395,Corporate,West,Goa,Technology,Phones,Smartphone B,2,885.77,1764.83,0.06,163.77,Standard,Credit Card,3.8,7,Yes
ORD100977,2025-06-28,CUST01050,Small Business,West,Maharashtra,Office Supplies,Storage,Storage Box,2,131.24,183.84,,21.88,Standard,UPI,3.4,6,No
ORD101558,2025-07-10,CUST01233,Small Business,West,Gujarat,Office Supplies,Paper,A4 Paper,7,189.61,1184.82,0.107,196.28,Standard,UPI,2.9,7,No
ORD101555,2024-10-24,CUST01226,Small Business,East,Odisha,Technology,Printers,Inkjet Printer,1,454.7,414.42,0.228,36.57,Standard,UPI,3.4,7,No
ORD101886,2025-11-20,CUST01382,Small Business,South,Tamil Nadu,Technology,Phones,Smartphone A,2,417.08,896.65,0.089,185.43,Standard,Credit Card,4.6,5,No
ORD102498,2025-09-01,CUST01025,Small Business,South,Telangana,Furniture,Tables,Work Desk,1,243.46,231.53,0.049,63.6,Standard,Net Banking,3.6,6,No
ORD101038,2025-08-20,CUST01466,Consumer,West,Rajasthan,Technology,Phones,Smartphone A,2,477.57,732.38,0.233,1.48,Standard,UPI,4.3,3,No
ORD100677,2023-07-15,CUST01056,Consumer,East,West Bengal,Technology,Phones,Smartphone C,2,1077.21,1648.41,0.235,108.78,Standard,UPI,,6,No
ORD102568,2025-12-19,CUST01109,Consumer,East,Bihar,Office Supplies,Stationery,Markers,6,213.71,1411.37,0.067,425.78,Express,UPI,4.6,3,No
ORD102606,2025-01-01,CUST01476,Corporate,West,Maharashtra,Office Supplies,Binders,Ring Binder,3,169.09,456.81,0.099,154.52,Standard,Credit Card,3.8,6,No
ORD101642,2023-06-07,CUST01480,Small Business,East,Jharkhand,Technology,Accessories,Wireless Mouse,3,490.3,1413.93,0.039,364.29,Standard,Credit Card,3.4,4,No
ORD102462,2025-08-13,CUST01215,Consumer,East,,Technology,Phones,Smartphone B,4,725.01,1920.53,0.338,84.86,Standard,Credit Card,3.7,8,Yes
ORD101651,2024-02-26,CUST01371,Small Business,West,Maharashtra,Technology,Printers,Inkjet Printer,5,367.43,1310.57,0.287,31.75,Express,Credit Card,3.9,1,No
ORD100125,2024-03-09,CUST01499,Small Business,East,Jharkhand,Furniture,Chairs,Visitor Chair,6,1597.25,6831.4,0.328,297.19,Standard,UPI,4.0,6,No
ORD100179,2025-06-19,CUST01196,Small Business,West,Rajasthan,Technology,Accessories,USB Hub,2,306.62,564.38,0.08,80.22,Standard,Credit Card,4.6,4,No
ORD101272,2024-12-19,CUST01181,Small Business,West,Gujarat,Office Supplies,Binders,File Folder,6,117.91,783.14,0.062,211.68,Standard,Credit Card,,5,No
ORD102495,2024-09-08,CUST01443,Consumer,South,Tamil Nadu,Office Supplies,Stationery,Pens,3,211.53,459.1,0.277,72.42,Standard,COD,4.6,6,No
ORD101869,2024-01-09,CUST01537,Corporate,South,Andhra Pradesh,Office Supplies,Paper,A4 Paper,3,205.83,560.5,0.092,174.96,Standard,UPI,3.4,8,No
ORD101238,2023-01-28,CUST01128,Consumer,North,Delhi,Furniture,Furnishings,Curtains,2,182.4,251.92,0.309,30.46,Express,Net Banking,3.9,2,No
ORD102020,2024-11-21,CUST01581,Consumer,East,West Bengal,Furniture,Tables,Work Desk,7,293.81,2189.7,0.098,475.57,Standard,UPI,3.3,7,No
ORD100486,2023-02-01,CUST01535,Consumer,South,Tamil Nadu,Furniture,Bookcases,Wooden Bookcase,6,206.98,1157.12,0.068,247.62,Express,Credit Card,4.0,2,No
ORD100970,2024-09-09,CUST01246,Consumer,West,Gujarat,Furniture,Bookcases,Wooden Bookcase,6,698.42,3796.98,0.094,831.36,Standard,COD,4.4,3,No
ORD100508,2025-06-23,CUST01464,Consumer,South,Tamil Nadu,Office Supplies,Storage,Filing Cabinet,10,314.84,2692.11,0.145,470.43,Standard,UPI,4.3,3,Yes
ORD101643,2023-02-07,CUST01068,Small Business,South,Andhra Pradesh,Office Supplies,Stationery,Pens,5,169.54,763.7,0.099,175.05,Standard,,3.9,3,No
ORD102615,2025-09-24,CUST01371,Consumer,West,Gujarat,Furniture,Chairs,Office Chair,3,382.1,846.14,0.262,151.04,Express,UPI,4.1,3,No
ORD101045,2024-11-29,CUST01141,Consumer,West,Rajasthan,Office Supplies,Paper,Premium Paper,2,277.2,597.93,0.086,131.27,Express,Net Banking,4.6,1,No
ORD102390,2024-07-10,CUST01144,Small Business,North,Punjab,Technology,Accessories,Wireless Mouse,4,549.73,1756.14,0.201,109.6,Standard,COD,4.3,5,No
ORD101994,2024-03-01,CUST01441,Consumer,North,Haryana,Office Supplies,Binders,Document Folder,1,152.89,143.14,0.117,20.66,Same Day,Net Banking,3.8,2,No
ORD102660,2023-10-09,CUST01235,Consumer,North,Punjab,Furniture,Tables,Conference Table,2,563.74,1321.55,0.007,307.94,Express,UPI,4.0,3,No
ORD102636,2024-02-01,CUST01167,Consumer,West,Rajasthan,Furniture,Bookcases,Metal Bookcase,3,331.27,763.99,0.231,56.4,Standard,UPI,3.9,6,No
ORD101957,2023-02-27,CUST01595,Consumer,South,Karnataka,Furniture,Furnishings,Whiteboard,5,397.28,1889.23,0.049,420.69,Standard,Credit Card,4.1,5,No
ORD100756,2023-01-08,CUST01530,Consumer,West,Gujarat,Office Supplies,Binders,Document Folder,2,159.49,296.39,0.071,46.01,Standard,UPI,4.5,5,No
ORD100595,2025-04-05,CUST01141,Consumer,West,Goa,Technology,Phones,Smartphone A,4,1161.46,4436.56,0.099,746.53,Express,UPI,4.2,2,No
ORD101980,2025-09-06,CUST01502,Corporate,North,Haryana,Office Supplies,Storage,Organizer,1,116.51,86.59,0.257,12.29,Express,Net Banking,4.6,3,No
ORD100652,2024-07-13,CUST01251,Corporate,North,Haryana,Office Supplies,Paper,Premium Paper,5,158.33,663.98,0.161,144.04,Same Day,Credit Card,3.5,2,No
ORD100872,2025-02-17,CUST01059,Consumer,South,Andhra Pradesh,Technology,Accessories,USB Hub,1,497.7,312.09,0.373,56.24,Express,UPI,4.5,2,No
ORD102640,2024-12-14,CUST01194,Small Business,North,Delhi,Office Supplies,Paper,Notebooks,1,589.63,507.39,0.271,70.01,Express,UPI,4.8,2,No
ORD100979,2025-10-16,CUST01579,Consumer,East,Bihar,Technology,Printers,Laser Printer,6,778.3,4718.79,0.144,651.13,Standard,UPI,3.7,8,No
ORD100701,2024-08-21,CUST01361,Corporate,South,Karnataka,Office Supplies,Binders,File Folder,2,136.27,246.37,0.096,57.86,Express,UPI,4.8,1,Yes
ORD102745,2024-10-03,CUST01387,Small Business,North,,Office Supplies,Paper,A4 Paper,2,116.42,233.63,0.15,46.57,Express,UPI,4.2,4,No
ORD101738,2023-11-24,CUST01332,Consumer,East,West Bengal,Office Supplies,Paper,Notebooks,8,626.62,5129.21,0.133,1310.65,Standard,Net Banking,3.6,8,No
ORD101085,2023-02-11,CUST01391,Consumer,West,Maharashtra,Furniture,Chairs,Visitor Chair,4,802.89,2320.42,0.277,285.24,Standard,COD,3.4,3,No
ORD101731,2024-06-26,CUST01255,Consumer,South,Andhra Pradesh,Furniture,Tables,Conference Table,5,500.57,2228.87,0.109,457.39,Standard,Credit Card,3.9,3,No
ORD100300,2023-12-12,CUST01509,Consumer,East,West Bengal,Office Supplies,Binders,Ring Binder,3,155.74,522.79,0.052,147.6,Standard,Credit Card,3.8,6,No
ORD100081,2024-08-18,CUST01561,Small Business,North,Uttar Pradesh,Technology,Printers,Inkjet Printer,1,506.67,413.76,0.183,30.87,Standard,UPI,3.0,9,No
ORD100033,2024-04-25,CUST01268,Consumer,South,Telangana,Technology,Printers,Inkjet Printer,1,878.82,881.99,0.053,85.08,Express,Net Banking,4.8,3,No
ORD100247,2024-05-03,CUST01267,Small Business,West,Goa,Furniture,Bookcases,Metal Bookcase,4,430.42,1341.29,0.265,106.9,Express,UPI,4.2,2,No
ORD102543,2025-05-15,CUST01283,Small Business,West,Gujarat,Furniture,Furnishings,Whiteboard,4,207.21,758.51,0.137,73.21,Standard,Credit Card,3.9,4,Yes
ORD102721,2024-05-18,CUST01279,Corporate,South,Karnataka,Technology,Laptops,Business Laptop,2,376.82,646.84,0.19,45.63,Standard,Credit Card,3.8,3,No
ORD102297,2024-03-17,CUST01150,Consumer,South,Telangana,Technology,Phones,Smartphone B,10,873.98,8777.54,0.053,697.59,Same Day,Net Banking,5.0,1,No
ORD100440,2025-10-01,CUST01444,Corporate,North,Delhi,Technology,Phones,Smartphone B,9,435.22,3505.32,0.242,526.14,Standard,UPI,3.6,6,No
ORD102087,2024-08-03,CUST01516,Consumer,North,Punjab,Office Supplies,Binders,Ring Binder,3,137.43,369.15,0.105,89.65,Standard,,4.2,4,No
ORD102838,2025-04-21,CUST01185,Small Business,West,Rajasthan,Furniture,Chairs,Ergonomic Chair,4,358.56,1491.09,0.019,314.86,Express,Credit Card,4.7,1,No
ORD100369,2025-05-18,CUST01219,Small Business,South,Andhra Pradesh,Technology,Laptops,Business Laptop,1,982.41,929.29,0.108,187.35,Standard,Net Banking,4.1,8,Yes
ORD102749,2024-10-02,CUST01581,Corporate,North,Delhi,Furniture,Bookcases,Wooden Bookcase,1,276.72,302.4,0.074,46.99,Same Day,UPI,4.4,1,No
ORD102141,2024-03-02,CUST01350,Small Business,South,Karnataka,Technology,Phones,Smartphone B,3,933.44,2305.42,0.223,61.64,Same Day,UPI,4.6,1,No
ORD101991,2023-07-07,CUST01523,Small Business,East,West Bengal,Office Supplies,Stationery,Markers,3,271.97,596.27,0.269,118.5,Standard,COD,3.7,8,No
ORD102739,2025-03-16,CUST01463,Consumer,South,Telangana,Furniture,Furnishings,Whiteboard,6,444.27,2325.24,0.177,358.41,Express,COD,5.0,1,No
ORD101627,2024-08-25,CUST01445,Corporate,South,Andhra Pradesh,Furniture,Bookcases,Wooden Bookcase,4,757.69,2254.44,0.256,381.47,Standard,UPI,4.4,4,No
ORD100322,2023-05-28,CUST01158,Consumer,South,Tamil Nadu,Furniture,Furnishings,Curtains,1,1219.59,1029.18,0.204,101.57,Standard,Net Banking,3.9,3,No
ORD100745,2023-07-28,CUST01288,Consumer,South,Karnataka,Technology,Printers,Inkjet Printer,5,318.58,1158.44,0.273,44.08,Standard,UPI,3.6,6,No
ORD101221,2023-01-12,CUST01460,Corporate,West,Goa,Office Supplies,Storage,Storage Box,2,439.29,688.15,0.217,183.46,Standard,Credit Card,4.9,4,No
ORD101134,2024-07-03,CUST01154,Small Business,East,Jharkhand,Technology,Printers,Laser Printer,6,508.36,2579.07,0.154,279.17,Standard,Net Banking,,3,No
ORD100142,2024-06-16,CUST01328,Corporate,East,Bihar,Technology,Printers,Laser Printer,1,500.86,339.79,0.322,39.67,Express,Credit Card,4.4,2,No
ORD100412,2023-07-14,CUST01573,Small Business,West,Goa,Technology,Laptops,Laptop Air,4,680.71,2045.77,0.249,154.9,Standard,COD,4.6,3,No
ORD101323,2024-12-09,CUST01568,Consumer,West,Gujarat,Furniture,Bookcases,Wooden Bookcase,7,437.16,2977.75,0.175,432.2,Standard,Credit Card,3.4,8,No
ORD100760,2025-03-21,CUST01238,Corporate,West,Gujarat,Office Supplies,Binders,File Folder,3,142.18,373.42,0.174,57.32,Express,UPI,4.5,1,No
ORD102058,2024-10-30,CUST01229,Corporate,South,Telangana,Furniture,Bookcases,Metal Bookcase,2,191.65,320.84,0.291,12.23,Standard,UPI,3.3,4,No
ORD102113,2023-12-09,CUST01103,Consumer,West,Goa,Furniture,Tables,Conference Table,2,348.35,766.33,0.068,207.44,Standard,UPI,4.4,3,No
ORD100830,2025-11-05,CUST01359,Consumer,West,Goa,Technology,Accessories,USB Hub,2,542.03,1165.2,0.089,191.7,Standard,UPI,3.0,7,No
ORD100806,2024-03-12,CUST01087,Corporate,West,Rajasthan,Technology,Laptops,Laptop Pro,2,1060.76,1819.79,0.191,228.01,Express,Credit Card,5.0,1,No
ORD102753,2025-06-27,CUST01321,Consumer,East,Jharkhand,Technology,Phones,Smartphone B,2,1355.73,2360.2,0.13,271.26,Standard,Credit Card,4.0,4,No
ORD101111,2023-02-17,CUST01589,Corporate,East,West Bengal,Technology,Accessories,Wireless Mouse,4,680.23,2296.75,0.156,426.98,Standard,UPI,4.4,5,No
ORD100868,2024-04-07,CUST01359,Small Business,West,Maharashtra,Office Supplies,Paper,Premium Paper,1,392.77,384.62,0.076,91.76,Standard,Net Banking,5.0,3,No
ORD100178,2025-09-10,CUST01509,Consumer,East,Jharkhand,Technology,Accessories,Headset,2,1017.11,1439.17,0.293,1.98,Same Day,Credit Card,4.4,2,No
ORD100766,2024-11-14,CUST01047,Consumer,North,Delhi,Office Supplies,Stationery,Labels,2,169.62,279.67,0.301,41.97,Standard,UPI,3.2,7,No
ORD101672,2023-05-16,CUST01014,Corporate,South,Andhra Pradesh,Office Supplies,Storage,Filing Cabinet,4,356.56,1157.17,0.235,278.35,Standard,COD,4.8,4,No
ORD101657,2024-02-02,CUST01432,Corporate,East,Odisha,Technology,Phones,Smartphone B,1,643.41,2169.01,0.04,356.33,Standard,COD,3.4,7,No
ORD101433,2023-11-08,CUST01247,Corporate,South,Tamil Nadu,Technology,Laptops,Business Laptop,2,305.77,566.04,0.216,66.4,Standard,Credit Card,4.2,4,No
ORD102155,2025-01-06,CUST01269,Small Business,East,West Bengal,Furniture,Chairs,Visitor Chair,4,371.34,1182.74,0.204,195.5,Standard,Credit Card,3.7,6,No
ORD102781,2024-08-21,CUST01375,Consumer,East,Bihar,Office Supplies,Binders,Ring Binder,3,233.0,554.07,0.207,122.85,Standard,UPI,3.1,7,No
ORD100464,2025-12-01,CUST01529,Corporate,North,Uttar Pradesh,Furniture,Furnishings,Desk Lamp,1,798.01,822.0,0.127,229.63,Same Day,Net Banking,4.7,1,No
ORD101331,2023-04-11,CUST01015,Consumer,East,Jharkhand,Office Supplies,Storage,Organizer,1,151.15,134.62,0.16,30.09,Standard,Credit Card,4.1,5,No
ORD102188,2025-01-24,CUST01514,Consumer,West,Goa,Technology,Accessories,Wireless Mouse,7,488.74,3277.3,0.042,587.71,Standard,Credit Card,4.1,4,No
ORD102281,2023-01-27,CUST01025,Consumer,South,Andhra Pradesh,Technology,Printers,Laser Printer,3,1269.08,3225.9,0.153,255.72,Express,UPI,3.9,3,No
ORD100606,2024-08-12,CUST01174,Corporate,West,Gujarat,Office Supplies,Paper,A4 Paper,3,384.88,1010.65,0.125,160.33,Standard,UPI,3.4,7,No
ORD102457,2025-06-11,CUST01119,Corporate,East,Odisha,Furniture,Chairs,Ergonomic Chair,3,695.14,5762.77,0.129,1407.38,Standard,UPI,3.3,9,No
ORD101577,2023-07-29,CUST01543,Corporate,West,Goa,Technology,Phones,Smartphone B,10,909.44,8023.5,0.118,466.6,Standard,Credit Card,2.4,7,No
ORD100927,2024-09-15,CUST01249,Corporate,South,Andhra Pradesh,Office Supplies,Storage,Storage Box,1,144.68,96.66,0.332,9.06,Standard,Credit Card,4.7,5,No
ORD102931,2023-09-26,CUST01561,Consumer,North,Delhi,Technology,Accessories,USB Hub,1,557.35,540.87,0.03,78.96,Standard,UPI,3.9,6,No
ORD101713,2025-02-05,CUST01247,Corporate,South,Karnataka,Technology,Phones,Smartphone C,5,901.7,3470.82,0.23,271.86,Standard,UPI,3.5,6,No
ORD100163,2025-08-31,CUST01381,Corporate,West,Gujarat,Technology,Laptops,Laptop Pro,3,748.44,1945.79,0.133,249.22,Standard,Credit Card,3.8,4,No
ORD100558,2025-04-22,CUST01391,Consumer,West,Goa,Office Supplies,Storage,Storage Box,3,254.58,710.06,0.123,221.72,Standard,UPI,3.8,8,No
ORD101362,2023-06-02,CUST01525,Corporate,North,Delhi,Office Supplies,Storage,Organizer,4,350.38,1301.91,0.071,411.03,Standard,UPI,3.4,4,No
ORD101303,2024-01-14,CUST01473,Consumer,South,Andhra Pradesh,Office Supplies,Binders,Ring Binder,5,171.29,794.07,0.073,187.75,Standard,Credit Card,4.8,4,No
ORD100870,2024-07-26,CUST01010,Corporate,East,Jharkhand,Furniture,Bookcases,Metal Bookcase,4,184.24,623.09,0.154,108.59,Same Day,Net Banking,4.9,2,No
ORD102442,2024-01-31,CUST01349,Consumer,South,Karnataka,Furniture,Chairs,Office Chair,1,566.28,542.93,0.041,170.65,Express,UPI,5.0,1,No
ORD102016,2023-04-04,CUST01497,Corporate,North,Haryana,Office Supplies,Storage,Filing Cabinet,8,143.95,912.87,0.252,131.09,Express,COD,4.3,3,No
ORD100031,2023-06-12,CUST01457,Consumer,South,Andhra Pradesh,Furniture,Bookcases,Wooden Bookcase,3,575.82,1226.26,0.29,90.46,Standard,Net Banking,4.2,3,No
ORD100534,2024-01-21,CUST01323,Corporate,South,Telangana,Office Supplies,Stationery,Stapler,3,310.66,784.53,0.158,112.25,Express,UPI,3.9,2,Yes
ORD102267,2025-04-18,CUST01092,Small Business,North,Delhi,Furniture,Tables,Work Desk,6,563.16,3445.27,0.038,912.33,Standard,Credit Card,3.9,8,No
ORD100174,2025-11-07,CUST01275,Corporate,East,West Bengal,Technology,Phones,Smartphone C,2,833.29,1684.24,,174.46,Same Day,Credit Card,4.2,2,No
ORD101872,2025-05-13,CUST01596,Small Business,North,Uttar Pradesh,Office Supplies,Binders,File Folder,2,86.72,142.2,0.226,26.73,Express,Credit Card,4.6,2,No
ORD100297,2024-06-19,CUST01153,Small Business,North,Haryana,Office Supplies,Storage,Filing Cabinet,2,657.94,1213.82,0.078,287.88,Express,Net Banking,4.2,3,No
ORD102551,2025-07-26,CUST01500,Consumer,North,Haryana,Furniture,Chairs,Office Chair,2,388.46,697.22,0.103,125.89,Express,UPI,4.8,3,No
ORD102329,2024-08-16,CUST01572,Corporate,South,Karnataka,Technology,Printers,Laser Printer,2,764.95,1407.3,0.08,116.77,Standard,UPI,3.3,8,No
ORD101870,2024-12-21,CUST01359,Corporate,South,Tamil Nadu,Furniture,Furnishings,Curtains,1,327.81,329.89,0.147,44.29,Standard,UPI,5.0,3,No
ORD101048,2023-09-18,CUST01324,Consumer,North,Uttar Pradesh,Furniture,Chairs,Visitor Chair,4,285.39,1105.49,0.032,216.74,Standard,UPI,3.7,8,No
ORD100450,2024-05-26,CUST01311,Corporate,West,Maharashtra,Furniture,Tables,Study Table,10,227.92,2094.56,0.133,443.59,Standard,UPI,3.6,7,No
ORD101861,2025-11-22,CUST01429,Consumer,North,Haryana,Furniture,Chairs,Office Chair,4,438.39,1736.29,0.161,391.64,Standard,UPI,4.8,4,No
ORD101996,2025-02-03,CUST01421,Consumer,East,West Bengal,Technology,Printers,Laser Printer,4,1013.43,3513.94,0.133,481.28,Standard,UPI,4.1,5,No
ORD102866,2025-05-21,CUST01581,Consumer,East,Jharkhand,Office Supplies,Binders,Document Folder,3,140.46,414.22,0.073,112.56,Standard,Net Banking,3.3,8,No
ORD101937,2024-11-27,CUST01371,Corporate,South,Tamil Nadu,Furniture,Bookcases,Wooden Bookcase,1,439.66,433.8,0.164,60.71,Standard,COD,3.2,6,No
ORD101106,2024-06-25,CUST01513,Corporate,West,Gujarat,Office Supplies,Stationery,Markers,1,69.11,47.83,0.308,3.79,Standard,Credit Card,3.9,3,No
ORD102252,2023-07-12,CUST01343,Consumer,North,Uttar Pradesh,Technology,Accessories,Keyboard,1,813.31,756.84,0.069,126.16,Standard,Credit Card,3.1,8,No
ORD100074,2025-05-23,CUST01124,Corporate,East,Odisha,Office Supplies,Storage,Organizer,5,130.02,455.21,0.339,65.54,Standard,UPI,3.6,7,No
ORD101641,2023-01-10,CUST01532,Corporate,South,Karnataka,Office Supplies,Stationery,Stapler,5,408.22,1878.35,0.08,466.85,Standard,UPI,3.5,8,No
ORD102826,2023-09-21,CUST01538,Small Business,North,Punjab,Technology,Accessories,Wireless Mouse,4,1248.63,4820.89,0.035,953.31,Standard,UPI,3.4,7,No
ORD101732,2024-03-01,CUST01005,Consumer,North,Delhi,Technology,Phones,Smartphone A,3,1423.05,4381.18,0.032,733.93,Express,COD,5.0,1,No
ORD100451,2024-08-13,CUST01061,Corporate,South,Tamil Nadu,Furniture,Furnishings,Curtains,5,529.37,2284.6,0.137,487.43,Standard,Net Banking,3.4,5,No
ORD101209,2025-05-14,CUST01320,Small Business,West,Maharashtra,Technology,Laptops,Laptop Air,8,588.68,4439.25,0.111,280.37,Standard,Credit Card,3.2,8,No
ORD101587,2024-10-18,CUST01570,Consumer,East,Jharkhand,Furniture,Furnishings,Curtains,5,385.29,1881.76,0.172,415.84,Standard,UPI,4.0,3,No
ORD101024,2025-01-29,CUST01232,Small Business,East,Bihar,Technology,Phones,Smartphone B,7,895.69,5244.52,0.164,434.53,Standard,Credit Card,3.1,6,No
ORD101033,2023-12-11,CUST01134,Small Business,North,Delhi,Office Supplies,Storage,Filing Cabinet,3,304.24,959.07,0.109,173.25,Standard,UPI,4.2,5,No
ORD102862,2023-09-18,CUST01400,Consumer,West,Goa,Furniture,Furnishings,Desk Lamp,2,545.32,1041.12,0.045,289.45,Standard,COD,3.0,5,No
ORD102973,2025-10-03,CUST01231,Corporate,North,Haryana,Office Supplies,Binders,Document Folder,8,279.11,2336.0,0.113,524.64,Standard,UPI,3.5,8,No
ORD101625,2025-03-13,CUST01023,Small Business,West,Gujarat,Furniture,Bookcases,Wooden Bookcase,2,978.96,1370.88,0.339,179.08,Same Day,COD,5.0,1,No
ORD102249,2024-12-31,CUST01474,Small Business,East,Bihar,Office Supplies,Storage,Organizer,2,112.75,236.85,0.11,42.09,Standard,COD,3.5,7,No
ORD101049,2023-08-04,CUST01247,Corporate,West,Goa,Office Supplies,Stationery,Pens,7,309.85,1788.53,0.175,391.96,Standard,UPI,,5,No
ORD100536,2025-04-03,CUST01181,Consumer,East,West Bengal,Office Supplies,Paper,A4 Paper,6,165.0,765.31,0.271,194.05,Standard,UPI,3.7,7,No
ORD101175,2024-04-08,CUST01053,Consumer,West,Goa,Office Supplies,Binders,Ring Binder,2,142.25,221.49,0.266,46.59,Standard,UPI,3.9,4,No
ORD101841,2023-06-16,CUST01146,Consumer,North,Uttar Pradesh,Technology,Printers,Laser Printer,4,694.19,2595.76,0.065,763.43,Express,Credit Card,4.5,2,Yes
ORD100325,2023-05-17,CUST01095,Corporate,North,Haryana,Technology,Laptops,Laptop Air,1,454.92,464.46,0.037,58.69,Standard,UPI,4.6,6,No
ORD101104,2023-06-03,CUST01366,Corporate,North,Uttar Pradesh,Technology,Laptops,Business Laptop,5,545.7,2330.07,0.146,79.02,Same Day,UPI,4.7,2,No
ORD101652,2024-06-07,CUST01478,Small Business,West,Goa,Office Supplies,Stationery,Labels,2,218.91,386.17,0.118,76.58,Standard,UPI,3.7,4,No
ORD101346,2023-05-08,CUST01078,Consumer,North,Uttar Pradesh,Technology,Laptops,Laptop Pro,1,1385.0,1180.05,0.196,106.04,Same Day,UPI,4.4,1,Yes
ORD102727,2023-10-15,CUST01177,Corporate,North,Haryana,Office Supplies,Stationery,Markers,1,94.52,96.91,0.131,16.93,Same Day,UPI,3.9,1,No
ORD102109,2024-12-15,CUST01383,Consumer,West,Goa,Furniture,Furnishings,Whiteboard,3,451.56,1537.39,0.038,364.01,Express,COD,4.6,1,No
ORD100344,2024-12-16,CUST01403,Small Business,North,Uttar Pradesh,Office Supplies,Binders,File Folder,3,309.18,911.83,0.167,151.31,Express,UPI,4.3,1,No
ORD100507,2025-09-11,CUST01238,Small Business,South,Tamil Nadu,Furniture,Furnishings,Desk Lamp,3,528.1,1284.91,0.189,93.75,Standard,COD,4.6,5,No
ORD101711,2025-01-18,CUST01115,Consumer,North,Punjab,Furniture,Bookcases,Wooden Bookcase,3,397.98,1039.83,0.129,114.45,Express,Credit Card,3.7,3,No
ORD100240,2023-11-20,CUST01299,Consumer,East,Bihar,Furniture,Tables,Work Desk,4,397.68,1489.68,0.206,148.9,Standard,Credit Card,3.0,8,No
ORD100848,2025-10-12,CUST01159,Corporate,North,Uttar Pradesh,Office Supplies,Storage,Organizer,3,319.74,857.07,0.243,147.18,Standard,UPI,3.3,6,No
ORD101913,2023-10-18,CUST01048,Consumer,East,Odisha,Furniture,Tables,Conference Table,3,484.22,1417.63,0.173,193.98,Standard,Net Banking,3.0,6,Yes
ORD102585,2023-04-03,CUST01486,Corporate,South,Andhra Pradesh,Furniture,Tables,Study Table,4,502.68,1713.16,0.196,271.37,Standard,UPI,3.2,7,No
ORD100788,2025-11-12,CUST01183,Small Business,North,Haryana,Technology,Phones,Smartphone C,7,1260.21,9556.59,0.082,1912.11,Standard,COD,3.4,8,No
ORD101235,2025-02-04,CUST01513,Corporate,West,Maharashtra,Technology,Phones,Smartphone C,8,712.48,2573.77,0.548,-201.36,Standard,UPI,4.2,3,No
ORD102097,2025-01-13,CUST01541,Small Business,South,Telangana,Office Supplies,Paper,A4 Paper,3,180.96,440.22,0.189,74.45,Standard,Net Banking,3.9,7,No
ORD102666,2024-06-03,CUST01550,Corporate,South,Tamil Nadu,Technology,Printers,Inkjet Printer,1,167.04,147.31,0.118,13.28,Express,UPI,4.0,1,No
ORD100820,2025-02-01,CUST01189,Corporate,West,Gujarat,Office Supplies,Binders,File Folder,6,370.67,1738.32,0.218,161.4,Express,Credit Card,4.7,1,No
ORD100355,2025-11-01,CUST01390,Consumer,East,West Bengal,Office Supplies,Binders,File Folder,1,267.81,267.37,0.154,61.3,Express,COD,5.0,1,No
ORD101554,2025-09-06,CUST01161,Corporate,North,Uttar Pradesh,Furniture,Tables,Study Table,4,991.2,3283.97,,298.95,Same Day,Credit Card,4.1,2,No
ORD100963,2025-11-13,CUST01320,Corporate,West,Gujarat,Office Supplies,Paper,A4 Paper,5,178.42,898.83,0.146,154.33,Standard,UPI,3.3,6,No
ORD102427,2023-11-22,CUST01252,Consumer,East,Jharkhand,Furniture,Chairs,Visitor Chair,4,1040.04,4745.7,0.033,917.79,Standard,Credit Card,2.9,8,No
ORD100431,2025-01-26,CUST01277,Consumer,West,Goa,Office Supplies,Storage,Filing Cabinet,3,339.66,862.86,0.153,160.12,Express,UPI,5.0,1,No
ORD101766,2023-09-09,CUST01126,Corporate,North,Delhi,Technology,Laptops,Laptop Air,3,565.02,1528.03,0.099,222.27,Express,UPI,4.3,4,No
ORD100790,2023-12-27,CUST01328,Corporate,South,Telangana,Office Supplies,Binders,Ring Binder,4,144.99,549.54,0.197,116.04,Express,UPI,4.7,2,No
ORD100706,2025-05-08,CUST01231,Small Business,West,Gujarat,Office Supplies,Storage,Organizer,2,300.15,553.55,0.13,140.55,Standard,UPI,3.0,7,No
ORD100533,2024-08-26,CUST01345,Consumer,North,Uttar Pradesh,Technology,Printers,Laser Printer,1,458.04,391.08,0.146,41.68,Standard,UPI,4.2,4,No
ORD100565,2024-02-27,CUST01109,Small Business,East,Odisha,Furniture,Chairs,Visitor Chair,5,457.96,1743.99,0.238,256.36,Standard,COD,3.4,7,Yes
ORD101473,2024-11-19,CUST01326,Consumer,West,Gujarat,Technology,Printers,Inkjet Printer,6,801.87,5515.46,0.028,999.84,Standard,Credit Card,3.0,5,No
ORD100890,2025-01-30,CUST01470,Consumer,West,Maharashtra,Technology,Accessories,Keyboard,9,1166.37,9571.76,,1217.97,Standard,Credit Card,4.0,4,No
ORD102898,2023-01-07,CUST01020,Corporate,South,Karnataka,Technology,Accessories,Keyboard,4,380.58,1181.81,0.224,38.07,Standard,COD,3.6,5,No
ORD100888,2025-07-23,CUST01387,Consumer,West,Gujarat,Furniture,Chairs,Visitor Chair,3,779.16,2184.94,0.065,374.99,Standard,Net Banking,3.3,6,No
ORD102376,2025-11-26,CUST01223,Consumer,North,Uttar Pradesh,Office Supplies,Storage,Organizer,1,147.24,135.08,0.223,12.63,Standard,Credit Card,3.2,7,No
ORD102698,2025-03-22,CUST01369,Small Business,West,Rajasthan,Technology,Laptops,Laptop Air,1,233.66,208.43,0.158,26.23,Express,Net Banking,4.3,3,No
ORD102320,2024-01-06,CUST01244,Consumer,East,Odisha,Furniture,Bookcases,Metal Bookcase,6,240.48,1280.19,0.113,230.45,Express,COD,4.2,2,No
ORD101174,2025-07-19,CUST01203,Consumer,West,Rajasthan,Technology,Printers,Inkjet Printer,5,838.58,2746.91,0.345,18.23,Express,COD,4.1,1,No
ORD102703,2025-08-25,CUST01536,Consumer,South,Andhra Pradesh,Technology,Accessories,Headset,9,961.93,6439.9,0.256,-2.69,Standard,UPI,3.8,7,No
ORD100109,2024-10-03,CUST01445,Consumer,North,Uttar Pradesh,Furniture,Chairs,Visitor Chair,3,326.94,1102.32,0.048,240.0,Standard,Credit Card,4.1,7,Yes
ORD101722,2024-08-15,CUST01423,Consumer,West,Goa,Furniture,Furnishings,Whiteboard,1,442.94,280.89,0.366,9.52,Standard,Credit Card,4.0,4,No
ORD102767,2025-11-08,CUST01048,Corporate,North,Haryana,Office Supplies,Stationery,Pens,3,139.08,438.85,0.109,114.95,Standard,Credit Card,4.3,5,No
ORD102148,2025-04-01,CUST01238,Corporate,South,Tamil Nadu,Technology,Laptops,Laptop Air,3,1018.75,3036.96,0.063,423.5,Standard,UPI,3.8,5,No
ORD100319,2025-02-10,CUST01101,Consumer,West,Maharashtra,Furniture,Furnishings,Whiteboard,2,312.86,541.38,0.135,89.99,Standard,UPI,2.8,7,Yes
ORD101056,2025-10-22,CUST01214,Consumer,North,Delhi,Technology,Printers,Laser Printer,4,981.21,4005.42,0.135,562.71,Standard,COD,3.7,4,No
ORD100696,2023-08-29,CUST01286,Corporate,North,Punjab,Furniture,Furnishings,Curtains,3,1651.41,4276.68,0.137,464.17,Standard,Credit Card,3.6,7,No
ORD100403,2024-01-30,CUST01197,Consumer,West,Gujarat,Furniture,Furnishings,Curtains,2,347.31,575.95,0.171,60.02,Standard,Credit Card,4.3,4,No
ORD101675,2024-09-19,CUST01027,Corporate,West,Gujarat,Office Supplies,Paper,Notebooks,5,304.07,1277.94,0.159,308.89,Standard,COD,2.9,8,No
ORD101432,2024-09-11,CUST01032,Consumer,North,Punjab,Furniture,Chairs,Visitor Chair,3,592.57,1445.42,0.187,97.88,Standard,Net Banking,3.4,7,No
ORD100747,2023-07-27,CUST01339,Small Business,North,Uttar Pradesh,Technology,Accessories,Wireless Mouse,7,511.4,2731.63,0.237,218.61,Express,Net Banking,4.7,2,No
ORD101911,2025-08-10,CUST01450,Consumer,North,Punjab,Technology,Printers,Inkjet Printer,2,1333.36,2408.22,0.097,502.23,Standard,COD,3.9,6,No
ORD102921,2025-07-09,CUST01592,Consumer,West,Maharashtra,Technology,Phones,Smartphone A,2,818.19,1595.69,0.025,209.59,Standard,UPI,3.1,7,No
ORD101466,2024-08-27,CUST01326,Consumer,North,Punjab,Furniture,Bookcases,Wooden Bookcase,7,320.92,1404.96,0.375,115.29,Same Day,UPI,4.4,1,Yes
ORD102246,2024-08-23,CUST01159,Consumer,North,Delhi,Furniture,Bookcases,Metal Bookcase,6,377.7,1668.36,0.264,227.36,Standard,UPI,3.7,7,No
ORD100786,2024-03-31,CUST01042,Corporate,South,Tamil Nadu,Office Supplies,Stationery,Labels,2,335.39,634.71,0.107,116.89,Same Day,UPI,5.0,1,No
ORD100813,2025-05-27,CUST01378,Corporate,East,Odisha,Office Supplies,Storage,Organizer,1,369.47,266.33,0.32,29.24,Standard,UPI,,3,No
ORD102250,2025-06-03,CUST01424,Small Business,West,Rajasthan,Technology,Phones,Smartphone A,4,609.47,2124.9,0.128,364.21,Express,Credit Card,5.0,1,No
ORD102203,2024-03-23,CUST01299,Corporate,South,Tamil Nadu,Office Supplies,Stationery,Markers,6,133.9,763.85,0.103,228.21,Standard,UPI,3.6,8,No
ORD100472,2025-08-01,CUST01049,Corporate,South,Andhra Pradesh,Office Supplies,Storage,Organizer,1,179.96,135.92,0.245,18.28,Standard,COD,3.8,3,No
ORD101100,2024-12-06,CUST01483,Consumer,East,Odisha,Technology,Laptops,Business Laptop,4,736.93,2771.83,0.203,85.62,Standard,UPI,4.2,3,No
ORD102401,2025-07-19,CUST01369,Small Business,South,Tamil Nadu,Technology,Accessories,Headset,5,666.81,2458.57,0.263,226.64,Standard,COD,5.0,3,Yes
ORD100434,2023-06-08,CUST01511,Consumer,East,,Furniture,Bookcases,Metal Bookcase,1,1272.96,1107.08,0.13,167.65,Standard,UPI,2.9,8,No
ORD102792,2025-04-25,CUST01212,Consumer,North,Uttar Pradesh,Technology,Laptops,Business Laptop,2,722.58,1441.74,0.059,260.93,Standard,Net Banking,4.0,8,No
ORD101804,2025-10-29,CUST01544,Corporate,West,Goa,Office Supplies,Paper,Notebooks,2,160.29,344.69,0.089,92.49,Express,Credit Card,4.5,1,No
ORD100071,2024-08-01,CUST01403,Consumer,East,West Bengal,Furniture,Furnishings,Desk Lamp,1,418.33,370.35,0.115,66.64,Standard,UPI,4.4,5,No
ORD102417,2025-09-22,CUST01158,Corporate,North,Haryana,Furniture,Furnishings,Desk Lamp,6,272.49,1518.85,0.071,281.28,Standard,COD,3.8,8,Yes
ORD101437,2024-02-12,CUST01465,Consumer,West,Gujarat,Furniture,Furnishings,Desk Lamp,4,309.49,669.99,0.459,-48.5,Standard,UPI,3.9,8,No
ORD101736,2023-02-22,CUST01120,Consumer,South,Andhra Pradesh,Office Supplies,Binders,Document Folder,3,84.54,188.25,0.258,31.99,Same Day,UPI,,1,No
ORD100057,2023-10-09,CUST01169,Corporate,South,Andhra Pradesh,Office Supplies,Binders,File Folder,5,253.87,1326.16,0.115,424.43,Same Day,Credit Card,4.6,1,No
ORD101629,2025-01-31,CUST01273,Small Business,South,Karnataka,Office Supplies,Stationery,Stapler,4,239.98,841.24,0.124,196.19,Standard,UPI,3.4,4,No
ORD100880,2025-09-21,CUST01276,Consumer,West,,Office Supplies,Stationery,Pens,1,79.65,65.14,0.182,10.09,Standard,UPI,2.8,8,No
ORD102351,2023-01-21,CUST01492,Small Business,South,Tamil Nadu,Office Supplies,Paper,Premium Paper,1,720.07,591.93,0.178,57.76,Standard,UPI,4.0,4,No
ORD101211,2023-03-11,CUST01501,Small Business,East,West Bengal,Furniture,Tables,Work Desk,1,247.32,234.08,0.107,39.62,Same Day,COD,4.9,1,No
ORD101868,2024-11-20,CUST01019,Consumer,East,Bihar,Office Supplies,Binders,Ring Binder,2,182.72,340.21,0.211,39.09,Standard,Net Banking,4.3,4,No
ORD102561,2024-03-26,CUST01353,Corporate,North,Delhi,Office Supplies,Paper,Notebooks,6,160.65,852.1,0.166,145.91,Express,COD,3.4,3,No
ORD100310,2024-12-15,CUST01404,Consumer,South,Andhra Pradesh,Office Supplies,Paper,Premium Paper,1,111.88,115.1,,20.03,Standard,Net Banking,3.9,5,No
ORD102319,2023-10-29,CUST01123,Corporate,East,West Bengal,Office Supplies,Stationery,Labels,3,138.84,369.52,0.248,32.05,Standard,UPI,3.4,6,No
ORD101337,2023-01-18,CUST01573,Corporate,South,Karnataka,Furniture,Furnishings,Whiteboard,2,833.77,1313.52,0.212,124.46,Standard,Credit Card,4.0,7,No
ORD101338,2025-02-23,CUST01219,Small Business,North,Haryana,Furniture,Chairs,Visitor Chair,2,204.66,385.44,0.058,112.69,Standard,Credit Card,3.9,5,No
ORD100622,2023-08-17,CUST01228,Corporate,South,Karnataka,Office Supplies,Binders,Ring Binder,4,65.41,250.51,0.043,59.71,Same Day,COD,3.8,1,No
ORD101201,2024-07-30,CUST01184,Corporate,South,Tamil Nadu,Technology,Laptops,Business Laptop,3,1086.1,2768.45,0.15,244.12,Same Day,UPI,4.6,1,No
ORD100394,2023-03-13,CUST01106,Small Business,East,Jharkhand,Furniture,Furnishings,Whiteboard,2,600.08,865.9,0.319,26.11,Standard,UPI,4.5,4,No
ORD102752,2024-04-23,CUST01453,Small Business,West,Rajasthan,Technology,Phones,Smartphone B,1,517.68,485.66,0.115,58.19,Express,UPI,5.0,1,No
ORD102023,2025-10-15,CUST01327,Consumer,West,Goa,Furniture,Chairs,Ergonomic Chair,4,231.46,1062.62,0.027,204.83,Express,UPI,5.0,1,No
ORD101611,2024-10-25,CUST01079,Consumer,East,Jharkhand,Office Supplies,Storage,Organizer,2,85.45,163.17,0.191,37.98,Standard,Net Banking,3.4,6,No
ORD101831,2024-03-05,CUST01372,Corporate,East,Odisha,Office Supplies,Paper,Premium Paper,4,108.46,362.8,0.211,76.6,Standard,Credit Card,4.5,4,No
ORD102108,2025-06-15,CUST01351,Small Business,East,Jharkhand,Office Supplies,Paper,A4 Paper,3,524.89,1385.09,0.12,385.64,Standard,COD,4.7,3,No
ORD102176,2024-04-19,CUST01043,Corporate,North,Delhi,Office Supplies,Stationery,Pens,2,81.39,141.09,0.182,21.76,Standard,Net Banking,3.9,6,No
ORD100643,2023-02-05,CUST01291,Consumer,East,Bihar,Office Supplies,Stationery,Labels,1,102.23,83.22,0.186,17.79,Standard,UPI,4.4,4,No
ORD100573,2024-09-28,CUST01267,Corporate,West,Maharashtra,Office Supplies,Binders,File Folder,4,336.3,1285.55,0.044,321.56,Standard,Net Banking,4.1,4,No
ORD101475,2024-07-17,CUST01237,Consumer,South,Tamil Nadu,Technology,Printers,Inkjet Printer,1,602.69,528.06,0.124,46.94,Standard,UPI,3.3,7,No
ORD101843,2024-01-16,CUST01340,Consumer,East,Jharkhand,Office Supplies,Binders,Ring Binder,8,305.13,1752.87,0.282,240.76,Express,Credit Card,4.3,1,No
ORD100556,2023-05-22,CUST01144,Corporate,North,Haryana,Furniture,Chairs,Visitor Chair,3,389.04,3682.25,0.09,810.28,Same Day,Credit Card,4.4,2,No
ORD102182,2024-07-08,CUST01217,Consumer,South,Andhra Pradesh,Office Supplies,Paper,Premium Paper,4,487.03,1117.2,0.427,119.83,Standard,UPI,3.4,8,No
ORD102321,2024-12-13,CUST01301,Small Business,North,Delhi,Technology,Printers,Laser Printer,6,267.93,1610.56,0.151,169.16,Standard,COD,4.1,3,No
ORD101796,2024-01-23,CUST01171,Consumer,West,Gujarat,Office Supplies,Stationery,Markers,1,97.65,88.2,0.097,22.67,Standard,UPI,3.2,8,No
ORD102642,2024-03-20,CUST01457,Small Business,North,Uttar Pradesh,Technology,Laptops,Business Laptop,4,258.83,1041.25,,142.32,Standard,UPI,3.4,6,No
ORD101581,2024-07-19,CUST01558,Consumer,North,Uttar Pradesh,Technology,Accessories,Keyboard,2,401.95,739.38,0.08,160.5,Standard,UPI,3.5,4,No
ORD102423,2025-06-16,CUST01459,Corporate,North,Delhi,Office Supplies,Binders,File Folder,4,138.45,491.06,0.113,106.33,Standard,Credit Card,3.8,7,No
ORD100121,2024-01-05,CUST01284,Consumer,South,Karnataka,Office Supplies,Binders,Ring Binder,4,174.75,505.84,0.276,53.64,Standard,UPI,4.3,3,No
ORD101162,2025-02-14,CUST01086,Small Business,North,Haryana,Office Supplies,Binders,File Folder,4,265.34,926.94,0.127,180.46,Standard,Net Banking,3.5,7,No
ORD102633,2025-04-06,CUST01059,Consumer,North,Punjab,Technology,Laptops,Laptop Pro,2,2157.78,4439.64,0.029,644.65,Standard,Credit Card,3.0,8,No
ORD102130,2025-08-16,CUST01413,Consumer,South,Andhra Pradesh,Furniture,Bookcases,Metal Bookcase,1,506.68,471.46,0.07,116.66,Standard,UPI,4.1,3,Yes
ORD102186,2025-11-19,CUST01239,Corporate,North,Uttar Pradesh,Technology,Accessories,Headset,3,668.32,1879.41,0.206,5.53,Standard,UPI,3.1,7,No
ORD100314,2024-05-25,CUST01275,Small Business,West,Gujarat,Furniture,Bookcases,Wooden Bookcase,1,557.27,534.24,0.096,137.95,Same Day,Credit Card,4.8,1,No
ORD101781,2023-09-07,CUST01431,Consumer,West,Rajasthan,Furniture,Bookcases,Metal Bookcase,6,622.09,2116.26,0.433,104.08,Standard,Net Banking,4.0,7,Yes
ORD100234,2024-11-02,CUST01466,Consumer,North,Delhi,Office Supplies,Paper,Notebooks,4,631.02,2527.3,0.151,620.59,Same Day,UPI,4.9,1,No
ORD100512,2024-01-27,CUST01081,Consumer,West,Gujarat,Office Supplies,Paper,Premium Paper,10,102.68,877.87,0.145,185.41,Same Day,COD,5.0,1,No
ORD102805,2024-09-10,CUST01350,Corporate,East,Odisha,Furniture,Furnishings,Whiteboard,4,316.92,983.57,0.224,72.74,Standard,UPI,3.5,7,No
ORD100611,2023-11-06,CUST01165,Consumer,North,Uttar Pradesh,Technology,Phones,Smartphone C,7,1437.62,11718.47,0.013,2290.46,Standard,UPI,3.9,8,No
ORD102841,2023-07-28,CUST01104,Corporate,East,West Bengal,Technology,Phones,Smartphone A,10,227.72,1865.95,0.181,101.65,Standard,COD,4.1,5,Yes
ORD100112,2024-04-13,CUST01330,Corporate,East,Bihar,Office Supplies,Paper,Premium Paper,2,136.86,247.46,0.147,60.38,Standard,UPI,,7,No
ORD102412,2023-09-21,CUST01491,Corporate,East,West Bengal,Office Supplies,Binders,Document Folder,6,193.66,1024.56,0.118,224.83,Standard,UPI,3.7,6,No
ORD101351,2023-10-08,CUST01430,Consumer,South,Karnataka,Office Supplies,Stationery,Labels,6,71.45,448.93,0.112,107.71,Standard,UPI,3.8,8,No
ORD100411,2023-01-19,CUST01231,Consumer,North,Punjab,Furniture,Chairs,Ergonomic Chair,1,198.55,175.22,0.117,24.45,Standard,Net Banking,3.5,5,No
ORD100219,2023-09-30,CUST01559,Consumer,West,Goa,Furniture,Chairs,Ergonomic Chair,4,344.92,1009.57,0.268,65.74,Same Day,Credit Card,5.0,1,No
ORD101898,2025-06-06,CUST01257,Consumer,North,Delhi,Furniture,Chairs,Visitor Chair,3,358.07,1068.54,0.005,186.03,Express,UPI,4.8,2,No
ORD102345,2023-07-22,CUST01070,Corporate,North,Uttar Pradesh,Office Supplies,Paper,A4 Paper,9,214.93,1756.17,0.092,474.14,Express,Credit Card,4.6,3,No
ORD102847,2023-10-30,CUST01179,Consumer,North,Delhi,Furniture,Furnishings,Curtains,7,299.99,2447.05,0.012,456.94,Standard,Net Banking,4.2,6,No
ORD101240,2024-03-20,CUST01393,Consumer,North,Punjab,Furniture,Tables,Study Table,3,183.34,558.08,0.043,77.22,Standard,Credit Card,3.1,8,No
ORD100603,2024-06-25,CUST01117,Consumer,West,Gujarat,Office Supplies,Paper,Notebooks,4,213.22,694.7,,141.49,Standard,Net Banking,4.3,3,No
ORD100832,2023-02-04,CUST01017,Consumer,East,Jharkhand,Furniture,Bookcases,Wooden Bookcase,1,259.0,239.79,0.074,48.6,Standard,Net Banking,3.0,9,No
ORD102172,2025-10-01,CUST01591,Corporate,South,Karnataka,Technology,Laptops,Business Laptop,4,1639.26,6545.2,0.154,494.39,Standard,Credit Card,3.4,6,No
ORD102164,2023-09-14,CUST01296,Consumer,West,Rajasthan,Office Supplies,Binders,Ring Binder,1,107.06,66.62,0.378,9.66,Standard,UPI,4.1,4,No
ORD102331,2023-07-28,CUST01251,Consumer,North,Haryana,Office Supplies,Paper,Premium Paper,2,189.59,328.57,0.133,80.58,Standard,UPI,3.5,8,No
ORD102430,2023-01-10,CUST01589,Corporate,North,Haryana,Technology,Accessories,Wireless Mouse,1,510.95,478.35,0.064,62.46,Standard,UPI,4.1,6,No
ORD100388,2025-07-30,CUST01405,Consumer,North,Punjab,Technology,Phones,Smartphone B,2,1608.35,3164.36,0.016,659.6,Standard,UPI,3.7,7,No
ORD102688,2025-11-14,CUST01402,Consumer,South,Tamil Nadu,Technology,Accessories,USB Hub,3,1638.06,5199.66,0.103,1114.09,Standard,Credit Card,4.4,4,Yes
ORD101398,2023-05-20,CUST01444,Small Business,West,Maharashtra,Furniture,Bookcases,Metal Bookcase,7,760.34,4236.31,0.249,614.54,Standard,UPI,3.3,6,No
ORD100566,2023-01-09,CUST01162,Consumer,South,,Technology,Laptops,Laptop Air,10,591.3,5348.17,0.096,498.22,Standard,COD,3.5,6,No
ORD101124,2023-11-14,CUST01191,Corporate,South,Karnataka,Office Supplies,Storage,Storage Box,2,133.69,276.38,0.124,50.72,Standard,UPI,3.0,7,No
ORD101179,2023-06-27,CUST01404,Consumer,North,Delhi,Technology,Phones,Smartphone C,2,331.27,613.19,0.074,75.9,Standard,Credit Card,4.0,3,No
ORD101296,2025-07-02,CUST01175,Small Business,West,Maharashtra,Technology,Accessories,Wireless Mouse,3,718.01,1800.45,0.164,382.99,Express,COD,4.6,2,Yes
ORD102185,2024-12-10,CUST01481,Small Business,East,Odisha,Technology,Printers,Inkjet Printer,3,1750.58,5873.15,0.052,965.45,Same Day,Net Banking,3.8,1,Yes
ORD102810,2025-03-21,CUST01506,Small Business,East,Bihar,Furniture,Chairs,Office Chair,1,275.32,244.5,0.162,50.06,Standard,Net Banking,3.8,6,No
ORD102998,2025-03-26,CUST01359,Consumer,North,Uttar Pradesh,Technology,Phones,Smartphone A,9,916.3,7554.88,0.136,811.13,Express,Credit Card,4.7,1,No
ORD100136,2024-11-14,CUST01349,Small Business,South,Karnataka,Office Supplies,Binders,Document Folder,1,194.91,206.18,0.104,55.09,Standard,UPI,3.3,4,No
ORD101612,2025-09-30,CUST01198,Consumer,East,Jharkhand,Technology,Phones,Smartphone B,6,385.69,1903.97,0.177,134.32,Same Day,Net Banking,5.0,1,No
ORD102180,2025-11-28,CUST01029,Corporate,South,Karnataka,Furniture,Chairs,Ergonomic Chair,3,194.63,379.7,,-0.85,Standard,Credit Card,3.1,7,No
ORD101850,2025-08-19,CUST01305,Consumer,South,Telangana,Office Supplies,Paper,A4 Paper,1,210.24,181.87,0.135,36.61,Standard,UPI,4.3,7,No
ORD102269,2025-09-25,CUST01226,Small Business,West,Maharashtra,Furniture,Bookcases,Metal Bookcase,1,566.25,485.83,0.142,44.04,Standard,COD,3.1,5,No
ORD100367,2025-01-23,CUST01415,Consumer,West,Rajasthan,Furniture,Furnishings,Desk Lamp,2,466.96,721.96,0.227,122.15,Standard,Net Banking,4.2,5,No
ORD100913,2023-02-14,CUST01416,Small Business,West,Goa,Furniture,Tables,Conference Table,5,302.85,1382.28,0.087,261.13,Standard,UPI,4.2,4,No
ORD101610,2025-12-01,CUST01428,Corporate,North,Uttar Pradesh,Furniture,Tables,Study Table,6,619.08,3998.31,0.088,633.26,Standard,UPI,4.5,4,No
ORD100030,2025-03-23,CUST01571,Consumer,South,Karnataka,Technology,Phones,Smartphone B,9,1170.22,10191.98,0.087,1474.89,Standard,COD,4.3,5,No
ORD102515,2024-10-27,CUST01376,Consumer,East,Bihar,Technology,Accessories,Keyboard,3,498.73,1501.1,0.15,212.07,Standard,UPI,3.4,8,No
ORD100023,2023-10-21,CUST01235,Consumer,South,Telangana,Technology,Laptops,Business Laptop,3,873.49,3022.43,0.023,369.76,Express,Net Banking,4.8,3,No
ORD101691,2025-02-04,CUST01310,Consumer,South,Andhra Pradesh,Technology,Printers,Laser Printer,4,236.22,809.59,0.143,116.12,Standard,Net Banking,4.2,4,No
ORD102079,2025-03-21,CUST01398,Consumer,East,Odisha,Office Supplies,Stationery,Markers,3,168.29,458.97,0.142,87.36,Standard,UPI,3.3,5,No
ORD102454,2023-03-02,CUST01371,Small Business,South,Tamil Nadu,Furniture,Chairs,Visitor Chair,1,90.04,74.61,0.218,8.18,Express,COD,4.9,1,No
ORD101685,2025-02-27,CUST01461,Corporate,North,Haryana,Technology,Accessories,USB Hub,4,1112.18,3806.35,0.144,499.96,Standard,UPI,2.4,8,No
ORD100184,2025-05-25,CUST01223,Small Business,West,Gujarat,Office Supplies,Storage,Storage Box,9,349.41,3127.0,0.062,893.13,Standard,UPI,3.6,3,No
ORD100863,2023-06-08,CUST01035,Consumer,East,West Bengal,Technology,Laptops,Laptop Pro,8,365.38,2721.97,0.069,379.97,Standard,,2.6,9,No
ORD100189,2024-09-08,CUST01156,Small Business,South,Tamil Nadu,Furniture,Chairs,Office Chair,3,778.54,2150.5,0.079,318.16,Same Day,UPI,4.7,1,No
ORD100421,2023-02-11,CUST01457,Consumer,North,Haryana,Furniture,Bookcases,Metal Bookcase,3,349.22,947.54,0.096,217.75,Standard,Net Banking,2.8,8,Yes
ORD100171,2023-11-25,CUST01563,Consumer,South,Tamil Nadu,Furniture,Tables,Work Desk,2,1245.36,2693.17,0.084,480.81,Express,COD,4.7,1,No
ORD102839,2025-02-24,CUST01299,Consumer,East,Jharkhand,Office Supplies,Storage,Filing Cabinet,1,260.58,237.8,0.087,57.66,Standard,UPI,3.7,7,No
ORD100461,2023-06-29,CUST01028,Small Business,South,Tamil Nadu,Office Supplies,Storage,Storage Box,4,298.32,1141.93,0.043,282.49,Standard,COD,4.1,3,No
ORD100044,2023-07-01,CUST01592,Consumer,North,Punjab,Technology,Phones,Smartphone C,8,975.85,7405.11,0.051,1317.93,Same Day,UPI,4.4,1,Yes
ORD100088,2025-04-18,CUST01168,Consumer,East,Bihar,Technology,Printers,Laser Printer,9,355.42,3258.49,0.039,292.06,Standard,Net Banking,3.7,9,No
ORD100768,2025-11-05,CUST01118,Corporate,South,Telangana,Technology,Phones,Smartphone A,3,310.5,747.36,0.32,46.65,Standard,Credit Card,3.4,8,No
ORD102634,2024-10-13,CUST01523,Corporate,East,Bihar,Furniture,Tables,Study Table,2,257.36,552.68,0.09,92.03,Standard,Net Banking,4.1,4,No
ORD101564,2024-07-10,CUST01466,Corporate,South,Tamil Nadu,Furniture,Chairs,Visitor Chair,2,750.84,1132.25,0.246,40.93,Express,COD,3.6,3,No
ORD100930,2023-06-25,CUST01526,Corporate,North,Punjab,Furniture,Chairs,Ergonomic Chair,2,782.91,1271.46,0.188,205.49,Express,UPI,4.9,2,No
ORD100283,2025-09-07,CUST01568,Consumer,South,Andhra Pradesh,Furniture,Chairs,Ergonomic Chair,3,308.32,754.48,0.184,143.67,Standard,UPI,4.2,7,No
ORD101076,2024-12-05,CUST01110,Consumer,West,,Office Supplies,Paper,A4 Paper,2,88.06,165.68,0.203,42.0,Express,Credit Card,4.5,2,No
ORD102616,2024-05-03,CUST01322,Corporate,East,West Bengal,Furniture,Chairs,Ergonomic Chair,4,423.31,1573.96,0.123,158.32,Same Day,UPI,4.7,1,Yes
ORD102687,2024-02-02,CUST01563,Corporate,East,Odisha,Technology,Accessories,Wireless Mouse,5,530.8,2148.3,0.191,243.99,Same Day,UPI,4.4,1,No
ORD101449,2024-10-01,CUST01104,Corporate,North,Punjab,Office Supplies,Paper,A4 Paper,3,189.63,600.72,0.105,107.98,Express,UPI,5.0,3,No
ORD100258,2023-10-26,CUST01163,Consumer,East,Jharkhand,Furniture,Tables,Conference Table,6,966.19,5552.05,,748.2,Standard,UPI,3.0,8,No
ORD102467,2023-05-13,CUST01456,Consumer,East,West Bengal,Technology,Laptops,Business Laptop,8,1228.86,9545.45,0.084,1035.73,Express,UPI,4.8,2,No
ORD102608,2023-01-12,CUST01468,Small Business,South,Tamil Nadu,Technology,Accessories,Headset,4,401.1,1403.71,0.125,172.43,Standard,Net Banking,3.7,5,No
ORD101379,2024-01-03,CUST01045,Consumer,East,West Bengal,Technology,Laptops,Business Laptop,5,390.4,1371.84,0.297,48.94,Standard,Net Banking,5.0,4,No
ORD102070,2025-12-08,CUST01542,Consumer,South,Tamil Nadu,Technology,Phones,Smartphone A,4,1132.8,4747.05,0.112,594.96,Standard,COD,3.9,7,No
ORD102468,2024-02-25,CUST01443,Small Business,South,Tamil Nadu,Technology,Phones,Smartphone A,2,1179.24,2134.48,0.095,394.27,Express,UPI,4.0,1,No
ORD101519,2025-08-16,CUST01095,Consumer,North,Uttar Pradesh,Furniture,Tables,Work Desk,7,617.15,3957.83,0.084,778.24,Standard,UPI,,3,No
ORD102466,2024-09-17,CUST01301,Corporate,North,Uttar Pradesh,Furniture,Tables,Study Table,2,267.51,474.2,,67.58,Standard,UPI,3.6,6,No
ORD100150,2023-03-19,CUST01298,Consumer,South,Tamil Nadu,Office Supplies,Stationery,Labels,10,144.63,956.33,0.376,118.71,Standard,UPI,3.6,5,No
ORD101092,2025-11-30,CUST01227,Consumer,West,Gujarat,Furniture,Furnishings,Curtains,7,468.88,3384.36,0.126,526.84,Express,UPI,5.0,3,No
ORD102371,2025-04-13,CUST01107,Consumer,North,Haryana,Furniture,Chairs,Visitor Chair,3,380.55,1188.12,0.018,200.95,Standard,,4.3,3,No
ORD102405,2025-08-22,CUST01167,Small Business,West,Rajasthan,Technology,Phones,Smartphone C,1,563.44,465.74,0.173,68.42,Standard,Net Banking,3.9,4,No
ORD102125,2023-09-22,CUST01556,Consumer,West,Rajasthan,Furniture,Chairs,Office Chair,10,523.8,4777.04,0.088,595.3,Standard,Net Banking,3.5,8,No
ORD101948,2024-06-22,CUST01488,Small Business,East,West Bengal,Office Supplies,Binders,Document Folder,5,337.49,1271.49,0.247,201.41,Standard,UPI,4.1,3,No
ORD100555,2023-04-27,CUST01402,Corporate,South,Karnataka,Furniture,Furnishings,Curtains,3,463.53,6796.49,0.337,424.27,Standard,Credit Card,3.1,7,No
ORD101548,2023-05-22,CUST01417,Consumer,East,Jharkhand,Office Supplies,Paper,A4 Paper,4,264.44,995.28,0.112,232.29,Standard,Net Banking,4.3,4,No
ORD102742,2025-07-14,CUST01095,Corporate,South,Andhra Pradesh,Office Supplies,Storage,Organizer,4,459.83,1739.76,0.054,453.25,Standard,COD,3.4,4,No
ORD100545,2025-09-06,CUST01464,Consumer,South,Tamil Nadu,Technology,Printers,Inkjet Printer,2,690.5,1234.82,0.106,157.31,Standard,Credit Card,3.4,7,No
ORD102204,2023-12-12,CUST01203,Consumer,North,Haryana,Furniture,Chairs,Ergonomic Chair,5,119.94,668.18,0.056,116.7,Standard,COD,3.6,7,No
ORD101950,2023-04-24,CUST01117,Consumer,West,Rajasthan,Office Supplies,Binders,Document Folder,3,176.68,528.68,0.059,157.06,Express,Credit Card,4.1,1,No
ORD101230,2024-04-11,CUST01480,Corporate,East,Odisha,Technology,Laptops,Laptop Air,1,749.98,705.9,0.112,49.92,Standard,Credit Card,3.4,8,No
ORD100222,2025-03-22,CUST01554,Consumer,East,Bihar,Furniture,Furnishings,Curtains,3,288.73,905.85,0.013,152.32,Standard,UPI,3.6,6,No
ORD101809,2025-02-03,CUST01285,Consumer,South,Karnataka,Furniture,Chairs,Office Chair,3,158.87,435.38,0.087,53.63,Express,UPI,4.5,1,No
ORD102154,2024-09-30,CUST01532,Consumer,South,Telangana,Furniture,Furnishings,Desk Lamp,3,410.74,869.75,0.294,119.05,Standard,UPI,3.7,8,No
ORD101478,2025-03-05,CUST01115,Corporate,North,Delhi,Office Supplies,Storage,Storage Box,6,130.93,528.42,0.365,-2.49,Same Day,COD,4.7,2,No
ORD102355,2024-12-03,CUST01163,Corporate,West,Goa,Furniture,Furnishings,Desk Lamp,7,358.56,2454.27,0.171,344.41,Standard,Net Banking,4.0,3,No
ORD101117,2025-03-19,CUST01525,Small Business,South,Andhra Pradesh,Office Supplies,Paper,Premium Paper,4,193.27,778.25,0.05,241.55,Express,Credit Card,5.0,1,No
ORD101411,2023-11-27,CUST01334,Corporate,South,Karnataka,Office Supplies,Binders,File Folder,1,347.22,376.71,0.081,74.35,Standard,UPI,3.7,6,No
ORD102377,2023-03-31,CUST01175,Consumer,South,Telangana,Technology,Phones,Smartphone A,9,612.01,5155.45,0.117,679.96,Standard,Net Banking,3.6,8,No
ORD100544,2023-03-28,CUST01186,Consumer,South,Tamil Nadu,Office Supplies,Stationery,Pens,5,211.75,975.41,0.131,146.03,Express,COD,4.0,2,No
ORD101414,2025-12-21,CUST01127,Consumer,East,Bihar,Technology,Phones,Smartphone A,1,261.69,191.94,0.378,-12.63,Standard,COD,3.8,5,No
ORD102865,2024-12-21,CUST01222,Consumer,North,Haryana,Furniture,Bookcases,Metal Bookcase,6,520.7,3128.75,0.151,251.3,Express,UPI,4.1,2,No
ORD100273,2023-12-16,CUST01440,Small Business,West,Gujarat,Office Supplies,Binders,File Folder,2,124.51,243.19,0.172,47.0,Standard,Net Banking,3.4,8,No
ORD100522,2025-11-10,CUST01218,Consumer,East,Odisha,Technology,Printers,Inkjet Printer,2,1339.58,1820.89,0.424,-39.47,Express,UPI,4.1,3,Yes
ORD100901,2025-02-26,CUST01152,Small Business,South,Karnataka,Technology,Phones,Smartphone B,4,836.12,3127.07,0.065,406.49,Same Day,Net Banking,5.0,1,No
ORD100912,2025-07-12,CUST01108,Corporate,East,Jharkhand,Office Supplies,Stationery,Stapler,1,239.53,194.45,0.188,50.79,Standard,UPI,2.9,8,No
ORD101339,2023-03-16,CUST01006,Corporate,North,Haryana,Technology,Accessories,USB Hub,3,1142.67,3232.32,0.11,501.88,Standard,COD,4.1,5,No
ORD102580,2024-06-30,CUST01178,Consumer,West,Goa,Office Supplies,Paper,Premium Paper,5,185.65,541.17,0.417,37.58,Standard,Credit Card,4.0,6,No
ORD102701,2024-01-02,CUST01475,Small Business,South,Telangana,Furniture,Bookcases,Metal Bookcase,2,210.79,288.23,0.316,42.08,Standard,Net Banking,4.7,6,No
ORD102541,2024-08-22,CUST01297,Small Business,West,Rajasthan,Office Supplies,Paper,A4 Paper,2,88.62,148.61,0.162,39.19,Standard,Credit Card,4.1,3,No
ORD101028,2025-01-21,CUST01035,Corporate,East,Bihar,Technology,Laptops,Laptop Pro,4,1405.85,4762.37,0.153,564.3,Standard,UPI,4.0,8,Yes
ORD102837,2023-03-04,CUST01132,Corporate,West,Goa,Office Supplies,Storage,Organizer,8,121.83,905.23,0.124,138.6,Standard,COD,4.6,5,No
ORD100681,2023-09-29,CUST01251,Small Business,North,Punjab,Office Supplies,Binders,File Folder,1,432.71,392.76,0.092,107.33,Standard,Credit Card,3.9,6,No
ORD102607,2023-03-13,CUST01370,Corporate,West,Gujarat,Furniture,Bookcases,Wooden Bookcase,2,738.74,1398.71,0.107,195.66,Same Day,UPI,4.3,1,No
ORD101223,2025-07-04,CUST01557,Consumer,East,Jharkhand,Technology,Laptops,Laptop Pro,5,1366.69,6192.64,0.094,785.95,Express,UPI,4.9,3,No
ORD101887,2025-05-20,CUST01383,Corporate,South,Telangana,Furniture,Chairs,Visitor Chair,8,311.48,2033.94,0.23,217.93,Standard,Credit Card,4.1,5,Yes
ORD102100,2025-08-04,CUST01516,Corporate,West,Rajasthan,Furniture,Furnishings,Whiteboard,6,392.63,1845.27,0.217,198.89,Standard,UPI,3.3,7,No
ORD102715,2023-05-07,CUST01158,Corporate,South,Andhra Pradesh,Technology,Printers,Laser Printer,3,672.38,1788.57,0.163,238.05,Express,UPI,4.7,2,No
ORD100169,2025-07-26,CUST01093,Small Business,East,Bihar,Furniture,Chairs,Visitor Chair,5,345.92,1422.02,0.178,232.0,Standard,Credit Card,3.9,7,No
ORD102283,2025-12-13,CUST01190,Small Business,East,Bihar,Technology,Phones,Smartphone C,1,251.56,267.11,0.1,27.76,Express,UPI,3.5,4,No
ORD102809,2023-05-21,CUST01556,Consumer,South,Andhra Pradesh,Technology,Laptops,Laptop Air,2,1523.02,3148.4,0.025,606.36,Standard,Net Banking,3.1,7,No
ORD100680,2025-09-12,CUST01455,Small Business,East,Jharkhand,Technology,Accessories,USB Hub,2,898.26,1695.34,0.056,380.44,Standard,UPI,4.0,4,No
ORD101422,2025-08-01,CUST01559,Consumer,West,Gujarat,Office Supplies,Stationery,Stapler,3,147.78,397.65,0.103,97.75,Standard,Net Banking,3.8,7,No
ORD101376,2025-03-14,CUST01576,Consumer,West,Maharashtra,Office Supplies,Paper,Premium Paper,7,50.01,318.46,0.142,50.89,Standard,Net Banking,4.2,3,No
ORD102247,2025-02-02,CUST01489,Corporate,South,Tamil Nadu,Office Supplies,Binders,Ring Binder,1,76.87,60.65,0.211,14.88,Same Day,Credit Card,4.2,1,No
ORD101375,2025-12-18,CUST01597,Consumer,South,Telangana,Furniture,Bookcases,Wooden Bookcase,3,779.44,2279.46,0.174,141.84,Standard,UPI,3.6,7,No
ORD100368,2023-09-26,CUST01361,Consumer,North,Punjab,Technology,Accessories,Wireless Mouse,3,353.27,1023.0,0.035,174.54,Standard,Credit Card,4.8,3,No
ORD102655,2023-05-26,CUST01086,Small Business,East,Bihar,Furniture,Chairs,Office Chair,3,452.82,1181.63,0.179,205.29,Standard,UPI,3.8,5,Yes
ORD102288,2024-12-07,CUST01195,Corporate,West,Maharashtra,Furniture,Chairs,Ergonomic Chair,2,275.53,539.18,0.171,87.85,Express,UPI,4.7,2,No
ORD101006,2025-05-28,CUST01528,Small Business,East,Odisha,Office Supplies,Binders,File Folder,2,90.08,161.32,0.155,43.99,Standard,UPI,3.3,9,No
ORD102502,2023-11-24,CUST01119,Small Business,East,Odisha,Office Supplies,Paper,Notebooks,2,144.1,278.54,0.181,83.17,Standard,Credit Card,4.4,6,No
ORD100352,2024-05-18,CUST01279,Corporate,East,Odisha,Office Supplies,Stationery,Labels,8,114.16,611.8,0.368,77.2,Standard,Credit Card,3.8,5,No
ORD101488,2023-06-15,CUST01264,Small Business,South,Telangana,Office Supplies,Paper,A4 Paper,1,102.15,77.56,,8.59,Express,UPI,4.3,3,No
ORD102916,2024-09-22,CUST01026,Corporate,South,Karnataka,Office Supplies,Binders,Ring Binder,2,579.17,1006.18,0.131,179.43,Standard,COD,4.5,3,No
ORD101533,2024-08-11,CUST01213,Corporate,West,Rajasthan,Office Supplies,Stationery,Pens,6,108.81,511.92,0.216,109.37,Standard,Net Banking,4.6,6,No
ORD102285,2023-08-06,CUST01270,Consumer,East,Jharkhand,Furniture,Bookcases,Wooden Bookcase,1,647.28,624.04,0.036,151.53,Standard,UPI,4.1,8,No
ORD102704,2023-07-09,CUST01544,Small Business,East,Odisha,Office Supplies,Paper,Notebooks,4,91.48,315.34,0.138,36.81,Standard,Credit Card,3.3,7,No
ORD102383,2023-10-12,CUST01118,Consumer,West,Rajasthan,Furniture,Furnishings,Desk Lamp,4,912.02,3681.25,0.145,753.5,Express,Credit Card,4.8,2,No
ORD100499,2025-12-21,CUST01310,Consumer,East,Bihar,Technology,Laptops,Business Laptop,4,621.27,2390.72,0.185,294.5,Express,COD,,4,No
ORD101656,2025-12-04,CUST01572,Consumer,South,Telangana,Technology,Phones,Smartphone C,4,919.96,3982.48,0.083,598.32,Standard,UPI,3.8,8,Yes
ORD100211,2024-05-18,CUST01451,Corporate,North,Delhi,Office Supplies,Binders,Document Folder,2,243.35,446.15,0.135,93.26,Standard,UPI,4.0,7,No
ORD102763,2023-04-03,CUST01383,Consumer,West,Gujarat,Furniture,Tables,Study Table,3,313.68,861.85,0.136,176.72,Express,COD,4.9,1,No
ORD101264,2025-12-02,CUST01546,Small Business,North,Uttar Pradesh,Technology,Phones,Smartphone C,4,859.68,3356.09,0.173,479.29,Standard,UPI,3.6,6,No
ORD100228,2023-09-09,CUST01377,Consumer,West,Goa,Furniture,Chairs,Visitor Chair,1,288.52,280.36,0.028,50.71,Standard,UPI,3.5,5,No
ORD100366,2024-08-16,CUST01514,Consumer,South,Andhra Pradesh,Technology,Phones,Smartphone B,7,1080.61,7232.9,0.044,1305.8,Standard,COD,3.1,6,No
ORD102107,2025-06-03,CUST01546,Consumer,North,Uttar Pradesh,Furniture,Bookcases,Wooden Bookcase,3,305.87,815.08,0.112,154.44,Standard,Net Banking,4.6,3,No
ORD100950,2024-06-08,CUST01108,Corporate,East,West Bengal,Furniture,Tables,Work Desk,1,248.0,191.85,0.226,19.3,Express,Credit Card,3.9,2,No
ORD101965,2024-10-29,CUST01262,Corporate,East,West Bengal,Office Supplies,Stationery,Pens,1,117.02,119.97,0.131,29.42,Same Day,Credit Card,3.4,2,No
ORD100613,2024-05-24,CUST01217,Consumer,North,Uttar Pradesh,Furniture,Tables,Work Desk,5,692.14,3354.99,0.085,755.45,Standard,Credit Card,3.2,7,No
ORD100811,2024-05-15,CUST01182,Small Business,South,Andhra Pradesh,Technology,Laptops,Laptop Air,3,842.14,2034.25,0.24,131.76,Standard,UPI,3.9,3,No
ORD100408,2024-05-17,CUST01415,Corporate,South,Andhra Pradesh,Furniture,Tables,Study Table,4,528.59,2047.12,0.087,398.53,Standard,COD,3.6,6,No
ORD101951,2025-08-01,CUST01554,Consumer,West,Rajasthan,Technology,Phones,Smartphone A,3,472.12,1069.04,0.245,123.49,Standard,UPI,,3,No
ORD102888,2023-10-09,CUST01285,Consumer,West,Goa,Office Supplies,Stationery,Markers,5,87.64,394.09,0.238,12.95,Standard,UPI,3.7,4,No
ORD102552,2023-12-10,CUST01131,Corporate,North,Delhi,Furniture,Furnishings,Curtains,4,390.17,1568.87,0.148,284.77,Express,UPI,3.9,3,No
ORD102251,2024-03-07,CUST01285,Corporate,North,Haryana,Technology,Phones,Smartphone A,1,1724.03,1677.05,0.082,254.04,Express,Net Banking,4.8,2,No
ORD102420,2025-10-06,CUST01478,Consumer,North,Haryana,Technology,Accessories,Wireless Mouse,2,1296.66,3018.84,0.013,609.11,Standard,Credit Card,3.2,7,No
ORD100599,2024-02-03,CUST01399,Corporate,East,West Bengal,Furniture,Tables,Conference Table,2,637.04,1112.32,0.127,157.83,Standard,Net Banking,4.1,3,No
ORD100008,2023-07-22,CUST01530,Consumer,South,Telangana,Technology,Accessories,Keyboard,4,3851.15,11510.45,0.253,1089.65,Standard,UPI,3.7,7,Yes
ORD101000,2023-09-15,CUST01547,Consumer,South,Tamil Nadu,Office Supplies,Storage,Storage Box,3,291.59,572.13,,46.69,Standard,UPI,3.8,6,No
ORD101227,2024-11-09,CUST01417,Consumer,North,Punjab,Technology,Laptops,Laptop Air,6,1181.89,7812.33,0.066,1037.18,Same Day,Credit Card,5.0,2,No
ORD102937,2023-01-07,CUST01389,Consumer,North,Uttar Pradesh,Office Supplies,Paper,Notebooks,5,311.73,1287.82,0.174,123.94,Standard,Credit Card,3.1,6,No
ORD100416,2025-07-23,CUST01528,Consumer,South,Tamil Nadu,Office Supplies,Stationery,Pens,5,255.31,1080.45,0.154,246.84,Express,Net Banking,4.3,2,No
ORD102080,2023-11-17,CUST01220,Consumer,West,Maharashtra,Office Supplies,Stationery,Stapler,4,374.21,1678.0,0.05,496.56,Standard,UPI,3.4,6,No
ORD101115,2024-06-13,CUST01443,Corporate,West,Rajasthan,Office Supplies,Paper,Notebooks,2,199.81,307.96,0.229,41.69,Same Day,COD,4.4,1,No
ORD100795,2023-04-03,CUST01228,Consumer,South,Telangana,Technology,Accessories,Keyboard,3,551.18,1613.14,0.08,386.15,Express,COD,4.4,1,No
ORD101714,2025-11-10,CUST01203,Corporate,East,Jharkhand,Office Supplies,Stationery,Stapler,1,179.66,167.41,0.21,31.16,Standard,UPI,3.8,5,No
ORD100200,2023-02-03,CUST01301,Corporate,East,Jharkhand,Technology,Accessories,Wireless Mouse,1,1081.64,787.28,0.272,-10.75,Standard,UPI,4.1,7,No
ORD100284,2023-03-30,CUST01269,Consumer,South,Telangana,Furniture,Bookcases,Metal Bookcase,2,1228.17,1893.98,0.273,50.97,Standard,Credit Card,4.3,5,No
ORD100232,2023-12-27,CUST01594,Consumer,South,Karnataka,Technology,Printers,Laser Printer,1,646.98,609.82,0.201,55.68,Express,Credit Card,4.2,2,No
ORD101682,2024-07-05,CUST01026,Small Business,South,Karnataka,Technology,Printers,Inkjet Printer,3,721.95,1605.97,0.259,95.11,Standard,UPI,3.2,6,No
ORD100943,2024-02-16,CUST01016,Consumer,South,Tamil Nadu,Office Supplies,Stationery,Stapler,1,134.26,131.33,0.022,38.41,Standard,UPI,3.4,7,Yes
ORD100097,2024-02-14,CUST01166,Corporate,West,Goa,Furniture,Chairs,Visitor Chair,6,339.49,1509.49,0.259,130.92,Standard,Net Banking,5.0,3,No
ORD101371,2023-10-08,CUST01044,Consumer,East,Jharkhand,Office Supplies,Stationery,Labels,1,135.46,148.8,0.069,33.79,Express,COD,4.9,3,No
ORD102583,2024-03-09,CUST01316,Small Business,West,Goa,Office Supplies,Storage,Filing Cabinet,7,376.34,2151.94,0.229,214.42,Standard,Credit Card,4.8,3,No
ORD101406,2024-05-10,CUST01281,Consumer,North,Delhi,Furniture,Furnishings,Desk Lamp,9,350.42,2503.2,0.251,97.53,Standard,UPI,5.0,3,No
ORD101585,2023-03-20,CUST01089,Consumer,East,Odisha,Office Supplies,Storage,Organizer,2,199.19,336.86,0.202,68.99,Standard,COD,3.9,8,No
ORD101003,2025-07-04,CUST01588,Consumer,South,Andhra Pradesh,Technology,Laptops,Business Laptop,1,945.27,885.6,0.063,186.12,Standard,Credit Card,3.3,6,No
ORD101629,2025-01-31,CUST01273,Small Business,South,Karnataka,Office Supplies,Stationery,Stapler,4,239.98,841.24,0.124,196.19,Standard,UPI,3.4,4,No
ORD102878,2025-08-31,CUST01228,Small Business,West,Gujarat,Office Supplies,Paper,Notebooks,3,174.8,458.62,0.125,102.37,Standard,COD,4.1,4,No
ORD102601,2025-04-27,CUST01294,Consumer,South,Karnataka,Technology,Printers,Laser Printer,5,677.03,2919.21,0.186,225.25,Express,,5.0,1,No
ORD101423,2024-08-25,CUST01456,Corporate,South,Andhra Pradesh,Office Supplies,Storage,Organizer,1,282.69,235.15,0.168,28.47,Standard,UPI,3.3,8,No
ORD101394,2025-02-01,CUST01146,Small Business,South,Karnataka,Technology,Phones,Smartphone C,9,679.4,3815.93,0.376,163.4,Standard,COD,3.3,6,Yes
ORD100105,2024-02-21,CUST01053,Consumer,South,Karnataka,Furniture,Furnishings,Curtains,4,2086.07,7793.4,0.066,1299.6,Express,UPI,4.3,1,No
ORD102531,2023-10-15,CUST01403,Corporate,South,Andhra Pradesh,Furniture,Furnishings,Desk Lamp,4,347.4,1390.02,0.152,210.22,Standard,UPI,3.4,6,No
ORD101081,2024-09-09,CUST01058,Consumer,South,Telangana,Technology,Printers,Laser Printer,6,1021.0,4685.33,0.235,286.38,Standard,COD,3.7,7,No
ORD101396,2023-11-02,CUST01423,Corporate,West,Maharashtra,Office Supplies,Stationery,Labels,3,219.38,595.66,0.233,91.72,Express,Credit Card,4.7,2,Yes
ORD101816,2025-11-13,CUST01587,Consumer,East,Bihar,Furniture,Furnishings,Whiteboard,1,492.09,330.65,0.431,7.72,Standard,COD,4.0,8,No
ORD101400,2025-05-18,CUST01102,Consumer,South,Telangana,Furniture,Bookcases,Wooden Bookcase,2,530.93,1066.3,,208.49,Same Day,Credit Card,4.7,1,No
ORD101310,2023-04-22,CUST01003,Consumer,West,Goa,Furniture,Furnishings,Whiteboard,3,551.04,1178.13,0.328,37.44,Same Day,Net Banking,4.3,1,No
ORD100227,2024-05-23,CUST01329,Consumer,East,Bihar,Office Supplies,Binders,Document Folder,6,319.5,1720.23,0.153,261.46,Standard,UPI,3.2,7,Yes
ORD100777,2024-07-17,CUST01425,Small Business,North,Uttar Pradesh,Office Supplies,Paper,Premium Paper,2,179.63,291.95,0.187,62.24,Express,Credit Card,4.5,2,No
ORD102214,2024-10-22,CUST01231,Consumer,East,Odisha,Technology,Accessories,USB Hub,2,749.1,1695.26,,399.73,Standard,Net Banking,3.4,8,Yes
ORD101955,2025-05-12,CUST01186,Corporate,South,Tamil Nadu,Office Supplies,Binders,File Folder,6,126.29,499.6,0.378,36.95,Standard,UPI,4.0,4,No
ORD102829,2025-06-07,CUST01459,Consumer,North,Haryana,Office Supplies,Storage,Filing Cabinet,2,488.99,867.22,0.113,207.39,Standard,COD,3.5,5,No
ORD102824,2023-10-18,CUST01178,Small Business,North,Delhi,Technology,Accessories,Wireless Mouse,1,669.94,715.83,0.094,101.56,Standard,UPI,3.8,8,No
ORD101101,2025-03-28,CUST01589,Consumer,North,Punjab,Technology,Printers,Inkjet Printer,7,520.27,2792.79,0.277,232.88,Standard,Credit Card,3.9,3,No
ORD101299,2025-12-01,CUST01506,Small Business,North,Delhi,Furniture,Furnishings,Whiteboard,1,239.2,197.34,0.301,20.85,Standard,UPI,4.0,4,No
ORD101617,2025-09-30,CUST01220,Consumer,South,Telangana,Office Supplies,Storage,Organizer,3,226.99,615.79,0.096,114.49,Standard,Credit Card,3.4,7,No
ORD100465,2023-02-19,CUST01275,Corporate,West,Gujarat,Furniture,Tables,Study Table,3,855.06,2236.3,0.128,292.49,Standard,UPI,4.6,4,No
ORD100840,2025-10-03,CUST01556,Corporate,North,Uttar Pradesh,Office Supplies,Paper,A4 Paper,3,127.86,355.54,0.214,78.8,Standard,UPI,3.6,6,No
ORD102682,2023-01-24,CUST01273,Consumer,North,Haryana,Office Supplies,Paper,A4 Paper,2,110.14,194.8,0.116,36.35,Express,COD,4.3,2,No
ORD101382,2023-06-23,CUST01398,Consumer,North,Haryana,Furniture,Bookcases,Wooden Bookcase,5,610.45,2939.34,0.037,558.2,Standard,Credit Card,3.6,8,No
ORD100638,2024-12-29,CUST01332,Consumer,East,Bihar,Furniture,Tables,Work Desk,3,415.49,1149.11,0.219,38.47,Standard,UPI,4.4,5,No
ORD101608,2025-04-03,CUST01293,Consumer,South,Karnataka,Technology,Phones,Smartphone B,2,1435.67,2740.89,0.099,196.26,Same Day,Net Banking,5.0,1,No
ORD101324,2024-10-22,CUST01052,Consumer,South,Karnataka,Furniture,Furnishings,Desk Lamp,2,981.67,1605.61,0.307,151.02,Standard,Credit Card,3.4,6,No
ORD100213,2024-09-09,CUST01423,Consumer,West,Goa,Furniture,Furnishings,Desk Lamp,7,1513.59,7858.57,0.258,822.92,Standard,Net Banking,3.3,6,No
ORD100013,2024-05-09,CUST01186,Consumer,South,Telangana,Office Supplies,Storage,Filing Cabinet,1,247.15,244.3,0.067,69.93,Standard,Credit Card,4.8,5,No
ORD102919,2024-09-18,CUST01314,Corporate,West,Rajasthan,Office Supplies,Storage,Storage Box,1,434.96,380.07,0.126,52.17,Same Day,UPI,4.8,1,No
ORD100423,2024-07-19,CUST01075,Small Business,South,Tamil Nadu,Technology,Accessories,Headset,3,793.59,2147.75,0.098,501.8,Standard,Net Banking,3.8,7,No
ORD101922,2025-09-02,CUST01494,Small Business,South,Andhra Pradesh,Office Supplies,Paper,Premium Paper,2,107.92,176.86,0.181,33.87,Express,Credit Card,4.2,3,No
ORD102578,2025-05-08,CUST01404,Consumer,East,Jharkhand,Technology,Printers,Laser Printer,2,516.02,1022.73,0.065,74.74,Standard,UPI,2.6,9,No
ORD102654,2023-11-23,CUST01377,Corporate,East,Odisha,Office Supplies,Stationery,Pens,2,176.92,377.63,0.096,65.28,Standard,UPI,3.3,6,No
ORD100737,2024-03-22,CUST01496,Corporate,North,Uttar Pradesh,Office Supplies,Storage,Organizer,1,134.54,103.13,0.277,12.36,Standard,UPI,4.4,4,No
ORD102945,2024-11-12,CUST01516,Small Business,South,Andhra Pradesh,Furniture,Tables,Work Desk,2,546.93,825.3,0.361,6.8,Standard,Credit Card,3.9,8,Yes
ORD102720,2024-02-05,CUST01545,Small Business,East,Odisha,Furniture,Bookcases,Metal Bookcase,6,603.41,3325.1,0.082,497.73,Same Day,Net Banking,4.4,1,No
ORD101622,2025-04-21,CUST01347,Consumer,West,Goa,Furniture,Bookcases,Wooden Bookcase,1,900.45,904.03,0.053,196.88,Standard,COD,3.9,5,No
ORD100510,2024-08-15,CUST01517,Consumer,North,Delhi,Office Supplies,Stationery,Markers,3,358.5,968.39,0.1,240.83,Standard,UPI,4.7,5,Yes
ORD100645,2025-06-30,CUST01402,Consumer,East,West Bengal,Technology,Phones,Smartphone A,2,399.44,675.01,0.155,34.15,Express,Credit Card,4.3,2,No
ORD100598,2024-02-09,CUST01562,Small Business,South,Telangana,Furniture,Bookcases,Metal Bookcase,5,485.87,2229.77,0.082,650.05,Standard,UPI,3.1,7,No
ORD101205,2024-04-25,CUST01503,Consumer,East,West Bengal,Technology,Laptops,Business Laptop,1,201.49,192.39,0.099,33.96,Express,Credit Card,3.9,2,No
ORD102380,2023-12-28,CUST01172,Consumer,North,Punjab,Office Supplies,Stationery,Labels,2,194.69,352.9,0.232,42.51,Express,Net Banking,4.2,3,No
ORD101845,2024-07-09,CUST01322,Corporate,North,Delhi,Technology,Phones,Smartphone A,2,359.33,604.21,0.159,26.15,Standard,COD,4.0,5,No
ORD102658,2025-06-10,CUST01400,Corporate,West,Rajasthan,Technology,Accessories,Headset,3,1109.83,3119.2,0.063,415.11,Express,UPI,4.8,2,No
ORD100519,2024-01-22,CUST01568,Consumer,West,Goa,Technology,Accessories,Keyboard,4,575.58,2178.09,0.054,295.6,Standard,Credit Card,4.5,7,No
ORD101419,2023-12-29,CUST01246,Small Business,East,West Bengal,Technology,Accessories,Headset,4,1049.03,4288.13,0.134,389.1,Standard,UPI,3.7,8,No
ORD100574,2023-10-24,CUST01016,Small Business,South,Karnataka,Technology,Printers,Inkjet Printer,3,321.37,1072.15,0.058,181.79,Standard,Net Banking,4.9,5,No
ORD102740,2025-09-24,CUST01002,Small Business,West,Goa,Technology,Accessories,Headset,3,494.03,1130.07,0.238,123.01,Standard,UPI,4.0,3,No
ORD102127,2025-08-15,CUST01203,Consumer,West,Maharashtra,Technology,Accessories,USB Hub,7,816.25,5232.67,0.084,962.36,Express,COD,4.5,1,No
ORD101978,2023-03-30,CUST01537,Small Business,North,Delhi,Office Supplies,Storage,Storage Box,3,221.85,634.08,0.101,151.7,Standard,Credit Card,4.2,8,No
ORD101160,2025-05-28,CUST01102,Consumer,North,Haryana,Furniture,Bookcases,Metal Bookcase,4,312.84,1106.43,0.166,168.78,Standard,Credit Card,3.7,4,No
ORD101445,2024-08-11,CUST01105,Small Business,West,Gujarat,Technology,Laptops,Laptop Air,1,1074.77,1005.26,0.065,136.53,Standard,Net Banking,3.6,7,No
ORD101836,2025-09-12,CUST01212,Corporate,North,Haryana,Technology,Printers,Laser Printer,1,743.05,484.6,0.348,35.13,Express,COD,4.6,4,No
ORD102098,2024-12-26,CUST01261,Consumer,South,Karnataka,Office Supplies,Stationery,Stapler,3,155.42,524.6,0.046,155.88,Standard,Net Banking,3.2,8,No
ORD100221,2025-06-12,CUST01438,Consumer,South,Karnataka,Furniture,Furnishings,Curtains,4,347.65,1035.79,0.255,126.68,Standard,Credit Card,3.4,4,No
ORD102923,2025-05-11,CUST01214,Small Business,East,Odisha,Furniture,Bookcases,Metal Bookcase,2,106.79,217.3,0.04,43.38,Standard,UPI,4.1,5,No
ORD100359,2025-02-18,CUST01401,Corporate,South,Telangana,Office Supplies,Binders,Ring Binder,3,196.22,1493.85,0.253,216.08,Standard,Net Banking,3.0,7,No
ORD100757,2023-07-19,CUST01273,Consumer,West,Maharashtra,Furniture,Tables,Conference Table,3,360.6,961.85,0.111,100.24,Express,COD,3.9,3,No
ORD101813,2023-04-10,CUST01549,Consumer,East,Jharkhand,Office Supplies,Stationery,Markers,3,157.01,466.7,0.065,117.49,Standard,UPI,3.1,4,No
ORD102488,2024-10-22,CUST01515,Corporate,West,Gujarat,Technology,Laptops,Business Laptop,8,1607.76,12635.08,0.168,2347.98,Standard,COD,3.0,8,No
ORD100260,2023-07-17,CUST01379,Corporate,South,Tamil Nadu,Technology,Accessories,Wireless Mouse,1,407.87,321.01,0.213,30.49,Express,UPI,4.2,1,No
ORD102786,2023-02-03,CUST01483,Consumer,East,Odisha,Technology,Phones,Smartphone A,2,1336.6,2450.83,0.083,459.39,Standard,Credit Card,3.7,6,No
ORD100810,2025-04-20,CUST01473,Consumer,West,Rajasthan,Office Supplies,Storage,Organizer,3,172.42,507.08,0.075,161.37,Standard,COD,4.5,3,No
ORD102406,2023-10-27,CUST01256,Consumer,North,Delhi,Technology,Phones,Smartphone A,1,477.44,494.74,0.122,59.73,Express,UPI,4.1,2,No
ORD102261,2025-12-21,CUST01441,Consumer,East,Odisha,Technology,Phones,Smartphone C,3,1697.12,5715.03,0.049,999.14,Standard,,4.4,4,No
ORD101002,2025-08-22,CUST01203,Consumer,South,Tamil Nadu,Office Supplies,Storage,Filing Cabinet,2,95.93,178.02,0.072,35.37,Standard,Credit Card,4.2,4,No
ORD102421,2025-08-08,CUST01257,Consumer,West,Goa,Technology,Phones,Smartphone C,2,623.8,981.13,0.214,117.57,Express,Credit Card,5.0,1,Yes
ORD101784,2024-10-10,CUST01428,Corporate,West,Goa,Technology,Printers,Inkjet Printer,6,745.88,4720.69,0.106,449.19,Standard,UPI,3.9,5,No
ORD101508,2024-04-15,CUST01356,Consumer,North,Uttar Pradesh,Furniture,Bookcases,Wooden Bookcase,5,453.86,2278.95,0.053,415.21,Standard,Credit Card,4.2,4,No
ORD101018,2024-04-04,CUST01419,Corporate,South,Karnataka,Office Supplies,Storage,Storage Box,1,109.94,99.48,0.146,17.64,Standard,Credit Card,4.4,5,No
ORD102731,2025-08-22,CUST01032,Consumer,North,Delhi,Furniture,Chairs,Ergonomic Chair,2,944.7,1310.27,0.307,62.39,Standard,Credit Card,3.8,5,No
ORD102338,2025-06-26,CUST01137,Consumer,East,,Furniture,Furnishings,Whiteboard,2,128.07,183.96,0.282,22.51,Express,Credit Card,5.0,3,No
ORD100457,2024-11-22,CUST01587,Small Business,North,Haryana,Technology,Printers,Laser Printer,4,985.6,3322.86,0.286,226.29,Standard,UPI,3.9,5,No
ORD100463,2023-01-11,CUST01021,Corporate,East,Bihar,Furniture,Tables,Conference Table,2,249.04,387.13,0.223,73.43,Express,UPI,4.2,2,No
ORD102237,2023-02-02,CUST01192,Small Business,East,Odisha,Office Supplies,Storage,Storage Box,2,124.16,184.4,0.257,30.76,Standard,Net Banking,3.6,6,No
ORD101290,2024-02-20,CUST01576,Small Business,South,Karnataka,Office Supplies,Binders,Ring Binder,1,154.36,118.04,0.235,21.1,Standard,Credit Card,4.6,3,No
ORD100382,2024-04-28,CUST01069,Consumer,West,Maharashtra,Technology,Laptops,Laptop Pro,4,707.78,1985.79,0.338,-72.86,Standard,Credit Card,3.9,6,No
ORD102458,2023-12-02,CUST01083,Consumer,West,Gujarat,Furniture,Chairs,Visitor Chair,4,725.6,3067.31,0.104,627.16,Standard,Net Banking,3.9,3,No
ORD101327,2023-04-09,CUST01304,Corporate,West,Maharashtra,Office Supplies,Stationery,Labels,5,192.22,776.28,0.238,131.39,Standard,Credit Card,4.2,4,No
ORD100694,2024-01-04,CUST01018,Consumer,South,Tamil Nadu,Furniture,Bookcases,Wooden Bookcase,1,1055.88,855.29,0.19,147.1,Same Day,COD,4.4,1,No
ORD100799,2025-02-25,CUST01129,Corporate,East,Jharkhand,Technology,Accessories,Headset,3,512.92,1449.09,0.058,261.51,Standard,UPI,3.6,5,No
ORD101771,2023-10-12,CUST01481,Consumer,South,Andhra Pradesh,Technology,Printers,Inkjet Printer,3,873.68,2675.12,0.135,396.07,Standard,COD,3.0,6,No
ORD101412,2023-07-17,CUST01390,Consumer,South,Tamil Nadu,Furniture,Bookcases,Metal Bookcase,2,1091.88,2075.89,0.049,499.65,Standard,Net Banking,3.1,6,No
ORD101287,2023-07-25,CUST01472,Consumer,South,Karnataka,Technology,Phones,Smartphone A,1,1025.76,965.23,0.059,187.33,Standard,Credit Card,3.8,4,No
ORD101579,2025-05-12,CUST01073,Corporate,South,Tamil Nadu,Office Supplies,Paper,Premium Paper,7,211.46,1141.85,0.272,127.04,Standard,COD,4.7,3,No
ORD101462,2025-03-15,CUST01517,Corporate,East,Odisha,Office Supplies,Paper,Premium Paper,4,121.34,452.94,0.12,71.12,Standard,COD,3.9,7,No
ORD101237,2024-08-27,CUST01545,Consumer,West,Maharashtra,Furniture,Bookcases,Wooden Bookcase,1,359.11,269.62,0.249,51.56,Express,UPI,4.9,1,No
ORD101035,2024-03-24,CUST01142,Consumer,West,Gujarat,Furniture,Bookcases,Metal Bookcase,1,313.52,281.81,0.152,53.82,Standard,COD,3.7,7,No
ORD102160,2023-06-26,CUST01044,Consumer,West,Gujarat,Office Supplies,Stationery,Stapler,2,172.01,316.43,0.08,99.27,Standard,COD,3.9,7,No
ORD102373,2024-05-22,CUST01172,Corporate,West,Rajasthan,Office Supplies,Stationery,Labels,3,169.94,428.59,0.207,63.38,Standard,Net Banking,3.9,3,No
ORD102300,2024-09-02,CUST01310,Consumer,East,Bihar,Office Supplies,Storage,Organizer,10,303.54,2555.87,0.158,665.96,Standard,UPI,3.4,8,No
ORD101430,2025-04-13,CUST01127,Consumer,West,Maharashtra,Technology,Laptops,Laptop Pro,3,880.39,2641.35,0.057,457.77,Standard,Credit Card,3.5,3,No
ORD101196,2024-01-18,CUST01465,Consumer,North,Punjab,Office Supplies,Stationery,Labels,7,434.94,2249.09,0.261,473.6,Same Day,Credit Card,3.7,2,No
ORD100543,2025-08-24,CUST01206,Consumer,West,Rajasthan,Furniture,Chairs,Ergonomic Chair,1,1007.42,861.34,0.145,178.36,Standard,UPI,3.1,8,No
ORD102483,2023-11-07,CUST01583,Corporate,East,Bihar,Technology,Laptops,Laptop Pro,3,952.53,3138.83,0.069,497.14,Standard,UPI,3.6,5,No
ORD102078,2024-03-05,CUST01154,Consumer,South,Tamil Nadu,Office Supplies,Binders,Ring Binder,5,150.17,694.72,0.127,138.92,Standard,UPI,4.7,3,No
ORD101457,2024-12-25,CUST01380,Small Business,West,Goa,Furniture,Bookcases,Wooden Bookcase,3,1054.9,3149.75,0.157,630.67,Standard,COD,3.9,7,No
ORD102667,2023-11-22,CUST01394,Consumer,West,Rajasthan,Office Supplies,Storage,Filing Cabinet,2,170.92,324.42,0.196,58.31,Express,Credit Card,4.0,2,No
ORD102432,2023-12-31,CUST01210,Consumer,North,Uttar Pradesh,Technology,Laptops,Business Laptop,2,426.9,850.79,0.156,82.63,Standard,UPI,3.6,8,No
ORD102997,2025-02-04,CUST01451,Consumer,North,Punjab,Furniture,Furnishings,Whiteboard,3,609.28,1304.42,0.286,108.81,Standard,Net Banking,3.8,7,No
ORD102758,2023-03-30,CUST01454,Consumer,West,Rajasthan,Office Supplies,Binders,Document Folder,7,134.83,848.84,0.152,162.86,Standard,COD,3.5,5,No
ORD101367,2025-12-30,CUST01005,Consumer,South,Andhra Pradesh,Furniture,Bookcases,Metal Bookcase,6,216.9,1328.22,0.135,127.69,Standard,Credit Card,4.0,7,No
ORD100730,2025-02-23,CUST01391,Corporate,North,Uttar Pradesh,Office Supplies,Stationery,Markers,3,176.37,352.32,0.334,38.1,Standard,Credit Card,3.2,9,No
ORD102909,2024-08-22,CUST01403,Consumer,West,Gujarat,Technology,Phones,Smartphone B,1,1092.5,886.11,0.189,-15.27,Standard,UPI,3.0,7,No
ORD102270,2024-07-09,CUST01337,Consumer,South,Tamil Nadu,Technology,Printers,Laser Printer,1,465.32,436.6,0.062,85.58,Standard,Credit Card,3.3,7,No
ORD102870,2024-02-11,CUST01278,Corporate,South,Karnataka,Technology,Phones,Smartphone C,5,846.89,2881.69,0.319,126.49,Standard,UPI,3.5,8,No
ORD102806,2024-07-31,CUST01340,Consumer,West,Gujarat,Office Supplies,Binders,Document Folder,10,134.2,1234.91,0.08,312.37,Express,UPI,4.6,2,No
ORD102724,2024-01-08,CUST01208,Consumer,North,Punjab,Office Supplies,Binders,File Folder,3,289.9,677.13,0.221,144.5,Standard,COD,3.6,4,No
ORD101217,2023-03-06,CUST01110,Corporate,East,Jharkhand,Furniture,Bookcases,Metal Bookcase,5,321.58,1577.44,0.074,314.87,Standard,UPI,4.1,4,No
ORD100436,2025-02-14,CUST01090,Consumer,North,Uttar Pradesh,Furniture,Bookcases,Wooden Bookcase,4,283.89,911.73,0.197,127.88,Standard,Net Banking,4.0,5,No
ORD101967,2025-05-25,CUST01427,Consumer,South,Andhra Pradesh,Technology,Accessories,Keyboard,9,457.68,3150.97,0.278,402.23,Standard,Credit Card,4.0,7,No
ORD100238,2025-04-01,CUST01366,Consumer,West,Gujarat,Furniture,Chairs,Office Chair,1,206.83,205.19,0.064,53.62,Standard,Net Banking,3.5,6,No
ORD101847,2023-11-25,CUST01133,Small Business,West,Rajasthan,Furniture,Bookcases,Wooden Bookcase,3,639.4,1692.88,0.252,100.45,Express,UPI,5.0,1,No
ORD100110,2024-09-23,CUST01281,Consumer,East,Bihar,Furniture,Furnishings,Desk Lamp,1,317.15,260.19,0.18,34.51,Standard,Net Banking,,6,No
ORD102067,2024-10-27,CUST01518,Consumer,North,Delhi,Office Supplies,Storage,Filing Cabinet,3,139.55,447.98,0.093,117.56,Standard,UPI,4.2,5,No
ORD100164,2025-04-09,CUST01529,Consumer,East,Odisha,Technology,Printers,Inkjet Printer,2,594.06,1113.83,0.116,123.5,Express,COD,3.9,2,No
ORD100289,2025-11-03,CUST01044,Consumer,South,Andhra Pradesh,Furniture,Tables,Study Table,3,846.76,2454.78,0.181,541.29,Standard,UPI,4.0,7,No
ORD100253,2023-01-25,CUST01581,Corporate,North,Uttar Pradesh,Technology,Phones,Smartphone A,8,988.14,5910.01,0.252,770.1,Standard,UPI,3.5,8,No
ORD102005,2025-08-03,CUST01372,Consumer,West,Goa,Office Supplies,Stationery,Labels,3,185.98,498.69,0.106,145.53,Standard,Credit Card,4.2,5,No
ORD102942,2023-12-20,CUST01113,Consumer,South,Karnataka,Office Supplies,Binders,Ring Binder,5,279.84,1199.02,0.274,158.67,Same Day,UPI,4.6,1,No
ORD102770,2023-04-30,CUST01119,Corporate,West,Goa,Office Supplies,Paper,Premium Paper,3,217.72,519.1,0.25,80.27,Express,Credit Card,5.0,1,No
ORD100765,2023-07-04,CUST01432,Consumer,South,Telangana,Technology,Printers,Inkjet Printer,7,354.65,2341.75,0.057,471.62,Standard,Credit Card,3.5,5,No
ORD100839,2023-09-28,CUST01027,Consumer,South,Telangana,Furniture,Tables,Work Desk,2,1292.87,1755.63,0.321,188.44,Standard,UPI,4.2,4,No
ORD101518,2025-02-13,CUST01393,Corporate,North,Uttar Pradesh,Office Supplies,Binders,File Folder,5,356.89,1372.36,0.231,247.56,Standard,UPI,3.4,4,No
ORD102494,2025-11-13,CUST01563,Consumer,West,Gujarat,Office Supplies,Paper,A4 Paper,1,131.9,129.55,0.168,24.9,Standard,Credit Card,3.8,6,No
ORD102346,2025-07-19,CUST01006,Consumer,West,Gujarat,Furniture,Tables,Study Table,7,1511.62,9142.33,0.136,1556.64,Same Day,COD,4.6,1,No
ORD101019,2025-07-21,CUST01564,Small Business,South,Tamil Nadu,Furniture,Bookcases,Wooden Bookcase,4,710.63,2483.92,0.126,505.6,Standard,Credit Card,4.1,5,No
ORD100865,2024-06-03,CUST01036,Small Business,North,Uttar Pradesh,Office Supplies,Binders,Document Folder,8,174.51,1062.41,0.239,166.84,Standard,Net Banking,3.8,8,No
ORD101727,2023-10-08,CUST01567,Corporate,East,West Bengal,Office Supplies,Stationery,Markers,6,108.5,637.85,0.17,101.89,Standard,UPI,3.6,7,No
ORD102431,2025-02-27,CUST01522,Small Business,West,Maharashtra,Technology,Printers,Laser Printer,2,894.75,1498.73,0.162,199.22,Standard,UPI,4.4,3,No
ORD100846,2024-04-09,CUST01054,Corporate,South,Karnataka,Technology,Printers,Laser Printer,9,906.8,7149.01,0.174,855.95,Standard,Net Banking,2.9,7,No
ORD102413,2024-11-11,CUST01503,Corporate,North,Punjab,Furniture,Tables,Work Desk,1,269.32,282.37,0.111,46.04,Standard,COD,3.0,7,No
ORD100462,2025-09-12,CUST01323,Corporate,East,Jharkhand,Furniture,Tables,Work Desk,2,148.71,218.08,0.267,35.72,Standard,Credit Card,3.8,4,No
ORD102949,2023-11-02,CUST01433,Consumer,North,Delhi,Furniture,Chairs,Visitor Chair,1,164.69,176.57,0.091,21.92,Same Day,Credit Card,4.1,1,No
ORD102013,2024-03-29,CUST01155,Consumer,North,Delhi,Furniture,Tables,Work Desk,8,313.27,2018.78,0.24,222.21,Standard,UPI,4.4,5,No
ORD100158,2024-04-16,CUST01121,Corporate,East,West Bengal,Office Supplies,Stationery,Pens,2,166.38,278.57,0.21,50.96,Same Day,UPI,4.7,1,Yes
ORD101942,2024-01-02,CUST01405,Consumer,West,Maharashtra,Furniture,Furnishings,Curtains,2,221.85,383.87,0.135,24.09,Standard,UPI,3.6,7,No
ORD101645,2023-05-20,CUST01015,Corporate,East,Jharkhand,Furniture,Chairs,Office Chair,1,771.69,609.2,0.255,77.63,Express,UPI,4.2,3,No
ORD100678,2025-05-14,CUST01438,Corporate,East,Jharkhand,Furniture,Furnishings,Desk Lamp,3,325.12,868.84,0.16,147.69,Standard,COD,4.2,5,No
ORD102652,2023-06-23,CUST01342,Small Business,West,Rajasthan,Office Supplies,Storage,Filing Cabinet,1,510.09,476.12,0.067,81.36,Standard,COD,3.6,7,Yes
ORD100858,2025-08-28,CUST01472,Small Business,West,Gujarat,Office Supplies,Storage,Organizer,4,102.21,394.45,0.035,82.31,Express,COD,4.9,1,No
ORD100239,2025-02-28,CUST01333,Consumer,West,Gujarat,Office Supplies,Binders,Ring Binder,8,655.46,4275.23,0.185,650.88,Same Day,Net Banking,4.2,1,Yes
ORD101594,2024-10-26,CUST01240,Corporate,East,West Bengal,Office Supplies,Storage,Filing Cabinet,2,95.46,194.73,0.136,28.37,Standard,UPI,4.5,4,No
ORD102461,2025-04-06,CUST01462,Consumer,North,Punjab,Furniture,Furnishings,Whiteboard,3,341.82,1012.7,0.068,262.57,Express,Credit Card,4.6,1,No
ORD102006,2024-09-27,CUST01262,Consumer,West,Gujarat,Furniture,Tables,Conference Table,3,246.1,582.37,0.211,143.15,Standard,Credit Card,3.8,3,No
ORD100101,2025-07-08,CUST01458,Consumer,South,Telangana,Technology,Phones,Smartphone C,5,815.22,3758.45,0.078,501.82,Standard,UPI,4.4,4,No
ORD100316,2023-08-15,CUST01159,Consumer,West,Rajasthan,Technology,Phones,Smartphone B,1,1219.36,1013.25,0.169,96.27,Standard,UPI,3.9,3,No
ORD100841,2024-07-02,CUST01599,Consumer,East,West Bengal,Furniture,Bookcases,Wooden Bookcase,3,1766.03,3677.5,0.306,394.99,Standard,COD,4.6,3,No
ORD102861,2023-07-27,CUST01236,Consumer,South,Tamil Nadu,Furniture,Chairs,Ergonomic Chair,6,353.4,1790.11,0.156,160.97,Express,Credit Card,4.5,1,No
ORD100791,2025-03-23,CUST01439,Consumer,South,Andhra Pradesh,Furniture,Furnishings,Whiteboard,1,629.59,639.48,0.042,158.03,Express,UPI,4.2,3,No
ORD100904,2023-01-01,CUST01397,Consumer,North,Delhi,Technology,Printers,Inkjet Printer,4,649.67,2266.58,0.128,197.24,Same Day,UPI,4.8,2,No
ORD100262,2024-07-06,CUST01367,Corporate,West,Goa,Office Supplies,Stationery,Markers,2,165.53,236.57,0.285,20.62,Standard,UPI,3.5,8,No
ORD101755,2024-03-28,CUST01274,Consumer,South,Telangana,Technology,Accessories,Wireless Mouse,3,984.28,2880.7,0.08,365.6,Standard,UPI,3.5,8,No
ORD101671,2025-06-15,CUST01425,Small Business,West,Rajasthan,Furniture,Chairs,Ergonomic Chair,10,312.73,3102.69,0.008,770.15,Standard,Net Banking,4.1,5,No
ORD100196,2025-08-15,CUST01003,Corporate,West,Rajasthan,Office Supplies,Binders,Document Folder,7,102.28,662.44,0.075,126.44,Standard,UPI,4.1,7,No
ORD102356,2025-10-23,CUST01142,Corporate,South,Andhra Pradesh,Office Supplies,Storage,Storage Box,1,144.19,142.46,0.163,34.9,Express,Credit Card,5.0,2,Yes
ORD101026,2023-05-30,CUST01016,Consumer,South,Telangana,Furniture,Furnishings,Desk Lamp,2,309.65,577.5,0.12,102.45,Standard,Credit Card,3.6,7,No
ORD101763,2024-10-11,CUST01397,Consumer,East,West Bengal,Technology,Phones,Smartphone C,2,1716.63,3525.37,0.13,66.1,Standard,Credit Card,3.4,4,No
ORD100180,2024-01-05,CUST01446,Consumer,South,Tamil Nadu,Office Supplies,Binders,Ring Binder,5,94.61,413.23,0.126,108.81,Express,Credit Card,,3,No
ORD102330,2024-03-31,CUST01192,Corporate,South,Andhra Pradesh,Technology,Printers,Laser Printer,4,824.92,2787.88,0.203,377.97,Standard,Credit Card,2.8,8,No
ORD102762,2023-02-13,CUST01502,Consumer,West,,Technology,Accessories,Keyboard,3,953.15,2612.84,0.086,303.2,Express,UPI,4.4,2,No
ORD102796,2025-01-09,CUST01545,Consumer,South,Tamil Nadu,Technology,Printers,Inkjet Printer,1,788.37,495.38,0.372,-1.14,Standard,Credit Card,3.4,7,Yes
ORD100341,2025-04-27,CUST01331,Consumer,East,West Bengal,Office Supplies,Paper,Notebooks,1,70.06,48.22,0.351,3.81,Standard,UPI,4.4,3,No
ORD101079,2023-04-23,CUST01340,Consumer,North,Punjab,Office Supplies,Stationery,Stapler,1,190.24,184.35,0.086,37.75,Standard,Net Banking,4.5,4,No
ORD101188,2023-08-31,CUST01132,Consumer,East,Jharkhand,Technology,Phones,Smartphone C,5,1324.51,5761.83,0.13,1025.31,Same Day,Net Banking,5.0,1,No
ORD100749,2024-07-07,CUST01349,Consumer,North,Punjab,Technology,Printers,Inkjet Printer,7,458.67,2947.96,0.082,553.82,Same Day,Net Banking,5.0,1,No
ORD101089,2024-08-17,CUST01325,Corporate,North,Uttar Pradesh,Furniture,Tables,Study Table,3,1547.82,3914.11,0.157,510.65,Express,Net Banking,5.0,1,No
ORD100663,2025-05-22,CUST01562,Consumer,West,Maharashtra,Office Supplies,Binders,File Folder,3,259.56,646.52,0.217,101.76,Standard,Net Banking,4.2,3,No
ORD100481,2024-02-16,CUST01109,Corporate,East,Odisha,Office Supplies,Binders,Document Folder,6,49.09,262.62,0.108,53.82,Express,Net Banking,4.0,3,No
ORD102150,2025-02-17,CUST01204,Consumer,North,Uttar Pradesh,Office Supplies,Paper,Premium Paper,2,160.35,304.88,0.049,86.3,Standard,Credit Card,3.5,8,No
ORD102581,2025-08-18,CUST01322,Small Business,North,Punjab,Technology,Laptops,Laptop Pro,2,949.8,1373.67,0.277,168.68,Standard,UPI,3.4,3,No
ORD101363,2023-04-02,CUST01054,Consumer,North,Uttar Pradesh,Furniture,Furnishings,Curtains,3,663.15,1522.04,0.278,152.99,Express,UPI,4.5,3,Yes
ORD102448,2024-06-18,CUST01134,Consumer,South,Telangana,Technology,Accessories,Keyboard,3,502.15,1250.89,0.17,175.76,Standard,Credit Card,4.8,4,No
ORD100550,2023-03-16,CUST01218,Consumer,North,Delhi,Technology,Printers,Inkjet Printer,2,347.88,571.74,0.225,53.89,Standard,UPI,3.7,8,No
ORD101152,2024-03-10,CUST01074,Corporate,North,Punjab,Office Supplies,Stationery,Markers,9,70.77,574.55,0.149,116.89,Standard,Credit Card,3.5,8,No
ORD100784,2024-02-14,CUST01542,Consumer,South,Karnataka,Office Supplies,Paper,A4 Paper,2,363.67,566.43,0.221,77.31,Express,Credit Card,4.9,1,No
ORD102723,2023-07-14,CUST01272,Consumer,South,Tamil Nadu,Furniture,Furnishings,Whiteboard,4,408.43,1124.9,0.311,78.49,Same Day,UPI,4.7,1,Yes
ORD100743,2023-12-01,CUST01306,Small Business,South,Telangana,Furniture,Bookcases,Wooden Bookcase,5,251.05,1344.3,0.092,298.44,Same Day,UPI,4.5,1,No
ORD102657,2023-01-30,CUST01523,Corporate,North,Delhi,Technology,Laptops,Laptop Air,1,2042.38,1531.31,0.25,137.05,Standard,Net Banking,3.1,8,No
ORD101733,2023-05-21,CUST01457,Small Business,East,Jharkhand,Furniture,Chairs,Office Chair,3,614.74,1832.55,0.063,398.54,Standard,Credit Card,3.0,8,No
ORD100966,2024-11-23,CUST01437,Consumer,East,Bihar,Furniture,Chairs,Ergonomic Chair,8,699.88,4727.86,0.284,171.15,Standard,UPI,4.2,5,No
ORD101065,2023-04-29,CUST01422,Consumer,North,Haryana,Office Supplies,Stationery,Markers,3,390.45,1041.11,0.161,261.44,Standard,UPI,3.8,4,No
ORD101940,2025-05-13,CUST01172,Consumer,North,,Technology,Laptops,Business Laptop,2,600.34,1115.59,0.123,147.12,Same Day,UPI,4.9,1,No
ORD101118,2023-04-30,CUST01212,Corporate,West,Rajasthan,Office Supplies,Storage,Storage Box,1,84.18,81.67,0.085,18.94,Same Day,Credit Card,4.7,1,No
ORD102133,2023-01-01,CUST01131,Corporate,East,Bihar,Technology,Laptops,Business Laptop,3,336.75,950.12,0.06,144.53,Standard,COD,3.4,8,No
ORD102385,2023-11-07,CUST01189,Consumer,East,Jharkhand,Office Supplies,Stationery,Pens,7,137.22,793.88,0.3,61.4,Same Day,COD,4.0,2,No
ORD100248,2025-01-24,CUST01156,Consumer,West,Rajasthan,Office Supplies,Paper,Notebooks,4,336.61,1213.07,0.099,291.14,Standard,UPI,4.2,7,No
ORD102808,2025-05-02,CUST01596,Consumer,North,Uttar Pradesh,Office Supplies,Binders,Ring Binder,3,235.34,683.58,0.087,95.07,Standard,Credit Card,4.0,4,Yes
ORD101147,2023-09-09,CUST01067,Corporate,West,Goa,Office Supplies,Binders,File Folder,1,375.01,284.44,0.242,63.05,Standard,Net Banking,3.9,3,No
ORD102979,2023-07-25,CUST01227,Consumer,East,Jharkhand,Furniture,Chairs,Ergonomic Chair,5,210.43,952.15,0.095,172.59,Standard,UPI,3.8,5,No
ORD100627,2024-12-05,CUST01162,Consumer,East,West Bengal,Office Supplies,Storage,Filing Cabinet,2,153.11,338.67,0.063,80.11,Standard,UPI,,8,No
ORD100348,2024-03-07,CUST01038,Consumer,North,Uttar Pradesh,Technology,Laptops,Laptop Pro,2,656.91,784.36,0.437,-11.11,Express,COD,,4,No
ORD100279,2024-02-20,CUST01333,Consumer,East,Odisha,Office Supplies,Stationery,Labels,6,194.76,1087.71,0.069,325.31,Standard,UPI,3.7,5,No
ORD101812,2024-12-07,CUST01007,Small Business,West,Goa,Office Supplies,Stationery,Pens,5,177.07,811.71,0.223,128.4,Standard,Credit Card,3.5,4,No
ORD102293,2024-08-13,CUST01201,Consumer,West,Goa,Technology,Accessories,Headset,3,432.11,1068.79,0.176,130.55,Standard,COD,4.5,3,No
ORD100656,2025-06-27,CUST01362,Consumer,West,Gujarat,Technology,Accessories,Keyboard,4,1575.66,4962.32,0.213,396.99,Standard,Credit Card,3.5,6,Yes
ORD101236,2024-08-05,CUST01028,Consumer,North,Punjab,Office Supplies,Storage,Organizer,7,212.94,1354.61,0.091,293.79,Standard,COD,3.8,6,No
ORD102873,2023-12-06,CUST01373,Consumer,West,Rajasthan,Technology,Accessories,USB Hub,6,335.06,2150.34,0.094,355.7,Same Day,Credit Card,4.7,1,No
ORD102639,2025-10-22,CUST01275,Corporate,North,Uttar Pradesh,Technology,Phones,Smartphone B,4,343.49,1414.42,0.128,160.92,Standard,Credit Card,4.5,5,No
ORD102602,2024-01-01,CUST01371,Consumer,North,Delhi,Technology,Phones,Smartphone B,6,1003.01,5572.62,0.074,693.09,Standard,Net Banking,4.3,4,No
ORD102876,2023-06-23,CUST01060,Corporate,East,Bihar,Furniture,Chairs,Office Chair,4,371.86,1314.03,0.117,105.33,Standard,COD,3.5,7,No
ORD101737,2024-12-15,CUST01002,Consumer,West,Gujarat,Office Supplies,Binders,File Folder,7,309.65,1808.27,0.293,134.86,Standard,UPI,4.3,4,No
ORD100941,2023-09-17,CUST01086,Small Business,North,Punjab,Technology,Laptops,Business Laptop,2,515.3,785.46,0.238,95.34,Standard,UPI,4.3,5,No
ORD102610,2024-09-11,CUST01276,Consumer,South,Karnataka,Furniture,Furnishings,Desk Lamp,1,418.9,303.32,0.276,29.28,Standard,Net Banking,3.8,3,No
ORD100446,2025-03-06,CUST01572,Corporate,South,Andhra Pradesh,Office Supplies,Storage,Organizer,6,127.4,499.26,0.384,19.57,Express,UPI,4.0,3,No
ORD100618,2023-06-18,CUST01178,Corporate,West,Rajasthan,Office Supplies,Storage,Filing Cabinet,4,179.4,423.89,0.409,15.1,Express,UPI,4.8,1,No
ORD101710,2023-01-11,CUST01208,Corporate,North,Delhi,Furniture,Chairs,Ergonomic Chair,5,242.41,1064.26,0.122,200.78,Standard,UPI,3.4,6,No
ORD101091,2024-10-06,CUST01364,Small Business,East,,Technology,Accessories,Keyboard,1,870.05,922.83,0.101,74.66,Standard,Net Banking,3.4,8,No
ORD101921,2023-03-09,CUST01571,Consumer,South,Tamil Nadu,Furniture,Furnishings,Curtains,3,859.93,2010.45,0.265,184.48,Standard,Credit Card,3.2,8,No
ORD102627,2023-06-04,CUST01056,Small Business,East,Odisha,Office Supplies,Binders,Document Folder,4,75.65,229.46,0.242,17.3,Express,Credit Card,5.0,2,Yes
ORD101589,2025-06-10,CUST01275,Corporate,West,Rajasthan,Office Supplies,Storage,Organizer,7,148.31,798.26,0.231,85.9,Standard,UPI,3.1,7,No
ORD102685,2023-05-12,CUST01114,Consumer,West,Maharashtra,Technology,Laptops,Laptop Air,3,697.18,2031.94,0.083,326.09,Standard,UPI,4.3,8,No
ORD100548,2025-02-12,CUST01062,Corporate,West,Goa,Office Supplies,Paper,A4 Paper,1,115.71,103.52,0.105,28.25,Standard,Credit Card,4.3,5,No
ORD101802,2024-12-10,CUST01165,Consumer,North,Uttar Pradesh,Furniture,Tables,Conference Table,1,158.46,167.57,0.104,30.43,Standard,Net Banking,2.6,8,No
ORD100845,2023-01-10,CUST01552,Consumer,South,Tamil Nadu,Office Supplies,Storage,Filing Cabinet,3,84.23,211.7,0.162,26.4,Standard,Net Banking,4.0,5,No
ORD100908,2025-05-04,CUST01570,Consumer,West,Rajasthan,Technology,Laptops,Business Laptop,3,484.76,1388.92,0.099,245.67,Standard,UPI,4.8,3,No
ORD100264,2024-12-23,CUST01368,Corporate,North,Punjab,Furniture,Bookcases,Wooden Bookcase,3,663.3,2232.28,0.049,424.44,Standard,Net Banking,4.2,4,No
ORD101269,2024-07-03,CUST01557,Consumer,West,Rajasthan,Technology,Phones,Smartphone A,3,797.29,2134.87,0.107,281.09,Standard,Credit Card,4.5,4,No
ORD102366,2023-07-16,CUST01399,Corporate,East,Bihar,Furniture,Bookcases,Wooden Bookcase,3,669.63,1766.56,0.121,190.16,Standard,Net Banking,,3,No
ORD102773,2024-08-13,CUST01468,Consumer,North,Uttar Pradesh,Technology,Accessories,Wireless Mouse,3,315.78,828.14,0.126,87.61,Same Day,Credit Card,4.8,1,No
ORD100354,2025-01-27,CUST01359,Consumer,East,West Bengal,Office Supplies,Stationery,Stapler,1,347.95,333.4,0.042,90.32,Standard,COD,3.5,7,No
ORD101353,2024-05-28,CUST01102,Small Business,East,Jharkhand,Technology,Printers,Inkjet Printer,5,1211.29,5270.08,0.179,821.45,Standard,UPI,3.4,6,No
ORD100209,2025-08-22,CUST01427,Small Business,South,Andhra Pradesh,Technology,Phones,Smartphone C,3,935.19,2173.02,0.225,170.09,Express,UPI,4.6,1,No
ORD100614,2024-02-23,CUST01552,Small Business,West,Rajasthan,Office Supplies,Storage,Storage Box,5,228.2,1081.23,0.052,204.99,Same Day,UPI,4.2,1,No
ORD102287,2023-06-29,CUST01148,Consumer,West,Gujarat,Furniture,Bookcases,Wooden Bookcase,2,190.69,292.24,0.234,17.53,Standard,UPI,3.8,6,No
ORD101748,2025-07-18,CUST01434,Corporate,East,West Bengal,Furniture,Bookcases,Wooden Bookcase,2,504.12,926.48,0.081,220.75,Standard,Credit Card,3.3,9,No
ORD102510,2024-09-29,CUST01126,Consumer,East,Bihar,Office Supplies,Binders,Ring Binder,5,112.24,512.95,0.086,126.2,Standard,UPI,3.7,8,No
ORD101158,2024-05-24,CUST01090,Consumer,East,Jharkhand,Technology,Printers,Laser Printer,2,442.17,880.39,0.061,116.85,Standard,Net Banking,4.9,3,No
ORD102469,2024-03-11,CUST01268,Consumer,South,Telangana,Office Supplies,Stationery,Markers,6,55.97,298.48,0.162,46.98,Standard,UPI,3.9,6,No
ORD101779,2023-07-02,CUST01494,Small Business,West,Gujarat,Technology,Accessories,USB Hub,1,1806.02,1627.12,0.099,337.89,Standard,Credit Card,4.4,4,No
ORD102718,2025-10-11,CUST01049,Consumer,West,Rajasthan,Office Supplies,Stationery,Markers,2,149.78,271.28,0.233,40.89,Express,Credit Card,4.6,1,No
ORD100058,2025-10-03,CUST01560,Consumer,West,Maharashtra,Technology,Accessories,Keyboard,3,1114.38,3213.49,0.185,289.57,Standard,Credit Card,3.7,7,No
ORD102912,2025-06-20,CUST01119,Small Business,West,Rajasthan,Technology,Laptops,Business Laptop,3,1013.86,2739.77,0.099,326.74,Standard,Credit Card,3.9,8,No
ORD100812,2025-11-17,CUST01160,Consumer,South,Karnataka,Furniture,Bookcases,Wooden Bookcase,5,684.84,2498.36,0.382,-100.92,Standard,UPI,4.5,4,No
ORD102205,2025-12-20,CUST01544,Consumer,South,Tamil Nadu,Office Supplies,Stationery,Labels,4,127.13,488.11,0.187,91.71,Standard,Net Banking,4.3,6,No
ORD100562,2025-09-13,CUST01489,Corporate,North,Uttar Pradesh,Furniture,Tables,Study Table,1,373.76,298.27,0.202,56.68,Standard,COD,3.6,6,No
ORD102060,2024-01-16,CUST01293,Consumer,West,Rajasthan,Office Supplies,Storage,Filing Cabinet,2,98.96,154.21,0.221,23.13,Standard,Credit Card,3.5,7,Yes
ORD100230,2024-02-11,CUST01421,Corporate,South,,Furniture,Bookcases,Wooden Bookcase,7,650.88,3814.82,0.163,287.5,Same Day,UPI,4.6,1,No
ORD102523,2025-01-05,CUST01473,Corporate,South,Karnataka,Office Supplies,Storage,Filing Cabinet,1,126.14,103.48,0.18,21.42,Standard,COD,3.5,7,No
ORD101749,2025-08-16,CUST01248,Small Business,East,Jharkhand,Office Supplies,Stationery,Stapler,8,145.14,913.1,0.214,133.9,Express,UPI,4.0,2,No
ORD102275,2025-08-21,CUST01064,Corporate,West,Goa,Furniture,Furnishings,Whiteboard,5,599.64,2385.87,0.204,296.55,Standard,Net Banking,,6,No
ORD102105,2025-05-29,CUST01092,Consumer,South,Karnataka,Office Supplies,Stationery,Pens,3,114.09,235.82,0.35,26.49,Standard,Net Banking,3.0,7,No
ORD102840,2023-07-17,CUST01223,Small Business,South,Tamil Nadu,Office Supplies,Paper,A4 Paper,6,440.74,2538.08,0.04,741.77,Standard,UPI,4.8,4,No
ORD102571,2025-10-21,CUST01349,Corporate,East,Odisha,Office Supplies,Stationery,Stapler,1,173.92,175.45,0.145,42.67,Standard,UPI,3.4,6,No
ORD102811,2025-03-31,CUST01476,Consumer,North,Punjab,Office Supplies,Stationery,Stapler,3,110.37,289.62,0.175,52.37,Standard,COD,3.8,5,No
ORD101058,2024-01-16,CUST01584,Consumer,South,Andhra Pradesh,Furniture,Furnishings,Whiteboard,4,505.35,1897.3,0.061,504.97,Express,COD,,3,No
ORD101499,2024-03-27,CUST01520,Consumer,East,Odisha,Technology,Phones,Smartphone A,8,1011.56,7889.02,0.08,1428.4,Standard,UPI,3.6,8,No
ORD101074,2024-11-09,CUST01081,Consumer,North,Delhi,Technology,Laptops,Business Laptop,3,586.53,1618.16,0.221,156.08,Standard,UPI,3.9,7,No
ORD100708,2023-12-19,CUST01529,Consumer,South,Tamil Nadu,Technology,Phones,Smartphone C,7,1963.6,15809.32,0.025,3063.58,Standard,UPI,4.5,3,No
ORD100425,2025-01-01,CUST01575,Consumer,West,Rajasthan,Office Supplies,Paper,Premium Paper,4,196.33,713.76,0.091,201.02,Standard,UPI,3.1,8,Yes
ORD100070,2025-03-11,CUST01211,Consumer,North,Uttar Pradesh,Office Supplies,Storage,Storage Box,1,247.61,212.15,0.192,37.79,Same Day,UPI,5.0,1,No
ORD102850,2025-12-23,CUST01273,Corporate,South,Tamil Nadu,Technology,Laptops,Business Laptop,8,802.67,5849.46,0.228,636.28,Express,Credit Card,4.6,3,No
ORD102938,2024-04-01,CUST01099,Corporate,South,Tamil Nadu,Office Supplies,Paper,Premium Paper,4,493.86,1864.51,0.11,366.06,Standard,Credit Card,4.1,7,No
ORD101715,2023-12-12,CUST01192,Consumer,North,Uttar Pradesh,Office Supplies,Binders,File Folder,4,94.1,364.31,0.18,72.82,Standard,COD,4.3,5,No
ORD102179,2025-12-04,CUST01049,Small Business,West,Maharashtra,Furniture,Bookcases,Wooden Bookcase,6,355.82,2040.93,0.19,246.61,Standard,Credit Card,4.7,4,No
ORD101988,2025-09-15,CUST01368,Consumer,South,Tamil Nadu,Technology,Accessories,Headset,3,281.18,739.08,0.124,53.64,Express,COD,3.8,2,No
ORD102595,2025-02-12,CUST01044,Consumer,North,Uttar Pradesh,Office Supplies,Binders,File Folder,3,172.74,381.52,0.264,42.3,Express,UPI,5.0,1,No
ORD101961,2025-12-20,CUST01414,Consumer,North,Haryana,Technology,Phones,Smartphone A,6,173.51,874.42,0.288,26.85,Standard,UPI,4.3,3,No
ORD102124,2024-02-14,CUST01116,Small Business,East,Bihar,Office Supplies,Stationery,Stapler,5,348.32,1285.25,0.262,232.91,Standard,Net Banking,3.6,5,No
ORD100621,2023-08-16,CUST01158,Consumer,West,Maharashtra,Office Supplies,Stationery,Markers,2,335.75,650.75,0.031,153.54,Standard,Net Banking,4.2,5,No
ORD101352,2024-10-30,CUST01143,Consumer,East,Odisha,Furniture,Chairs,Visitor Chair,1,1382.76,1348.52,0.174,117.21,Standard,Credit Card,4.1,4,No
ORD101764,2024-02-22,CUST01286,Corporate,West,Rajasthan,Furniture,Tables,Conference Table,1,642.19,556.19,0.134,75.29,Express,COD,3.9,2,No
ORD100953,2024-03-10,CUST01476,Consumer,East,Jharkhand,Office Supplies,Binders,Document Folder,6,207.4,949.28,0.28,96.23,Standard,UPI,3.6,7,No
ORD102043,2024-12-02,CUST01464,Corporate,East,Odisha,Office Supplies,Binders,Ring Binder,3,228.47,560.04,0.308,66.91,Standard,Net Banking,,9,No
ORD102222,2024-08-29,CUST01044,Consumer,South,Telangana,Technology,Printers,Laser Printer,8,395.69,3111.51,0.017,583.89,Standard,UPI,4.2,4,No
ORD100931,2024-11-15,CUST01529,Small Business,North,Uttar Pradesh,Technology,Accessories,Headset,4,367.74,1360.72,0.216,104.64,Standard,Net Banking,3.4,6,No
ORD100928,2024-07-20,CUST01581,Consumer,South,Andhra Pradesh,Technology,Phones,Smartphone C,3,359.52,1007.79,0.066,151.57,Same Day,Credit Card,4.8,1,No
ORD102679,2024-12-09,CUST01173,Consumer,West,Maharashtra,Technology,Phones,Smartphone C,1,109.68,116.29,0.101,21.19,Same Day,UPI,5.0,1,No
ORD101726,2024-12-04,CUST01308,Consumer,East,West Bengal,Technology,Printers,Inkjet Printer,2,774.93,1324.88,0.276,-57.57,Standard,Credit Card,3.8,4,No
ORD100280,2023-10-18,CUST01530,Consumer,West,Maharashtra,Technology,Accessories,USB Hub,8,505.21,3466.43,0.273,89.25,Standard,COD,4.6,4,No
ORD101621,2024-11-09,CUST01404,Consumer,West,Gujarat,Furniture,Tables,Work Desk,4,407.99,1615.87,0.161,304.21,Standard,Credit Card,3.7,5,No
ORD102002,2024-05-20,CUST01001,Consumer,East,Bihar,Furniture,Bookcases,Metal Bookcase,2,253.8,445.87,0.171,29.13,Standard,Credit Card,3.7,8,No
ORD101919,2023-08-10,CUST01075,Consumer,East,Odisha,Furniture,Bookcases,Metal Bookcase,3,1097.78,2503.13,0.24,358.32,Express,Credit Card,4.1,2,No
ORD102407,2023-04-04,CUST01236,Consumer,South,Telangana,Technology,Printers,Inkjet Printer,1,977.93,895.65,0.136,82.43,Standard,Net Banking,4.2,3,No
ORD101676,2023-08-26,CUST01295,Consumer,South,Andhra Pradesh,Office Supplies,Binders,Document Folder,3,159.08,404.52,0.152,93.41,Standard,UPI,4.2,7,No
ORD100554,2023-10-28,CUST01367,Small Business,South,Andhra Pradesh,Furniture,Furnishings,Desk Lamp,1,765.03,705.21,0.219,82.87,Standard,Net Banking,3.8,6,No
ORD100835,2025-05-21,CUST01574,Consumer,South,Tamil Nadu,Furniture,Chairs,Visitor Chair,1,308.32,241.23,0.262,19.0,Standard,UPI,4.3,6,No
ORD100991,2024-05-29,CUST01427,Consumer,South,Andhra Pradesh,Furniture,Chairs,Ergonomic Chair,3,1099.68,2541.08,0.273,357.16,Same Day,Net Banking,4.7,1,No
ORD100597,2023-06-29,CUST01497,Consumer,West,Goa,Furniture,Bookcases,Wooden Bookcase,3,443.36,1088.67,0.182,125.49,Standard,Net Banking,3.8,7,No
ORD101614,2024-12-06,CUST01061,Consumer,West,Rajasthan,Office Supplies,Paper,Premium Paper,5,258.59,1349.85,0.115,381.37,Standard,UPI,3.9,6,No
ORD100803,2024-02-23,CUST01309,Consumer,South,Andhra Pradesh,Technology,Phones,Smartphone C,3,477.02,1374.66,0.039,245.17,Same Day,UPI,4.4,1,No
ORD102149,2025-03-20,CUST01309,Consumer,North,Punjab,Office Supplies,Stationery,Labels,8,166.72,1316.68,0.069,345.52,Standard,Net Banking,3.9,3,No
ORD100898,2023-10-28,CUST01392,Small Business,West,Goa,Office Supplies,Stationery,Labels,9,170.42,1165.21,0.356,106.09,Express,Credit Card,4.5,2,No
ORD102734,2024-05-30,CUST01056,Consumer,East,West Bengal,Technology,Phones,Smartphone A,7,678.77,4347.82,0.137,789.27,Express,Credit Card,4.7,3,No
ORD100441,2025-06-22,CUST01506,Consumer,West,Rajasthan,Furniture,Furnishings,Desk Lamp,1,487.42,445.23,0.087,90.84,Standard,Net Banking,3.9,7,No
ORD100509,2025-01-27,CUST01237,Consumer,South,Karnataka,Office Supplies,Storage,Filing Cabinet,2,121.57,163.17,0.329,10.26,Express,Credit Card,4.2,3,No
ORD100077,2025-11-02,CUST01039,Small Business,East,Bihar,Technology,Printers,Laser Printer,9,3124.0,28610.49,0.138,4699.4,Standard,UPI,3.9,6,No
ORD101934,2023-01-05,CUST01494,Consumer,South,Karnataka,Furniture,Bookcases,Wooden Bookcase,4,195.2,669.91,0.142,108.68,Same Day,UPI,5.0,1,No
ORD100650,2025-11-15,CUST01203,Consumer,South,Karnataka,Furniture,Bookcases,Wooden Bookcase,4,392.49,1711.07,0.076,333.76,Standard,UPI,3.6,5,Yes
ORD100523,2023-11-01,CUST01029,Corporate,West,Rajasthan,Furniture,Chairs,Visitor Chair,1,223.23,223.73,0.151,35.2,Express,Credit Card,4.4,1,No
ORD101513,2024-10-06,CUST01332,Consumer,South,,Technology,Accessories,Wireless Mouse,1,757.11,710.38,0.205,77.0,Standard,Credit Card,3.0,6,No
ORD101107,2025-02-19,CUST01179,Consumer,South,Telangana,Office Supplies,Paper,Notebooks,4,204.01,747.49,0.084,191.02,Standard,UPI,3.8,6,No
ORD102452,2023-10-22,CUST01543,Corporate,East,Odisha,Furniture,Tables,Study Table,5,332.93,1694.21,0.137,283.22,Express,COD,3.8,3,No
ORD100655,2023-05-17,CUST01304,Consumer,West,Gujarat,Technology,Phones,Smartphone A,4,1060.98,3553.54,0.21,47.14,Express,Credit Card,4.1,3,No
ORD102539,2025-02-05,CUST01326,Consumer,West,Gujarat,Office Supplies,Binders,Document Folder,6,234.67,1190.78,0.154,299.33,Standard,COD,4.7,3,No
ORD101566,2024-06-18,CUST01080,Consumer,South,Telangana,Technology,Phones,Smartphone B,2,634.15,982.48,0.225,119.14,Standard,UPI,3.6,4,No
ORD102220,2024-08-25,CUST01595,Small Business,North,Punjab,Office Supplies,Binders,File Folder,1,211.48,193.49,0.085,63.03,Express,UPI,4.7,2,No
ORD102863,2023-10-01,CUST01146,Small Business,North,Haryana,Technology,Printers,Laser Printer,2,488.37,991.12,0.14,189.49,Standard,Credit Card,4.4,5,No
ORD100631,2025-12-21,CUST01009,Small Business,South,,Technology,Laptops,Laptop Air,2,1236.45,2600.19,0.109,445.44,Express,UPI,4.0,2,No
ORD102241,2023-09-10,CUST01407,Consumer,North,Uttar Pradesh,Furniture,Tables,Conference Table,4,546.23,1534.92,0.297,52.1,Standard,UPI,3.6,5,No
ORD101534,2023-11-28,CUST01300,Consumer,East,West Bengal,Office Supplies,Stationery,Stapler,4,153.34,535.03,0.261,29.71,Standard,COD,3.2,7,No
ORD100980,2025-10-21,CUST01542,Corporate,East,Bihar,Furniture,Chairs,Office Chair,1,458.41,502.12,0.072,62.71,Standard,Credit Card,3.3,8,No
ORD100483,2023-08-15,CUST01324,Consumer,East,Bihar,Furniture,Bookcases,Wooden Bookcase,1,321.48,285.47,0.112,35.6,Standard,UPI,3.8,4,No
ORD101958,2025-01-08,CUST01213,Corporate,South,Tamil Nadu,Technology,Printers,Inkjet Printer,4,697.62,2353.41,0.157,465.54,Standard,Credit Card,3.8,8,No
ORD101135,2025-02-12,CUST01105,Corporate,South,Karnataka,Office Supplies,Storage,Organizer,2,195.45,327.19,0.163,85.38,Express,UPI,,2,No
ORD102577,2024-07-22,CUST01095,Consumer,East,Bihar,Office Supplies,Stationery,Pens,1,222.57,209.67,0.058,55.73,Standard,Credit Card,4.5,7,No
ORD101279,2023-12-25,CUST01066,Small Business,South,Telangana,Technology,Accessories,USB Hub,5,1757.85,10038.75,,1753.11,Standard,Credit Card,2.7,8,No
ORD100439,2023-03-26,CUST01443,Small Business,South,Karnataka,Office Supplies,Stationery,Stapler,5,137.4,601.58,0.174,138.85,Standard,Credit Card,3.1,-1,No
ORD101745,2023-06-21,CUST01403,Consumer,North,,Office Supplies,Stationery,Labels,1,307.51,211.56,0.312,24.23,Standard,Credit Card,,6,No
ORD102944,2024-02-15,CUST01554,Corporate,East,Bihar,Technology,Phones,Smartphone C,2,1948.98,3208.02,0.177,452.81,Express,Credit Card,4.2,2,No
ORD101568,2023-01-04,CUST01152,Corporate,East,Bihar,Technology,Laptops,Laptop Pro,1,1043.33,860.11,0.176,41.29,Standard,UPI,4.0,7,No
ORD100857,2023-06-02,CUST01421,Corporate,East,West Bengal,Furniture,Bookcases,Metal Bookcase,9,291.72,2271.07,0.135,364.88,Standard,UPI,3.6,7,No
ORD102014,2023-03-05,CUST01006,Consumer,South,Telangana,Technology,Accessories,Wireless Mouse,1,151.35,144.12,0.102,26.48,Express,Credit Card,3.7,3,Yes
ORD100167,2023-07-13,CUST01143,Consumer,East,West Bengal,Technology,Accessories,Wireless Mouse,5,585.93,2483.81,0.152,499.97,Standard,UPI,4.5,4,No
ORD100060,2024-11-16,CUST01354,Consumer,East,Bihar,Technology,Phones,Smartphone A,3,1040.07,3211.95,0.128,374.72,Standard,UPI,4.4,3,No
ORD100612,2024-08-16,CUST01600,Small Business,East,Jharkhand,Office Supplies,Binders,Ring Binder,2,257.77,461.99,0.104,126.53,Express,UPI,4.5,2,No
ORD100531,2024-05-23,CUST01031,Corporate,South,Karnataka,Technology,Laptops,Laptop Air,7,1241.76,7854.46,0.148,889.14,Express,UPI,4.9,2,No
ORD102890,2025-01-16,CUST01243,Small Business,South,Andhra Pradesh,Technology,Phones,Smartphone B,8,492.03,3654.77,0.072,475.17,Standard,UPI,3.6,8,No
ORD100050,2023-07-22,CUST01313,Consumer,North,Punjab,Office Supplies,Paper,Notebooks,4,159.7,589.16,0.078,140.89,Standard,Net Banking,3.9,5,No
ORD101507,2025-03-16,CUST01544,Corporate,West,Maharashtra,Office Supplies,Binders,File Folder,2,67.45,121.12,0.153,25.48,Express,UPI,4.2,3,No
ORD101939,2025-11-08,CUST01348,Corporate,North,Uttar Pradesh,Furniture,Bookcases,Metal Bookcase,7,1120.27,7068.25,0.236,565.35,Standard,COD,3.9,5,No
ORD100859,2025-06-11,CUST01019,Consumer,West,Maharashtra,Technology,Laptops,Laptop Pro,7,716.26,4933.87,0.016,809.23,Standard,UPI,4.3,8,No
ORD101718,2023-08-15,CUST01511,Small Business,West,Rajasthan,Office Supplies,Paper,Premium Paper,2,636.29,1261.87,0.008,398.74,Express,UPI,4.2,2,No
ORD100049,2024-03-31,CUST01517,Consumer,South,Andhra Pradesh,Office Supplies,Stationery,Pens,4,155.05,491.56,0.252,65.69,Standard,COD,3.8,4,No
ORD100720,2025-03-16,CUST01244,Corporate,North,Haryana,Technology,Printers,Inkjet Printer,1,1898.78,1704.9,0.153,206.03,Standard,Net Banking,3.8,7,No
ORD101938,2025-07-29,CUST01090,Small Business,West,Goa,Furniture,Tables,Conference Table,1,215.4,207.32,0.038,45.66,Standard,Net Banking,3.8,7,No
ORD101300,2024-11-02,CUST01421,Consumer,East,Jharkhand,Office Supplies,Stationery,Pens,8,315.98,2511.59,0.158,554.78,Standard,UPI,3.9,6,No
ORD102259,2025-11-03,CUST01175,Consumer,North,Uttar Pradesh,Office Supplies,Paper,Notebooks,4,242.66,1061.09,0.074,231.8,Standard,Net Banking,4.4,3,No
ORD101973,2025-09-30,CUST01470,Consumer,South,Telangana,Office Supplies,Stationery,Markers,5,745.69,2524.54,0.323,313.25,Standard,Credit Card,4.1,7,No
ORD100633,2024-09-15,CUST01333,Consumer,West,Rajasthan,Office Supplies,Storage,Storage Box,7,177.02,1081.76,0.127,221.33,Standard,Credit Card,4.0,4,No
ORD101318,2024-11-16,CUST01332,Consumer,South,Karnataka,Technology,Laptops,Laptop Air,8,365.45,3024.51,0.123,487.72,Standard,UPI,2.4,7,No
ORD102958,2024-05-05,CUST01270,Small Business,West,Goa,Technology,Laptops,Laptop Air,4,738.88,2450.27,0.218,155.73,Standard,Net Banking,4.4,3,No
ORD101229,2024-06-10,CUST01324,Consumer,South,Telangana,Technology,Printers,Laser Printer,1,382.73,277.01,0.276,27.43,Standard,UPI,4.3,4,No
ORD101308,2023-03-19,CUST01424,Consumer,South,Andhra Pradesh,Furniture,Chairs,Visitor Chair,3,381.71,958.64,0.21,112.9,Standard,Net Banking,3.6,8,No
ORD100026,2025-06-22,CUST01067,Corporate,South,Karnataka,Furniture,Tables,Study Table,1,766.69,651.55,0.15,156.94,Standard,Credit Card,3.7,8,No
ORD102064,2025-10-27,CUST01440,Small Business,West,Maharashtra,Office Supplies,Stationery,Labels,3,89.56,234.84,0.259,32.19,Express,COD,3.9,1,No
ORD100220,2023-06-13,CUST01350,Corporate,South,Tamil Nadu,Furniture,Tables,Work Desk,5,470.98,1773.56,0.247,183.03,Standard,UPI,3.8,8,No
ORD102158,2024-07-08,CUST01377,Corporate,East,Bihar,Technology,Accessories,USB Hub,1,399.38,329.27,0.176,38.22,Standard,UPI,3.6,7,No
ORD100277,2024-02-05,CUST01017,Corporate,South,Telangana,Technology,Accessories,Keyboard,1,1045.69,729.53,0.302,26.31,Standard,UPI,3.8,3,No
ORD101732,2024-03-01,CUST01005,Consumer,North,Delhi,Technology,Phones,Smartphone A,3,1423.05,4381.18,0.032,733.93,Express,COD,5.0,1,No
ORD102771,2023-12-11,CUST01537,Small Business,North,Punjab,Furniture,Bookcases,Metal Bookcase,1,295.82,331.03,,78.0,Express,Credit Card,4.3,1,No
ORD102827,2025-03-20,CUST01230,Consumer,East,West Bengal,Technology,Phones,Smartphone B,1,489.2,364.76,0.297,15.07,Standard,Credit Card,4.0,6,No
ORD101011,2025-12-18,CUST01272,Corporate,North,Haryana,Office Supplies,Binders,File Folder,5,64.37,283.23,0.254,36.22,Same Day,Credit Card,4.5,1,No
ORD101030,2023-06-19,CUST01176,Corporate,North,Uttar Pradesh,Furniture,Furnishings,Curtains,2,287.82,403.86,0.298,35.32,Express,UPI,3.5,4,No
ORD102349,2025-08-26,CUST01117,Corporate,North,Uttar Pradesh,Technology,Phones,Smartphone C,4,962.17,2888.06,0.25,287.08,Express,UPI,4.2,4,No
ORD100362,2024-08-26,CUST01067,Corporate,West,Rajasthan,Furniture,Chairs,Visitor Chair,1,265.66,233.93,0.119,41.8,Standard,UPI,4.0,5,No
ORD101222,2023-05-24,CUST01121,Corporate,East,Odisha,Furniture,Chairs,Ergonomic Chair,7,321.89,1819.91,0.238,200.12,Standard,UPI,4.7,4,No
ORD101570,2025-08-10,CUST01307,Consumer,South,Telangana,Technology,Laptops,Laptop Pro,1,432.31,328.61,0.24,11.5,Standard,UPI,3.8,7,Yes
ORD102908,2023-04-10,CUST01532,Consumer,North,Uttar Pradesh,Technology,Printers,Inkjet Printer,2,795.64,1576.04,0.066,217.29,Standard,Credit Card,3.1,8,No
ORD102347,2024-05-01,CUST01453,Consumer,North,Delhi,Furniture,Bookcases,Metal Bookcase,7,1031.35,6665.3,0.129,862.61,Standard,UPI,3.6,4,No
ORD102372,2024-05-26,CUST01538,Consumer,West,Gujarat,Office Supplies,Stationery,Markers,4,160.42,454.39,0.332,33.55,Express,Net Banking,4.1,3,No
ORD102051,2025-10-28,CUST01010,Corporate,West,Goa,Furniture,Chairs,Ergonomic Chair,2,226.89,435.05,0.188,53.81,Standard,Net Banking,,3,No
ORD101767,2025-07-21,CUST01242,Corporate,West,Rajasthan,Office Supplies,Binders,Ring Binder,1,238.99,163.62,0.315,18.23,Standard,UPI,3.3,8,No
ORD101875,2025-05-22,CUST01258,Corporate,South,Tamil Nadu,Technology,Accessories,Wireless Mouse,6,359.58,1971.37,0.138,163.85,Standard,UPI,3.6,5,No
ORD101341,2025-07-26,CUST01344,Corporate,South,Karnataka,Office Supplies,Paper,Premium Paper,1,301.54,263.78,0.125,52.94,Standard,UPI,4.5,5,No
ORD102644,2025-08-28,CUST01561,Consumer,West,Maharashtra,Technology,Accessories,Keyboard,4,554.15,2005.75,0.095,337.71,Standard,Credit Card,3.9,5,No
ORD101504,2025-09-30,CUST01508,Consumer,East,Jharkhand,Office Supplies,Storage,Organizer,3,243.28,611.53,,106.48,Standard,UPI,4.1,5,No
ORD100298,2023-02-12,CUST01558,Corporate,South,Tamil Nadu,Office Supplies,Stationery,Labels,2,146.99,260.77,0.113,64.73,Standard,UPI,3.8,7,No
ORD101208,2023-10-06,CUST01521,Corporate,North,Punjab,Office Supplies,Stationery,Labels,2,391.34,683.46,0.26,96.75,Standard,Credit Card,3.2,7,No
ORD100938,2024-12-25,CUST01201,Consumer,East,Jharkhand,Technology,Phones,Smartphone A,1,424.63,432.48,0.137,56.4,Standard,UPI,3.3,4,No
ORD100241,2024-04-07,CUST01240,Consumer,East,Odisha,Technology,Accessories,Wireless Mouse,1,628.87,656.47,0.015,98.38,Standard,Credit Card,4.1,6,No
ORD101214,2024-01-19,CUST01010,Consumer,North,Haryana,Office Supplies,Binders,Ring Binder,10,116.59,1027.07,0.119,268.0,Standard,Net Banking,4.0,7,No
ORD100959,2024-10-01,CUST01432,Small Business,South,Tamil Nadu,Technology,Phones,Smartphone B,5,490.89,2815.53,0.028,502.86,Standard,Net Banking,4.0,7,No
ORD100583,2025-02-01,CUST01047,Consumer,South,Andhra Pradesh,Office Supplies,Stationery,Stapler,3,401.77,944.08,0.217,87.71,Standard,COD,3.5,6,No
ORD101989,2024-05-22,CUST01374,Small Business,East,Bihar,Technology,Printers,Inkjet Printer,1,930.75,952.92,0.034,233.07,Standard,,3.1,9,No
ORD101226,2023-01-07,CUST01223,Consumer,South,,Office Supplies,Storage,Storage Box,3,371.23,913.69,0.18,184.45,Standard,Credit Card,4.3,5,No
ORD101358,2025-05-15,CUST01022,Consumer,South,Tamil Nadu,Technology,Accessories,USB Hub,3,547.99,1731.43,0.006,251.63,Same Day,COD,4.8,1,No
ORD101846,2024-10-24,CUST01181,Consumer,North,Delhi,Furniture,Tables,Work Desk,1,272.52,240.03,0.254,13.79,Standard,Credit Card,3.2,6,No
ORD102403,2025-06-25,CUST01162,Consumer,North,Uttar Pradesh,Office Supplies,Paper,A4 Paper,3,240.98,585.69,0.19,125.5,Standard,Credit Card,4.4,3,No
ORD100351,2024-10-16,CUST01444,Corporate,North,Uttar Pradesh,Technology,Laptops,Laptop Air,3,800.2,2473.43,0.127,241.17,Express,UPI,4.3,3,No
ORD102760,2024-02-07,CUST01141,Corporate,South,Telangana,Office Supplies,Stationery,Markers,1,271.05,180.43,0.334,17.16,Standard,UPI,3.6,5,No
ORD101243,2023-01-15,CUST01440,Consumer,South,Telangana,Office Supplies,Storage,Organizer,2,96.51,173.63,0.1,39.73,Standard,Credit Card,,8,No
ORD100350,2025-05-31,CUST01108,Consumer,East,West Bengal,Office Supplies,Binders,File Folder,1,91.43,92.09,0.05,19.48,Standard,UPI,3.8,7,No
ORD102305,2025-02-28,CUST01125,Corporate,South,Karnataka,Technology,Printers,Laser Printer,3,1919.95,4845.19,0.159,321.83,Express,UPI,4.2,1,No
ORD101761,2024-10-24,CUST01088,Small Business,East,Odisha,Furniture,Bookcases,Wooden Bookcase,3,829.12,2826.65,0.037,524.51,Standard,Net Banking,4.5,6,No
ORD100644,2023-04-02,CUST01042,Corporate,North,Punjab,Furniture,Tables,Study Table,2,290.05,509.43,0.172,50.47,Standard,COD,3.6,4,No
ORD101072,2023-07-06,CUST01125,Consumer,South,Andhra Pradesh,Technology,Accessories,Wireless Mouse,4,1201.75,3783.9,0.213,450.12,Standard,UPI,3.4,8,No
ORD100945,2023-06-12,CUST01551,Consumer,East,Odisha,Technology,Accessories,Headset,5,1181.6,4335.31,0.266,285.53,Express,UPI,4.8,3,No
ORD101794,2025-11-25,CUST01333,Consumer,West,Gujarat,Technology,Phones,Smartphone B,5,801.03,4540.95,0.039,696.19,Standard,COD,3.9,5,Yes
ORD100658,2025-06-29,CUST01588,Small Business,West,Gujarat,Technology,Laptops,Business Laptop,6,712.03,3547.24,0.17,299.64,Express,Credit Card,4.5,1,No
ORD102368,2024-08-26,CUST01511,Small Business,South,Tamil Nadu,Office Supplies,Storage,Organizer,4,276.43,784.18,0.291,124.03,Same Day,Credit Card,5.0,1,No
ORD101191,2024-10-24,CUST01156,Corporate,South,Karnataka,Furniture,Chairs,Visitor Chair,4,317.44,1367.74,0.087,291.88,Standard,UPI,3.1,7,Yes
ORD101806,2024-09-02,CUST01502,Consumer,East,Odisha,Office Supplies,Storage,Filing Cabinet,3,154.64,409.72,0.117,133.86,Standard,COD,3.1,7,No
ORD102562,2023-05-04,CUST01021,Corporate,West,Rajasthan,Office Supplies,Storage,Filing Cabinet,1,284.78,233.82,0.225,39.28,Standard,Credit Card,3.8,3,No
ORD100648,2025-01-26,CUST01453,Corporate,East,Jharkhand,Technology,Phones,Smartphone C,7,177.78,1091.55,0.123,150.73,Standard,Credit Card,4.2,5,No
ORD101054,2024-01-04,CUST01540,Corporate,North,Uttar Pradesh,Technology,Accessories,USB Hub,8,341.7,2190.69,0.199,67.41,Standard,COD,3.5,7,No
ORD102187,2023-10-29,CUST01253,Consumer,North,Punjab,Office Supplies,Storage,Storage Box,6,134.88,674.42,0.294,57.39,Standard,COD,4.3,3,No
ORD101728,2024-09-13,CUST01368,Consumer,South,Tamil Nadu,Technology,Phones,Smartphone A,7,661.5,4242.85,0.084,448.53,Standard,Credit Card,4.1,5,No
ORD101094,2025-08-29,CUST01001,Small Business,South,Karnataka,Office Supplies,Binders,Ring Binder,4,240.25,852.21,0.113,201.16,Express,Net Banking,4.4,1,No
ORD100539,2025-05-15,CUST01274,Consumer,West,Goa,Office Supplies,Binders,Ring Binder,4,89.52,294.52,0.224,48.95,Standard,Net Banking,2.9,8,Yes
ORD101069,2023-11-05,CUST01202,Consumer,West,Gujarat,Furniture,Bookcases,Metal Bookcase,3,298.74,1041.11,0.016,191.96,Same Day,UPI,4.1,1,No
ORD101780,2023-05-20,CUST01090,Corporate,West,Goa,Office Supplies,Paper,Notebooks,1,175.31,157.89,0.15,18.53,Standard,Credit Card,3.9,3,No
ORD102388,2024-08-11,CUST01534,Consumer,South,Telangana,Office Supplies,Paper,Premium Paper,4,202.62,586.68,0.276,105.84,Standard,Credit Card,4.3,6,No
ORD101559,2025-05-01,CUST01132,Corporate,East,Odisha,Technology,Printers,Inkjet Printer,1,609.71,513.54,0.205,39.47,Express,UPI,4.0,2,No
ORD101510,2023-11-19,CUST01531,Corporate,West,Maharashtra,Furniture,Chairs,Ergonomic Chair,3,548.94,1403.35,0.278,95.0,Standard,,3.4,5,No
ORD101129,2023-12-28,CUST01448,Consumer,North,Punjab,Office Supplies,Storage,Filing Cabinet,1,302.47,243.82,0.317,49.14,Express,UPI,4.5,2,No
ORD100802,2024-02-03,CUST01204,Corporate,East,Odisha,Furniture,Tables,Work Desk,2,466.75,666.79,0.286,17.43,Express,Net Banking,3.7,4,No
ORD100787,2024-03-11,CUST01151,Consumer,North,Delhi,Office Supplies,Binders,Document Folder,5,361.43,1053.56,0.45,105.94,Standard,Net Banking,4.1,5,Yes
ORD102709,2024-02-19,CUST01558,Corporate,South,Karnataka,Office Supplies,Paper,Premium Paper,7,219.63,1011.81,0.342,156.82,Standard,Credit Card,4.4,3,No
ORD100141,2025-06-09,CUST01403,Corporate,South,Karnataka,Furniture,Tables,Work Desk,2,273.64,452.1,0.174,42.88,Same Day,Credit Card,4.6,1,No
ORD100789,2025-07-31,CUST01179,Consumer,South,Karnataka,Technology,Laptops,Business Laptop,2,1311.83,2211.81,0.157,211.61,Standard,Credit Card,3.9,7,No
ORD102537,2025-05-14,CUST01259,Small Business,East,Jharkhand,Office Supplies,Binders,Ring Binder,6,239.88,1288.54,0.155,303.11,Standard,Credit Card,4.1,6,No
ORD101114,2023-07-16,CUST01408,Corporate,South,Tamil Nadu,Office Supplies,Paper,A4 Paper,4,269.94,931.14,0.138,210.8,Same Day,UPI,4.4,1,No
ORD102044,2023-10-05,CUST01537,Corporate,East,Bihar,Office Supplies,Storage,Filing Cabinet,6,196.51,1015.88,0.27,168.39,Express,Credit Card,4.5,1,No
ORD100715,2024-06-25,CUST01349,Corporate,South,Andhra Pradesh,Furniture,Chairs,Ergonomic Chair,1,283.05,213.6,0.245,30.81,Standard,COD,4.7,4,No
ORD100804,2023-09-09,CUST01020,Small Business,North,Delhi,Furniture,Bookcases,Wooden Bookcase,4,695.81,1739.45,0.375,11.82,Express,COD,4.6,1,No
ORD102647,2025-06-03,CUST01211,Consumer,West,Rajasthan,Furniture,Chairs,Ergonomic Chair,2,497.61,879.83,0.116,136.84,Express,UPI,4.5,3,No
ORD101666,2025-08-30,CUST01572,Consumer,South,Andhra Pradesh,Office Supplies,Storage,Filing Cabinet,3,602.6,1514.15,0.162,343.67,Same Day,COD,4.7,1,No
ORD100124,2025-04-11,CUST01029,Consumer,East,West Bengal,Office Supplies,Storage,Filing Cabinet,2,201.05,414.26,0.028,93.24,Standard,Credit Card,3.3,9,No
ORD102981,2024-11-08,CUST01392,Consumer,North,Haryana,Office Supplies,Paper,Premium Paper,5,88.64,470.95,0.099,80.1,Standard,Credit Card,3.6,8,No
ORD101851,2023-04-15,CUST01524,Small Business,South,Karnataka,Technology,Phones,Smartphone B,6,1089.64,6661.37,0.039,1010.51,Standard,UPI,4.4,3,No
ORD101458,2025-03-11,CUST01433,Small Business,West,Gujarat,Technology,Laptops,Business Laptop,3,519.52,1402.66,0.151,9.85,Same Day,UPI,4.3,1,No
ORD101095,2023-04-16,CUST01582,Small Business,South,Telangana,Technology,Printers,Inkjet Printer,6,389.51,2072.91,0.163,216.52,Standard,Net Banking,2.8,8,No
ORD100619,2023-10-31,CUST01219,Consumer,East,Bihar,Furniture,Chairs,Office Chair,8,344.04,3099.02,0.046,714.01,Standard,Net Banking,3.6,6,No
ORD100407,2025-06-14,CUST01270,Small Business,West,Rajasthan,Technology,Printers,Laser Printer,2,785.7,1148.16,0.269,38.47,Standard,UPI,4.1,4,No
ORD101180,2025-11-28,CUST01515,Consumer,South,Tamil Nadu,Furniture,Furnishings,Curtains,6,369.05,2162.79,0.172,321.82,Express,UPI,4.5,1,No
ORD102119,2024-11-12,CUST01234,Consumer,South,Tamil Nadu,Office Supplies,Storage,Filing Cabinet,3,154.6,458.34,0.163,130.83,Express,UPI,5.0,2,No
ORD101090,2025-01-27,CUST01495,Consumer,West,Gujarat,Furniture,Bookcases,Metal Bookcase,6,489.37,2362.03,0.196,345.9,Standard,Credit Card,3.3,5,No
ORD102443,2023-09-11,CUST01390,Corporate,North,Uttar Pradesh,Office Supplies,Binders,Document Folder,1,249.46,226.99,0.09,47.73,Standard,UPI,3.0,8,No
ORD102211,2024-08-29,CUST01087,Corporate,North,Haryana,Office Supplies,Binders,Document Folder,3,225.6,554.81,0.18,121.26,Express,Credit Card,3.9,2,No
ORD100498,2023-11-02,CUST01548,Corporate,South,Tamil Nadu,Furniture,Tables,Work Desk,1,254.07,280.48,0.064,63.14,Express,COD,4.3,1,Yes
ORD100343,2025-03-08,CUST01145,Corporate,North,,Technology,Phones,Smartphone A,3,735.26,1975.41,0.155,283.43,Standard,UPI,3.1,4,No
ORD101867,2023-08-03,CUST01551,Corporate,East,Bihar,Office Supplies,Binders,Ring Binder,3,195.56,385.55,0.343,75.4,Standard,UPI,4.0,6,No
ORD102865,2024-12-21,CUST01222,Consumer,North,Haryana,Furniture,Bookcases,Metal Bookcase,6,520.7,3128.75,0.151,251.3,Express,UPI,4.1,2,No
ORD100783,2024-10-01,CUST01006,Consumer,West,Rajasthan,Technology,Accessories,Wireless Mouse,2,839.69,1871.17,0.056,462.43,Standard,Credit Card,4.7,3,No
ORD102963,2024-04-11,CUST01130,Consumer,West,Maharashtra,Furniture,Chairs,Office Chair,2,674.02,1112.41,0.222,140.15,Express,UPI,4.8,2,No
ORD100304,2024-01-18,CUST01311,Corporate,West,Rajasthan,Office Supplies,Paper,Notebooks,3,395.05,946.5,0.201,89.22,Standard,Credit Card,3.1,8,No
ORD102972,2025-03-19,CUST01079,Consumer,West,Gujarat,Furniture,Bookcases,Metal Bookcase,1,296.44,304.02,0.032,59.9,Express,Credit Card,5.0,3,No
ORD100665,2023-10-06,CUST01053,Small Business,East,Bihar,Furniture,Furnishings,Curtains,5,289.74,1534.31,0.102,400.91,Standard,COD,3.0,8,No
ORD101964,2024-04-10,CUST01522,Corporate,West,Gujarat,Technology,Laptops,Laptop Pro,6,642.46,2840.14,0.305,165.06,Standard,COD,3.4,5,No
ORD102831,2024-06-20,CUST01576,Small Business,West,Gujarat,Furniture,Bookcases,Metal Bookcase,5,525.32,2455.73,0.065,363.48,Same Day,UPI,4.6,1,No
ORD102175,2025-10-29,CUST01433,Small Business,South,Karnataka,Technology,Accessories,Headset,2,1050.91,2316.79,0.066,399.59,Express,UPI,3.8,2,No
ORD101484,2023-01-10,CUST01091,Small Business,North,Punjab,Furniture,Chairs,Office Chair,3,576.95,1512.96,0.126,334.09,Same Day,UPI,4.2,1,No
ORD100085,2025-10-03,CUST01511,Small Business,South,Tamil Nadu,Technology,Laptops,Laptop Pro,3,1740.88,4344.35,0.295,159.63,Express,Credit Card,4.6,3,No
ORD102226,2024-11-14,CUST01376,Small Business,East,Bihar,Furniture,Furnishings,Whiteboard,7,179.94,1219.07,0.18,214.91,Standard,UPI,3.8,7,No
ORD100942,2025-02-07,CUST01335,Corporate,South,Telangana,Technology,Printers,Inkjet Printer,2,819.35,1562.0,0.047,378.65,Standard,Credit Card,3.7,5,No
ORD100962,2023-09-16,CUST01062,Small Business,North,Punjab,Furniture,Furnishings,Desk Lamp,9,722.65,5027.23,0.227,512.87,Express,Net Banking,4.2,1,No
ORD100842,2024-01-02,CUST01486,Consumer,North,Delhi,Office Supplies,Binders,File Folder,2,125.41,213.58,0.148,25.19,Standard,COD,3.9,7,No
ORD101413,2023-07-02,CUST01026,Consumer,East,,Furniture,Tables,Study Table,10,467.69,4433.1,0.052,915.13,Express,COD,3.8,4,No
ORD102391,2024-02-21,CUST01205,Consumer,West,Rajasthan,Office Supplies,Paper,A4 Paper,1,178.37,128.44,0.28,24.97,Same Day,UPI,4.5,1,No
ORD101178,2024-11-13,CUST01239,Consumer,South,Telangana,Furniture,Bookcases,Metal Bookcase,4,277.14,1139.13,0.129,236.89,Standard,COD,3.1,7,No
ORD102729,2023-01-31,CUST01107,Corporate,North,Punjab,Furniture,Chairs,Office Chair,5,478.46,1962.71,0.18,273.35,Express,Credit Card,4.5,3,No
ORD100291,2025-07-30,CUST01096,Small Business,West,Maharashtra,Furniture,Bookcases,Wooden Bookcase,5,353.95,1702.92,0.038,331.29,Standard,Credit Card,4.4,3,No
ORD101819,2023-04-29,CUST01517,Small Business,East,Odisha,Office Supplies,Stationery,Labels,1,160.61,132.77,0.22,23.98,Express,Credit Card,4.3,2,No
ORD102702,2023-11-14,CUST01152,Small Business,West,Goa,Furniture,Bookcases,Metal Bookcase,1,278.84,244.41,0.257,11.68,Standard,UPI,4.2,5,No
ORD100605,2025-04-21,CUST01260,Corporate,North,Punjab,Technology,Accessories,Keyboard,3,1321.01,3420.74,0.186,53.84,Express,Credit Card,4.3,2,No
ORD102054,2025-10-10,CUST01396,Corporate,East,Bihar,Technology,Printers,Laser Printer,3,553.58,1589.47,0.189,164.46,Same Day,Credit Card,4.8,1,No
ORD100917,2024-05-07,CUST01328,Corporate,North,Punjab,Office Supplies,Binders,Ring Binder,4,386.9,1042.89,0.364,94.87,Standard,Net Banking,3.9,4,No
ORD101261,2025-03-06,CUST01384,Small Business,North,Uttar Pradesh,Office Supplies,Binders,File Folder,2,233.36,457.82,0.075,148.81,Standard,COD,4.0,4,No
ORD101661,2025-03-09,CUST01171,Consumer,North,Haryana,Office Supplies,Stationery,Stapler,2,179.14,362.03,0.047,116.66,Same Day,COD,5.0,1,No
ORD102111,2023-12-14,CUST01351,Consumer,West,Goa,Furniture,Chairs,Visitor Chair,4,673.1,2816.05,0.114,515.46,Standard,UPI,3.5,5,No
ORD101777,2024-09-25,CUST01081,Corporate,North,Delhi,Technology,Accessories,USB Hub,5,934.17,3738.21,0.2,390.45,Standard,Net Banking,3.2,8,No
ORD100822,2025-11-02,CUST01221,Small Business,East,Odisha,Office Supplies,Storage,Organizer,3,151.92,440.6,0.181,101.07,Standard,UPI,4.6,5,No
ORD102482,2025-10-06,CUST01248,Consumer,East,West Bengal,Office Supplies,Paper,Premium Paper,1,306.01,332.3,0.08,81.15,Standard,UPI,4.4,6,No
ORD101001,2024-07-05,CUST01188,Corporate,North,Punjab,Office Supplies,Storage,Filing Cabinet,1,194.2,184.91,0.048,48.88,Standard,UPI,2.7,7,No
ORD102576,2025-02-16,CUST01091,Corporate,West,Goa,Office Supplies,Stationery,Labels,9,281.66,2330.25,0.081,407.89,Standard,Credit Card,3.2,7,No
ORD100019,2025-08-02,CUST01078,Consumer,South,Karnataka,Technology,Laptops,Laptop Air,3,538.12,1558.27,0.035,285.57,Same Day,UPI,4.3,1,No
ORD101805,2023-11-24,CUST01515,Consumer,North,Uttar Pradesh,Furniture,Chairs,Office Chair,2,218.79,377.49,0.269,40.76,Same Day,Credit Card,4.3,2,No
ORD101231,2025-12-07,CUST01466,Small Business,West,Rajasthan,Technology,Laptops,Business Laptop,4,532.57,2315.99,0.079,279.77,Express,Credit Card,4.4,1,No
ORD101916,2023-02-12,CUST01174,Consumer,South,Telangana,Office Supplies,Storage,Storage Box,5,173.62,604.21,0.304,88.35,Standard,UPI,4.1,7,No
ORD101270,2024-02-04,CUST01174,Corporate,West,Gujarat,Technology,Phones,Smartphone A,3,451.32,984.82,0.273,63.23,Standard,UPI,3.0,8,Yes
ORD101563,2025-05-16,CUST01583,Consumer,North,Uttar Pradesh,Office Supplies,Binders,File Folder,6,489.41,2711.48,0.129,636.82,Express,Credit Card,4.2,2,Yes
ORD101452,2023-01-17,CUST01524,Consumer,West,Maharashtra,Technology,Printers,Laser Printer,10,460.71,3595.82,0.219,149.01,Standard,Credit Card,3.7,8,No
ORD102517,2024-04-09,CUST01586,Consumer,East,West Bengal,Furniture,Chairs,Ergonomic Chair,1,271.86,282.1,0.021,44.67,Standard,Net Banking,3.1,8,No
ORD102670,2024-11-03,CUST01515,Consumer,South,Telangana,Technology,Laptops,Laptop Air,3,316.32,1080.39,0.035,187.31,Standard,Credit Card,3.8,6,No
ORD101506,2023-04-05,CUST01421,Small Business,East,Odisha,Office Supplies,Paper,A4 Paper,4,53.41,207.04,0.086,36.3,Standard,COD,4.4,5,No
ORD102788,2023-11-10,CUST01123,Corporate,North,Punjab,Technology,Printers,Inkjet Printer,1,1478.49,1179.61,0.324,41.37,Standard,Credit Card,3.4,8,No
ORD100361,2025-04-13,CUST01391,Small Business,East,Jharkhand,Technology,Accessories,USB Hub,6,449.98,2617.61,0.085,408.86,Same Day,COD,4.4,1,No
ORD101833,2025-09-10,CUST01182,Consumer,West,Maharashtra,Office Supplies,Storage,Storage Box,5,429.78,1882.1,0.124,380.55,Standard,Net Banking,3.4,7,No
ORD101360,2025-01-28,CUST01237,Consumer,West,Gujarat,Technology,Laptops,Laptop Air,7,666.05,3326.45,0.287,117.66,Standard,Credit Card,,4,No
ORD101271,2025-04-01,CUST01223,Corporate,East,Bihar,Office Supplies,Paper,A4 Paper,10,172.96,1672.01,0.088,352.7,Standard,Credit Card,4.4,5,No
ORD101592,2024-11-14,CUST01528,Corporate,East,Jharkhand,Furniture,Furnishings,Desk Lamp,7,293.52,1704.21,0.297,-87.44,Standard,Credit Card,3.7,4,No
ORD100345,2024-03-23,CUST01130,Consumer,South,Telangana,Technology,Phones,Smartphone B,6,1386.67,6695.13,0.241,378.13,Standard,COD,4.4,7,Yes
ORD100987,2025-06-13,CUST01138,Consumer,East,Bihar,Furniture,Tables,Study Table,7,1004.15,6078.21,0.135,1102.09,Express,UPI,3.3,2,No
ORD102833,2025-08-28,CUST01560,Consumer,West,Gujarat,Furniture,Bookcases,Metal Bookcase,3,719.63,2121.01,0.018,560.52,Standard,Credit Card,3.7,7,Yes
ORD101741,2025-07-24,CUST01377,Consumer,East,Bihar,Technology,Accessories,Wireless Mouse,10,197.25,1639.47,0.169,171.98,Standard,UPI,4.2,3,No
ORD102350,2023-04-01,CUST01220,Small Business,South,Tamil Nadu,Office Supplies,Binders,Document Folder,1,125.94,120.85,0.095,26.83,Standard,COD,3.9,7,No
ORD101926,2025-03-29,CUST01285,Consumer,North,Punjab,Technology,Laptops,Laptop Air,2,731.69,1247.03,0.196,182.73,Standard,Credit Card,3.2,8,Yes
ORD101678,2024-08-29,CUST01502,Consumer,South,Tamil Nadu,Technology,Laptops,Laptop Air,5,437.9,1895.85,0.134,354.77,Standard,UPI,2.9,8,No
ORD101603,2025-08-24,CUST01455,Consumer,North,Haryana,Technology,Accessories,Keyboard,4,500.53,1653.9,0.174,228.65,Same Day,COD,,1,No
ORD100086,2023-09-18,CUST01278,Consumer,South,Karnataka,Furniture,Bookcases,Metal Bookcase,5,393.41,1921.4,0.023,432.24,Standard,Credit Card,4.2,3,No
ORD102217,2025-10-19,CUST01418,Small Business,East,West Bengal,Technology,Accessories,USB Hub,4,1305.42,5482.04,0.11,917.54,Same Day,Net Banking,4.8,1,No
ORD100669,2023-02-06,CUST01044,Consumer,East,Bihar,Technology,Phones,Smartphone B,1,462.84,420.51,0.091,52.4,Standard,COD,3.3,8,No
ORD101015,2025-04-16,CUST01487,Consumer,East,West Bengal,Furniture,Tables,Conference Table,1,192.17,195.3,0.041,53.55,Standard,Credit Card,3.8,6,No
ORD100129,2025-10-24,CUST01219,Consumer,North,Uttar Pradesh,Furniture,Chairs,Office Chair,2,393.31,882.94,0.049,251.03,Standard,COD,3.8,6,No
ORD101912,2025-09-14,CUST01036,Corporate,South,Andhra Pradesh,Office Supplies,Paper,A4 Paper,6,138.98,669.64,0.197,163.41,Express,Net Banking,4.9,1,No
ORD102999,2024-09-26,CUST01096,Corporate,West,Maharashtra,Office Supplies,Storage,Storage Box,2,423.64,716.32,0.155,143.67,Standard,UPI,3.0,4,No
ORD100892,2024-12-02,CUST01119,Consumer,West,Rajasthan,Office Supplies,Storage,Filing Cabinet,5,55.39,299.74,0.083,70.74,Express,Credit Card,4.3,3,No
ORD101848,2025-09-07,CUST01222,Corporate,West,Maharashtra,Furniture,Chairs,Visitor Chair,4,737.91,2488.43,0.157,402.75,Standard,UPI,4.3,5,No
ORD100308,2023-10-18,CUST01508,Corporate,East,Jharkhand,Technology,Phones,Smartphone C,1,463.11,476.34,0.128,26.58,Standard,Net Banking,4.0,5,No
ORD100384,2025-10-05,CUST01055,Corporate,North,Punjab,Office Supplies,Paper,Notebooks,2,280.81,623.08,0.06,144.19,Standard,UPI,3.5,7,No
ORD101862,2024-03-22,CUST01570,Corporate,West,Maharashtra,Office Supplies,Stationery,Stapler,2,182.58,343.77,0.112,97.84,Standard,COD,3.5,8,No
ORD101150,2024-01-30,CUST01493,Small Business,East,Jharkhand,Office Supplies,Stationery,Markers,4,157.89,594.22,0.059,159.56,Standard,Net Banking,3.9,6,No
ORD100427,2024-05-05,CUST01501,Corporate,East,,Furniture,Tables,Study Table,3,287.48,737.61,0.193,114.93,Standard,Credit Card,3.7,8,No
ORD100495,2023-11-07,CUST01218,Consumer,East,Odisha,Office Supplies,Paper,A4 Paper,1,260.32,248.75,0.19,58.41,Standard,UPI,4.6,6,No
ORD100752,2024-06-10,CUST01458,Consumer,East,Jharkhand,Office Supplies,Storage,Filing Cabinet,2,75.38,111.47,0.261,19.68,Standard,Credit Card,3.6,5,No
ORD102529,2024-11-02,CUST01388,Corporate,South,,Technology,Printers,Laser Printer,4,403.6,1562.75,0.18,275.16,Standard,UPI,3.8,7,No
ORD102210,2023-08-13,CUST01527,Consumer,East,Jharkhand,Office Supplies,Binders,Ring Binder,1,189.27,163.06,0.138,26.81,Same Day,Net Banking,4.4,2,No
ORD101274,2024-08-04,CUST01151,Corporate,South,Karnataka,Furniture,Chairs,Ergonomic Chair,5,797.17,3708.06,0.07,741.81,Standard,UPI,,7,No
ORD102103,2024-08-05,CUST01264,Consumer,North,Punjab,Office Supplies,Stationery,Labels,6,144.69,763.39,0.121,112.91,Express,Credit Card,3.9,4,No
ORD100276,2025-12-11,CUST01051,Consumer,North,Delhi,Office Supplies,Paper,A4 Paper,2,503.72,967.3,0.186,198.24,Standard,Credit Card,2.8,8,No
ORD100490,2023-06-18,CUST01162,Consumer,South,,Technology,Printers,Inkjet Printer,7,1429.24,9510.34,0.049,2354.35,Standard,COD,4.8,3,No
ORD102565,2025-12-28,CUST01302,Consumer,North,Delhi,Furniture,Tables,Conference Table,1,176.71,164.38,0.212,27.68,Standard,Credit Card,3.0,7,No
ORD100691,2025-11-28,CUST01574,Consumer,West,Gujarat,Technology,Phones,Smartphone C,2,739.57,1625.31,0.069,214.21,Standard,Credit Card,4.5,4,No
ORD101335,2023-05-08,CUST01231,Corporate,West,Rajasthan,Technology,Phones,Smartphone A,6,555.43,2836.56,0.197,115.73,Standard,Credit Card,3.6,3,No
ORD102422,2025-12-07,CUST01183,Consumer,South,Telangana,Office Supplies,Binders,File Folder,2,264.44,544.11,0.128,101.75,Express,UPI,5.0,2,No
ORD101212,2023-02-20,CUST01427,Consumer,East,Jharkhand,Furniture,Tables,Conference Table,2,376.13,715.95,0.048,158.5,Standard,Credit Card,3.4,7,No
ORD102459,2024-06-30,CUST01100,Small Business,West,Maharashtra,Office Supplies,Storage,Storage Box,1,240.85,227.43,0.056,55.72,Express,UPI,5.0,2,No
ORD102092,2023-10-28,CUST01128,Small Business,South,Karnataka,Office Supplies,Paper,Premium Paper,3,210.22,643.45,0.135,163.29,Express,Credit Card,4.7,3,No
ORD101059,2023-05-04,CUST01146,Consumer,East,West Bengal,Technology,Phones,Smartphone C,3,916.96,2723.06,0.066,467.08,Standard,UPI,4.3,4,No
ORD100119,2024-05-01,CUST01138,Corporate,North,Haryana,Furniture,Bookcases,Wooden Bookcase,2,613.45,1110.05,0.146,131.99,Express,UPI,3.6,3,Yes
ORD102026,2024-04-01,CUST01205,Small Business,South,Telangana,Technology,Laptops,Laptop Pro,1,419.3,381.11,0.143,48.87,Standard,Credit Card,4.0,7,Yes
ORD102846,2024-09-29,CUST01056,Consumer,East,Odisha,Furniture,Chairs,Office Chair,1,473.4,372.36,0.213,62.33,Standard,UPI,4.0,5,No
ORD100282,2025-10-02,CUST01015,Consumer,West,Goa,Furniture,Bookcases,Wooden Bookcase,2,672.31,1013.32,0.361,144.34,Standard,UPI,3.7,5,No
ORD102738,2024-05-29,CUST01357,Consumer,East,Jharkhand,Furniture,Chairs,Ergonomic Chair,7,757.15,4130.25,0.265,58.94,Standard,UPI,3.6,8,No
ORD102348,2024-07-04,CUST01022,Consumer,North,Haryana,Office Supplies,Paper,Notebooks,7,110.28,763.74,0.011,200.23,Standard,Credit Card,4.2,3,No
ORD102017,2023-02-21,CUST01166,Consumer,South,Andhra Pradesh,Furniture,Furnishings,Whiteboard,1,346.53,319.15,0.079,59.65,Standard,UPI,3.9,5,No
ORD101673,2024-12-02,CUST01557,Consumer,East,Jharkhand,Office Supplies,Stationery,Markers,1,134.02,127.78,0.192,15.55,Express,Credit Card,4.2,3,No
ORD101905,2023-06-02,CUST01409,Consumer,East,Bihar,Office Supplies,Paper,Premium Paper,4,128.48,484.0,0.058,86.7,Express,UPI,4.7,2,No
ORD102169,2024-05-05,CUST01554,Corporate,South,Tamil Nadu,Technology,Phones,Smartphone B,6,993.59,4809.11,0.239,225.75,Express,UPI,4.2,3,No
ORD102024,2025-11-06,CUST01467,Small Business,West,Maharashtra,Office Supplies,Binders,File Folder,1,89.75,86.2,0.186,18.59,Standard,Net Banking,3.3,8,No
ORD100305,2023-02-18,CUST01226,Small Business,North,Punjab,Office Supplies,Storage,Storage Box,5,160.54,686.9,0.144,126.43,Standard,UPI,2.1,8,No
ORD101873,2025-07-22,CUST01114,Corporate,West,Maharashtra,Office Supplies,Stationery,Pens,2,240.09,329.83,0.313,34.24,Standard,UPI,3.2,8,No
ORD102887,2025-03-04,CUST01305,Small Business,South,Telangana,Office Supplies,Stationery,Markers,5,133.24,677.81,0.04,168.29,Standard,UPI,4.0,4,Yes
ORD102776,2025-09-30,CUST01585,Corporate,West,Goa,Technology,Laptops,Business Laptop,1,912.8,809.61,0.113,117.21,Standard,UPI,3.1,7,No
ORD102779,2024-12-12,CUST01396,Small Business,South,Karnataka,Technology,Accessories,USB Hub,3,661.33,1894.43,0.191,233.19,Express,UPI,5.0,2,No
ORD100576,2023-03-24,CUST01433,Consumer,North,Uttar Pradesh,Office Supplies,Stationery,Markers,6,197.54,1151.51,0.083,258.98,Standard,UPI,3.7,7,No
ORD102977,2024-10-21,CUST01202,Corporate,North,Haryana,Furniture,Bookcases,Wooden Bookcase,1,398.45,434.12,0.077,66.08,Standard,Net Banking,3.4,7,No
ORD102586,2024-10-15,CUST01434,Consumer,South,Telangana,Technology,Printers,Inkjet Printer,1,414.82,446.69,0.087,56.13,Express,UPI,5.0,1,No
ORD102638,2024-10-08,CUST01122,Consumer,West,Maharashtra,Office Supplies,Binders,File Folder,1,133.41,131.37,0.166,24.69,Express,UPI,3.8,2,No
ORD101884,2023-03-29,CUST01446,Corporate,North,Punjab,Furniture,Chairs,Ergonomic Chair,1,604.39,556.09,0.132,105.27,Express,Credit Card,4.7,2,No
ORD102316,2023-04-07,CUST01082,Consumer,South,Karnataka,Office Supplies,Paper,Notebooks,3,323.98,952.02,0.076,232.94,Standard,Net Banking,3.3,8,No
ORD100844,2024-11-16,CUST01384,Corporate,South,Telangana,Office Supplies,Paper,Notebooks,1,141.34,146.68,0.121,37.49,Standard,Credit Card,3.6,6,No
ORD102253,2023-12-25,CUST01437,Consumer,North,Uttar Pradesh,Office Supplies,Paper,Premium Paper,9,154.98,1365.54,0.17,263.81,Express,Credit Card,4.4,1,No
ORD100270,2025-11-12,CUST01442,Small Business,South,Tamil Nadu,Office Supplies,Binders,Document Folder,1,140.02,101.36,0.387,0.83,Standard,Net Banking,3.4,7,No
ORD100630,2025-09-14,CUST01489,Consumer,South,Karnataka,Technology,Printers,Laser Printer,3,1320.51,3767.44,0.049,695.97,Standard,Net Banking,3.5,7,No
ORD101034,2025-09-28,CUST01137,Corporate,South,Tamil Nadu,Office Supplies,Binders,File Folder,2,162.31,299.9,0.076,56.88,Express,Net Banking,3.5,1,No
ORD100287,2023-07-17,CUST01376,Small Business,West,Goa,Office Supplies,Paper,Premium Paper,1,99.26,90.09,0.092,25.93,Standard,Net Banking,3.9,6,No
ORD102224,2023-02-11,CUST01185,Corporate,North,Haryana,Furniture,Furnishings,Curtains,2,414.1,662.48,0.2,76.26,Same Day,Net Banking,4.6,2,No
ORD100301,2023-11-02,CUST01561,Consumer,South,Karnataka,Furniture,Bookcases,Wooden Bookcase,10,396.47,4061.83,0.132,805.2,Standard,UPI,2.5,7,No
ORD101615,2024-02-17,CUST01560,Consumer,North,Delhi,Technology,Printers,Laser Printer,1,309.65,287.41,0.072,42.32,Express,Credit Card,3.9,2,No
ORD101840,2025-08-12,CUST01257,Corporate,West,Goa,Office Supplies,Paper,Premium Paper,1,228.95,187.05,0.183,40.52,Standard,UPI,4.2,3,No
ORD100066,2023-08-28,CUST01016,Consumer,North,Punjab,Technology,Accessories,Headset,6,548.65,2718.68,0.174,375.85,Same Day,Credit Card,4.8,2,No
ORD102233,2025-01-19,CUST01176,Consumer,West,Goa,Technology,Printers,Laser Printer,7,484.6,3223.27,0.05,801.28,Same Day,Credit Card,4.0,1,No
ORD100891,2024-09-05,CUST01152,Small Business,South,Telangana,Technology,Phones,Smartphone A,2,709.24,1085.0,0.235,51.82,Standard,UPI,3.2,8,No
ORD102782,2024-08-29,CUST01579,Consumer,North,Uttar Pradesh,Office Supplies,Binders,Document Folder,1,234.59,187.76,0.2,33.93,Standard,Credit Card,4.3,4,No
ORD102665,2023-06-06,CUST01214,Consumer,North,Uttar Pradesh,Office Supplies,Binders,Ring Binder,3,191.03,477.68,0.166,72.05,Standard,Net Banking,3.1,7,Yes
ORD101242,2024-11-02,CUST01117,Consumer,East,Jharkhand,Technology,Phones,Smartphone B,3,1176.84,4023.06,0.034,687.45,Standard,Credit Card,3.3,5,No
ORD100231,2024-12-30,CUST01088,Small Business,East,Odisha,Office Supplies,Binders,File Folder,2,241.3,531.53,0.067,172.03,Same Day,UPI,4.0,2,No
ORD100504,2025-04-08,CUST01034,Consumer,East,Bihar,Furniture,Chairs,Visitor Chair,9,319.86,2591.06,0.151,474.76,Standard,COD,4.1,5,No
ORD101232,2024-04-08,CUST01044,Consumer,South,Tamil Nadu,Technology,Phones,Smartphone C,1,964.03,819.07,0.198,77.97,Standard,Credit Card,5.0,4,No
ORD101374,2023-09-09,CUST01174,Consumer,North,Delhi,Office Supplies,Binders,File Folder,1,67.31,62.49,0.072,19.48,Express,UPI,4.3,3,No
ORD101469,2025-07-20,CUST01524,Corporate,South,Karnataka,Furniture,Furnishings,Whiteboard,1,681.35,507.17,0.256,38.56,Standard,Credit Card,3.3,7,No
ORD101489,2025-08-12,CUST01360,Consumer,South,Telangana,Office Supplies,Stationery,Stapler,1,135.52,125.13,0.077,34.41,Standard,UPI,4.2,5,No
ORD101005,2023-05-03,CUST01315,Corporate,East,West Bengal,Furniture,Furnishings,Curtains,10,291.35,2158.76,0.301,34.79,Express,UPI,4.5,1,No
ORD100837,2024-03-08,CUST01525,Corporate,East,Odisha,Technology,Phones,Smartphone C,1,990.49,546.95,0.479,3.38,Standard,UPI,3.2,7,No
ORD101567,2023-01-07,CUST01534,Consumer,East,Jharkhand,Office Supplies,Storage,Filing Cabinet,3,129.29,283.11,0.27,32.22,Standard,Net Banking,4.7,6,No
ORD100375,2025-05-25,CUST01112,Consumer,North,Uttar Pradesh,Furniture,Tables,Conference Table,1,513.23,461.39,0.152,109.42,Same Day,UPI,,1,No
ORD101273,2023-06-07,CUST01130,Corporate,South,Tamil Nadu,Technology,Printers,Laser Printer,2,762.62,1035.08,0.321,16.91,Express,Net Banking,,1,No
ORD102307,2024-04-29,CUST01127,Consumer,South,Tamil Nadu,Furniture,Bookcases,Wooden Bookcase,3,676.17,2028.99,0.056,370.15,Express,Credit Card,4.1,3,Yes
ORD101815,2023-02-23,CUST01454,Consumer,North,Delhi,Furniture,Chairs,Visitor Chair,8,184.38,1426.14,0.033,326.39,Standard,UPI,3.1,9,No
ORD101832,2023-09-19,CUST01049,Small Business,West,Goa,Furniture,Chairs,Visitor Chair,1,320.38,205.56,0.358,6.74,Standard,Credit Card,4.4,4,No
ORD102084,2025-04-19,CUST01191,Corporate,East,Jharkhand,Office Supplies,Storage,Organizer,3,104.23,260.55,0.214,26.55,Standard,UPI,4.3,8,No
ORD100752,2024-06-10,CUST01458,Consumer,East,Jharkhand,Office Supplies,Storage,Filing Cabinet,2,75.38,111.47,0.261,19.68,Standard,Credit Card,3.6,5,No
ORD100100,2024-05-28,CUST01597,Corporate,North,Haryana,Office Supplies,Binders,Document Folder,7,151.27,947.33,0.156,187.62,Standard,UPI,3.5,6,No
ORD101798,2024-09-05,CUST01217,Corporate,North,Haryana,Office Supplies,Paper,Premium Paper,8,89.84,631.75,0.121,108.82,Same Day,COD,4.4,1,No
ORD100867,2023-07-17,CUST01107,Consumer,South,Andhra Pradesh,Furniture,Chairs,Office Chair,1,603.29,579.0,0.04,137.73,Standard,Credit Card,3.9,6,Yes
ORD100911,2023-03-03,CUST01141,Consumer,East,West Bengal,Office Supplies,Stationery,Stapler,5,764.84,3799.79,0.063,1041.03,Express,Net Banking,4.2,3,No
ORD101344,2024-11-11,CUST01352,Consumer,West,Goa,Furniture,Chairs,Visitor Chair,4,786.72,2731.66,0.264,306.12,Standard,UPI,3.5,6,No
ORD100530,2023-06-13,CUST01596,Corporate,South,Telangana,Technology,Printers,Laser Printer,2,2496.22,4257.46,0.147,594.28,Standard,Net Banking,3.3,8,No
ORD100637,2025-05-26,CUST01127,Small Business,North,Punjab,Furniture,Tables,Conference Table,7,464.43,2768.97,0.196,475.48,Standard,COD,4.2,3,No
ORD100186,2024-12-19,CUST01465,Corporate,South,Andhra Pradesh,Office Supplies,Binders,Ring Binder,7,255.42,1823.74,0.136,373.87,Express,Net Banking,4.7,2,No
ORD102472,2023-11-29,CUST01548,Corporate,West,Goa,Furniture,Chairs,Ergonomic Chair,10,187.75,1573.77,0.29,110.56,Standard,UPI,3.3,8,No
ORD101428,2023-05-19,CUST01519,Consumer,West,Rajasthan,Technology,Laptops,Laptop Pro,4,656.07,2409.74,0.134,241.82,Standard,Credit Card,4.0,4,No
ORD100932,2024-02-13,CUST01019,Consumer,South,Telangana,Technology,Accessories,Keyboard,1,401.38,353.26,0.12,53.05,Same Day,UPI,4.6,1,No
ORD102896,2024-06-26,CUST01054,Corporate,North,Haryana,Furniture,Chairs,Visitor Chair,3,399.32,1075.05,0.103,206.99,Standard,Credit Card,3.4,7,No
ORD102308,2023-01-22,CUST01091,Consumer,East,West Bengal,Technology,Phones,Smartphone C,1,653.5,626.14,0.042,113.66,Standard,UPI,3.4,6,No
ORD101420,2024-03-12,CUST01570,Consumer,East,Bihar,Technology,Laptops,Business Laptop,4,794.19,3147.88,0.065,845.33,Standard,UPI,3.8,5,No
ORD102414,2024-03-13,CUST01272,Corporate,South,Karnataka,Furniture,Tables,Study Table,4,351.69,1415.02,0.051,265.7,Standard,UPI,4.2,3,No
ORD102030,2024-09-11,CUST01061,Consumer,South,Telangana,Technology,Phones,Smartphone A,3,1287.98,2796.38,0.276,467.38,Express,UPI,4.9,3,No
ORD100608,2024-04-18,CUST01480,Corporate,North,Uttar Pradesh,Office Supplies,Storage,Storage Box,10,183.73,1393.32,0.285,17.17,Standard,UPI,2.9,7,No
ORD102449,2023-02-22,CUST01565,Small Business,South,Tamil Nadu,Technology,Laptops,Laptop Pro,5,779.03,3247.89,0.166,339.88,Same Day,Credit Card,4.5,1,No
ORD100152,2024-06-19,CUST01165,Consumer,South,Karnataka,Office Supplies,Binders,Ring Binder,6,199.25,1021.66,0.145,149.29,Standard,Credit Card,4.0,6,No
ORD102195,2024-12-14,CUST01506,Small Business,West,Rajasthan,Technology,Printers,Inkjet Printer,5,626.99,3596.21,0.028,778.77,Standard,UPI,4.4,5,No
ORD102155,2025-01-06,CUST01269,Small Business,East,West Bengal,Furniture,Chairs,Visitor Chair,4,371.34,1182.74,0.204,195.5,Standard,Credit Card,3.7,6,No
ORD100732,2023-03-24,CUST01378,Corporate,South,Tamil Nadu,Furniture,Chairs,Visitor Chair,1,609.14,416.98,0.354,32.81,Standard,Credit Card,3.7,7,No
ORD101361,2025-07-31,CUST01491,Consumer,South,Telangana,Furniture,Bookcases,Wooden Bookcase,6,1074.44,5348.39,0.17,983.66,Standard,Credit Card,3.7,7,No
ORD102004,2023-07-27,CUST01416,Corporate,East,West Bengal,Furniture,Furnishings,Curtains,5,232.55,1038.02,0.107,122.88,Standard,Net Banking,3.8,6,Yes
ORD102744,2024-07-04,CUST01299,Consumer,South,Karnataka,Technology,Accessories,USB Hub,3,466.88,1053.12,0.248,155.88,Standard,Credit Card,4.7,6,No
ORD100024,2023-09-26,CUST01133,Consumer,North,Haryana,Technology,Phones,Smartphone B,3,1044.61,3081.65,0.017,538.49,Standard,UPI,2.7,8,No
ORD101689,2025-08-16,CUST01299,Small Business,West,Goa,Furniture,Bookcases,Wooden Bookcase,3,847.15,2346.37,0.077,453.02,Express,Net Banking,4.9,2,No
ORD100159,2023-08-10,CUST01020,Small Business,West,Rajasthan,Office Supplies,Storage,Organizer,9,159.07,1268.58,0.114,346.84,Standard,Credit Card,4.0,6,No
ORD100862,2023-11-19,CUST01394,Small Business,West,Rajasthan,Technology,Printers,Laser Printer,1,866.21,672.8,0.342,-42.75,Standard,UPI,3.7,3,No
ORD100903,2023-02-22,CUST01115,Corporate,South,Tamil Nadu,Furniture,Furnishings,Curtains,2,995.28,1684.35,0.154,173.51,Express,COD,4.1,3,No
ORD102299,2025-11-18,CUST01184,Corporate,East,Odisha,Technology,Accessories,Keyboard,9,476.38,4604.04,0.09,703.86,Standard,Net Banking,,8,No
ORD102564,2023-10-27,CUST01008,Corporate,North,Haryana,Furniture,Furnishings,Whiteboard,3,263.93,845.29,0.095,180.84,Standard,UPI,3.6,6,No
ORD100445,2024-03-26,CUST01087,Consumer,South,Karnataka,Office Supplies,Binders,Ring Binder,5,141.86,624.23,0.17,122.55,Standard,UPI,3.5,6,Yes
ORD102953,2023-02-23,CUST01499,Consumer,North,Uttar Pradesh,Office Supplies,Binders,Ring Binder,10,232.8,2112.01,0.093,768.92,Standard,Credit Card,4.0,4,No
ORD100755,2024-02-16,CUST01022,Small Business,East,Jharkhand,Office Supplies,Storage,Storage Box,1,380.83,320.8,,77.41,Standard,UPI,2.7,8,No
ORD100924,2024-12-28,CUST01341,Consumer,South,Telangana,Furniture,Furnishings,Whiteboard,2,415.53,963.28,0.018,235.58,Express,UPI,4.5,1,No
ORD102986,2024-12-26,CUST01505,Consumer,South,Tamil Nadu,Technology,Phones,Smartphone A,4,799.28,3282.55,0.13,385.96,Standard,UPI,4.0,3,No
ORD102115,2025-07-25,CUST01592,Corporate,North,Haryana,Office Supplies,Paper,A4 Paper,1,216.12,155.66,0.28,12.75,Standard,COD,3.5,6,No
ORD100312,2025-10-13,CUST01179,Consumer,North,Uttar Pradesh,Technology,Accessories,Headset,3,831.08,2728.81,0.072,163.46,Same Day,Credit Card,5.0,2,No
ORD100549,2025-06-21,CUST01345,Corporate,East,West Bengal,Furniture,Chairs,Visitor Chair,1,563.68,453.68,0.195,35.62,Express,Credit Card,4.6,3,No
ORD102542,2023-08-05,CUST01439,Consumer,North,Punjab,Furniture,Bookcases,Wooden Bookcase,5,366.65,1689.44,0.078,316.72,Standard,Credit Card,3.1,8,No
ORD101481,2023-03-06,CUST01062,Consumer,East,Odisha,Office Supplies,Paper,Premium Paper,9,165.56,1417.86,0.102,291.63,Same Day,Credit Card,4.3,2,No
ORD100307,2023-06-05,CUST01309,Consumer,East,Odisha,Office Supplies,Storage,Organizer,1,160.26,122.91,0.233,24.54,Same Day,Credit Card,4.2,2,No
ORD100288,2023-06-08,CUST01269,Corporate,South,Telangana,Furniture,Furnishings,Desk Lamp,4,354.03,945.97,0.332,87.01,Same Day,UPI,4.9,1,No
ORD100695,2023-10-14,CUST01031,Consumer,East,West Bengal,Office Supplies,Paper,A4 Paper,1,116.26,132.33,0.035,41.69,Express,Credit Card,4.7,4,No
ORD100309,2024-06-09,CUST01501,Small Business,West,Gujarat,Office Supplies,Paper,A4 Paper,3,250.87,585.04,0.223,104.58,Express,UPI,4.5,3,No
ORD102333,2024-01-02,CUST01195,Small Business,South,Andhra Pradesh,Office Supplies,Stationery,Pens,4,136.19,478.04,0.122,79.13,Standard,UPI,4.3,3,No
ORD100750,2023-10-18,CUST01264,Small Business,South,Tamil Nadu,Furniture,Bookcases,Wooden Bookcase,2,764.08,1536.02,0.148,220.37,Standard,UPI,4.4,6,No
ORD101698,2023-10-16,CUST01391,Consumer,East,Jharkhand,Technology,Phones,Smartphone A,4,301.68,1134.71,0.203,145.12,Same Day,COD,4.0,1,Yes
ORD101262,2025-03-16,CUST01538,Small Business,West,Goa,Office Supplies,Binders,Document Folder,3,212.22,464.5,0.312,64.17,Standard,credit card,3.4,7,No
ORD100909,2023-08-13,CUST01586,Consumer,South,Karnataka,Technology,Laptops,Laptop Pro,1,2288.46,2036.22,0.11,210.77,Standard,Credit Card,3.7,6,No
ORD102122,2023-05-14,CUST01187,Consumer,South,Tamil Nadu,Office Supplies,Storage,Organizer,10,106.81,1018.17,0.101,271.47,Standard,Credit Card,3.7,6,No
ORD102393,2024-09-09,CUST01188,Consumer,North,Punjab,Furniture,Tables,Study Table,2,514.65,767.53,0.254,57.26,Standard,Net Banking,3.3,8,No
ORD101883,2024-03-05,CUST01184,Corporate,South,Tamil Nadu,Office Supplies,Stationery,Labels,1,306.2,290.05,0.106,91.64,Standard,Credit Card,4.3,5,No
ORD102507,2024-09-02,CUST01062,Corporate,South,Telangana,Furniture,Furnishings,Curtains,2,1157.0,1855.47,0.198,318.91,Standard,UPI,3.6,6,No
ORD100971,2025-08-31,CUST01411,Consumer,West,Goa,Technology,Phones,Smartphone A,2,310.95,467.68,0.248,26.87,Same Day,Net Banking,4.4,1,No
ORD100014,2025-10-08,CUST01115,Small Business,East,Odisha,Office Supplies,Paper,Notebooks,2,153.31,238.78,0.34,24.64,Standard,UPI,4.3,4,No
ORD100874,2023-01-30,CUST01267,Consumer,East,Jharkhand,Furniture,Bookcases,Wooden Bookcase,3,569.53,1543.41,0.097,319.68,Standard,COD,4.3,7,No
ORD100809,2023-11-26,CUST01220,Corporate,South,Andhra Pradesh,Technology,Printers,Inkjet Printer,2,776.09,1601.25,0.126,213.19,Express,UPI,4.5,1,No
ORD102592,2023-09-08,CUST01487,Corporate,South,Tamil Nadu,Office Supplies,Stationery,Pens,4,97.09,340.89,0.122,64.28,Express,Credit Card,4.2,1,No
ORD100515,2025-01-11,CUST01017,Consumer,West,Rajasthan,Furniture,Chairs,Office Chair,1,295.06,252.39,0.145,41.56,Same Day,Net Banking,5.0,1,No
ORD102426,2025-10-02,CUST01114,Consumer,North,Haryana,Office Supplies,Binders,Ring Binder,7,113.13,776.67,0.169,193.83,Standard,Credit Card,4.0,4,Yes
ORD100410,2023-12-06,CUST01276,Small Business,West,Gujarat,Furniture,Chairs,Ergonomic Chair,4,167.09,690.75,0.124,179.24,Standard,COD,2.8,8,No
ORD101757,2025-01-07,CUST01494,Small Business,East,Bihar,Office Supplies,Paper,Premium Paper,3,196.83,552.41,0.064,131.32,Standard,COD,3.4,7,No
ORD102272,2025-08-09,CUST01327,Consumer,South,Karnataka,Office Supplies,Binders,File Folder,7,293.08,2036.17,0.008,641.97,Standard,Credit Card,3.7,5,No
ORD102303,2025-03-01,CUST01537,Small Business,South,Karnataka,Furniture,Chairs,Office Chair,1,693.98,618.22,0.16,65.45,Standard,Credit Card,4.1,4,No
ORD101408,2024-11-24,CUST01007,Corporate,South,Tamil Nadu,Technology,Laptops,Laptop Pro,1,739.21,585.68,0.329,16.94,Standard,COD,4.2,5,No
ORD101365,2023-12-07,CUST01424,Small Business,West,Maharashtra,Office Supplies,Stationery,Stapler,5,71.59,417.36,,123.0,Standard,COD,4.7,6,Yes
ORD101443,2024-03-07,CUST01208,Corporate,East,Bihar,Office Supplies,Paper,Premium Paper,9,361.66,2891.81,0.162,779.57,Standard,COD,4.0,7,No
ORD100383,2025-06-19,CUST01314,Consumer,North,Uttar Pradesh,Furniture,Chairs,Visitor Chair,1,450.19,420.02,0.067,55.52,Standard,Net Banking,4.2,4,No
ORD102853,2025-12-05,CUST01445,Corporate,South,Tamil Nadu,Office Supplies,Stationery,Stapler,4,257.56,974.37,0.199,266.69,Standard,Credit Card,3.4,7,Yes
ORD102743,2025-11-20,CUST01437,Consumer,East,Jharkhand,Technology,Laptops,Business Laptop,2,2060.36,4319.63,0.112,723.55,Standard,Credit Card,3.6,5,No
ORD102549,2025-06-14,CUST01383,Small Business,South,Tamil Nadu,Furniture,Chairs,Visitor Chair,10,550.74,4739.9,0.139,1051.71,Express,Net Banking,4.3,2,Yes
ORD101378,2024-10-06,CUST01335,Corporate,South,Telangana,Furniture,Bookcases,Metal Bookcase,1,499.81,428.92,0.273,30.67,Standard,Credit Card,3.5,8,No
ORD100553,2024-02-23,CUST01262,Consumer,South,Tamil Nadu,Office Supplies,Stationery,Markers,4,311.13,905.46,0.272,111.86,Standard,UPI,4.8,5,No
ORD100223,2024-02-15,CUST01291,Consumer,East,Jharkhand,Furniture,Tables,Conference Table,6,690.25,3551.01,0.143,509.16,Standard,UPI,3.6,6,No
ORD101097,2025-11-20,CUST01584,Small Business,South,Telangana,Technology,Phones,Smartphone C,1,758.49,716.64,0.199,31.24,Standard,Credit Card,3.5,7,No
ORD102612,2024-10-23,CUST01207,Consumer,North,Uttar Pradesh,Furniture,Tables,Work Desk,3,1045.66,3139.71,0.152,483.04,Standard,UPI,3.6,4,No
ORD100009,2024-01-01,CUST01003,Corporate,East,Bihar,Office Supplies,Stationery,Stapler,1,196.36,160.1,0.185,30.38,Standard,COD,3.4,9,No
ORD101863,2024-09-29,CUST01198,Small Business,East,West Bengal,Technology,Phones,Smartphone C,1,471.89,319.93,0.322,3.2,Standard,COD,2.6,8,Yes
ORD100317,2023-11-05,CUST01206,Corporate,East,Bihar,Furniture,Furnishings,Whiteboard,4,599.84,1875.05,0.338,95.51,Standard,Credit Card,3.1,9,No
ORD100428,2025-01-23,CUST01050,Consumer,North,Haryana,Furniture,Tables,Work Desk,3,1234.86,3285.5,0.113,530.43,Standard,Net Banking,3.3,3,No
ORD102892,2024-01-10,CUST01547,Consumer,West,Maharashtra,Office Supplies,Binders,File Folder,10,548.55,4227.84,0.229,694.34,Same Day,UPI,4.6,1,No
ORD100106,2023-01-04,CUST01346,Small Business,East,West Bengal,Technology,Accessories,USB Hub,1,1017.96,918.72,0.097,147.45,Standard,UPI,3.6,7,No
ORD101407,2025-11-21,CUST01434,Small Business,East,Bihar,Office Supplies,Binders,Ring Binder,7,169.23,971.87,0.305,88.72,Standard,Credit Card,4.6,3,Yes
ORD100143,2023-10-02,CUST01464,Consumer,South,Karnataka,Furniture,Tables,Study Table,5,1587.68,7311.15,0.22,1299.09,Standard,UPI,3.7,8,No
ORD100122,2024-07-01,CUST01386,Consumer,East,Jharkhand,Furniture,Furnishings,Desk Lamp,8,250.76,1851.71,0.077,255.79,Same Day,UPI,4.1,1,No
ORD102384,2025-01-12,CUST01289,Corporate,East,Odisha,Furniture,Chairs,Ergonomic Chair,6,466.74,2446.47,0.126,577.65,Standard,UPI,4.3,5,No
ORD102975,2024-04-10,CUST01111,Consumer,West,Goa,Office Supplies,Stationery,Labels,2,215.98,401.61,0.123,63.48,Standard,COD,3.8,7,No
ORD101190,2024-01-07,CUST01261,Consumer,South,Karnataka,Furniture,Bookcases,Metal Bookcase,2,541.91,833.33,0.231,56.47,Same Day,UPI,5.0,1,No
ORD101930,2023-05-25,CUST01242,Corporate,North,Punjab,Furniture,Chairs,Office Chair,2,235.62,390.37,0.219,34.2,Express,UPI,4.2,3,No
ORD102664,2025-08-07,CUST01045,Corporate,West,Maharashtra,Furniture,Furnishings,Curtains,3,541.11,1459.94,0.101,305.38,Express,Credit Card,4.4,3,No
ORD102481,2024-07-14,CUST01162,Consumer,South,Andhra Pradesh,Technology,Laptops,Laptop Air,5,727.82,3405.33,0.064,329.86,Standard,Net Banking,4.1,5,No
ORD100116,2024-11-06,CUST01021,Consumer,East,West Bengal,Furniture,Tables,Conference Table,1,344.35,354.71,0.127,63.29,Standard,Credit Card,3.9,5,No
ORD102033,2023-07-23,CUST01293,Small Business,South,Telangana,Furniture,Furnishings,Whiteboard,3,259.46,699.59,0.101,77.53,Standard,UPI,4.5,7,No
ORD101289,2023-08-11,CUST01289,Consumer,North,Delhi,Office Supplies,Storage,Storage Box,3,248.1,503.54,0.323,48.86,Standard,UPI,3.4,7,No
ORD102156,2024-06-10,CUST01459,Corporate,East,Odisha,Office Supplies,Stationery,Markers,5,95.38,309.76,0.35,14.14,Express,Net Banking,5.0,1,No
ORD102812,2024-12-25,CUST01446,Corporate,East,West Bengal,Office Supplies,Stationery,Stapler,7,43.6,321.33,0.108,92.72,Express,COD,3.8,3,No
ORD102964,2025-07-20,CUST01118,Corporate,West,Rajasthan,Furniture,Tables,Conference Table,2,259.57,419.09,0.193,36.27,Same Day,Net Banking,4.3,1,No
ORD101624,2023-07-17,CUST01110,Consumer,South,Tamil Nadu,Office Supplies,Stationery,Labels,8,227.96,1650.64,0.095,353.48,Standard,UPI,3.4,7,No
ORD102625,2023-08-22,CUST01200,Consumer,South,Telangana,Furniture,Chairs,Visitor Chair,2,372.77,609.3,0.183,36.26,Standard,UPI,3.7,3,No
ORD100673,2025-12-16,CUST01541,Consumer,West,Maharashtra,Furniture,Bookcases,Wooden Bookcase,1,351.65,305.28,0.264,35.2,Standard,UPI,3.3,8,No
ORD101456,2024-03-17,CUST01599,Corporate,South,Tamil Nadu,Office Supplies,Storage,Filing Cabinet,1,145.28,131.8,0.144,18.94,Standard,UPI,3.3,8,No
ORD101658,2025-01-10,CUST01323,Small Business,West,Rajasthan,Furniture,Chairs,Office Chair,2,573.88,1056.55,0.079,124.06,Express,UPI,4.7,2,No
ORD100592,2024-04-26,CUST01483,Consumer,East,Odisha,Technology,Printers,Laser Printer,5,806.22,4096.67,0.041,791.79,Standard,Credit Card,3.1,7,No
ORD101426,2023-08-31,CUST01342,Corporate,East,Bihar,Furniture,Furnishings,Desk Lamp,2,899.2,1509.36,0.161,193.68,Standard,Credit Card,3.5,8,No
ORD100889,2023-03-12,CUST01083,Consumer,West,Gujarat,Office Supplies,Binders,Document Folder,10,92.15,814.28,0.166,157.94,Standard,UPI,3.6,4,No
ORD101808,2023-12-20,CUST01217,Consumer,South,Karnataka,Technology,Printers,Laser Printer,2,3864.43,7484.42,0.179,952.18,Same Day,Net Banking,,1,No
ORD101537,2023-01-15,CUST01216,Corporate,South,Karnataka,Technology,Accessories,Wireless Mouse,1,272.38,234.55,0.139,38.78,Standard,Credit Card,4.2,4,Yes
ORD101881,2025-02-27,CUST01103,Corporate,North,Punjab,Furniture,Furnishings,Desk Lamp,4,555.08,2058.38,0.073,466.48,Express,Net Banking,4.5,3,No
ORD100214,2025-10-17,CUST01359,Corporate,South,Karnataka,Office Supplies,Binders,Document Folder,7,101.43,768.29,0.083,205.17,Standard,,3.6,3,No
ORD102038,2025-12-27,CUST01499,Consumer,South,Tamil Nadu,Office Supplies,Binders,Ring Binder,6,107.59,663.62,0.129,197.67,Standard,Net Banking,3.7,4,No
ORD102800,2023-11-21,CUST01419,Consumer,South,Andhra Pradesh,Technology,Phones,Smartphone C,2,1220.34,2665.69,0.074,393.03,Standard,Net Banking,3.7,8,No
ORD100801,2024-01-31,CUST01505,Consumer,East,Bihar,Technology,Accessories,Keyboard,1,669.03,554.22,0.172,80.03,Express,,4.0,3,No
ORD102493,2025-07-25,CUST01185,Corporate,North,Delhi,Furniture,Bookcases,Wooden Bookcase,1,758.36,707.41,0.067,189.97,Standard,UPI,3.8,6,No
ORD102311,2024-04-19,CUST01275,Corporate,West,Gujarat,Technology,Laptops,Laptop Pro,1,512.82,494.63,0.09,84.02,Standard,UPI,3.7,8,No
ORD102296,2025-02-28,CUST01105,Consumer,West,Rajasthan,Technology,Accessories,Keyboard,1,444.24,404.87,0.089,64.71,Standard,Net Banking,3.5,6,No
ORD102677,2024-08-25,CUST01316,Consumer,East,Odisha,Office Supplies,Stationery,Labels,2,170.1,326.61,0.04,90.82,Standard,Net Banking,3.6,5,No
ORD102726,2024-07-14,CUST01525,Corporate,South,Andhra Pradesh,Furniture,Tables,Work Desk,2,363.83,630.29,0.134,133.03,Standard,Net Banking,3.7,6,No
ORD100274,2023-02-07,CUST01153,Consumer,West,Goa,Office Supplies,Storage,Filing Cabinet,1,213.05,173.73,0.185,27.79,Standard,UPI,4.5,3,No
ORD100072,2023-11-01,CUST01030,Consumer,West,Gujarat,Technology,Laptops,Business Laptop,3,523.16,1728.04,0.067,327.31,Standard,Credit Card,4.9,4,No
ORD101818,2024-10-03,CUST01270,Consumer,South,Telangana,Furniture,Bookcases,Metal Bookcase,1,336.95,352.14,0.114,49.82,Express,UPI,4.5,2,No
ORD101088,2025-02-23,CUST01009,Consumer,East,Bihar,Office Supplies,Paper,A4 Paper,1,128.82,115.74,0.102,14.25,Express,UPI,5.0,2,Yes
ORD100395,2025-01-31,CUST01062,Consumer,West,Rajasthan,Furniture,Furnishings,Desk Lamp,1,278.48,235.43,0.155,30.82,Same Day,COD,4.7,1,No
ORD100584,2025-09-11,CUST01444,Consumer,East,Jharkhand,Furniture,Chairs,Visitor Chair,2,280.19,404.1,0.279,42.82,Standard,Credit Card,3.2,7,No
ORD102343,2023-02-02,CUST01003,Corporate,South,Andhra Pradesh,Technology,Laptops,Laptop Pro,2,389.88,522.02,0.331,-53.17,Express,COD,4.7,2,No
ORD102011,2024-11-23,CUST01107,Corporate,South,Karnataka,Furniture,Furnishings,Whiteboard,3,222.1,680.97,0.134,110.65,Express,Net Banking,4.8,2,No
ORD100501,2024-08-14,CUST01499,Consumer,South,Telangana,Furniture,Tables,Study Table,5,493.58,2138.3,0.134,472.91,Express,Credit Card,3.7,1,No
ORD102045,2025-10-09,CUST01030,Small Business,West,Rajasthan,Technology,Laptops,Laptop Air,2,428.7,913.48,0.097,180.81,Express,Credit Card,4.8,1,No
ORD102924,2025-07-17,CUST01210,Corporate,North,Delhi,Furniture,Chairs,Visitor Chair,2,563.0,1021.58,0.093,203.32,Standard,Credit Card,3.8,4,No
ORD102995,2024-11-03,CUST01474,Consumer,South,Karnataka,Office Supplies,Binders,Document Folder,4,174.78,707.03,0.143,180.01,Standard,UPI,3.8,5,No
ORD102755,2025-10-03,CUST01144,Corporate,North,Uttar Pradesh,Furniture,Tables,Conference Table,5,330.07,1745.4,0.104,394.1,Standard,Credit Card,4.2,5,No
ORD101495,2025-07-11,CUST01366,Consumer,East,Bihar,Furniture,Bookcases,Wooden Bookcase,6,347.11,1845.14,0.114,431.22,Express,UPI,,3,No
ORD101260,2025-05-19,CUST01124,Small Business,North,Delhi,Technology,Printers,Laser Printer,3,380.85,1169.42,0.034,171.9,Same Day,Credit Card,5.0,2,No
ORD102761,2024-04-10,CUST01225,Small Business,South,Andhra Pradesh,Furniture,Tables,Conference Table,9,265.19,2277.05,0.1,390.76,Standard,UPI,3.9,3,No
ORD101770,2025-08-03,CUST01287,Consumer,North,Delhi,office supplies,Binders,File Folder,4,32.84,120.37,0.084,45.12,Same Day,COD,4.2,1,No
ORD100206,2025-07-30,CUST01362,Consumer,East,Jharkhand,Furniture,Chairs,Office Chair,5,1198.46,5421.07,0.095,976.93,Standard,UPI,3.0,4,No
ORD100734,2024-02-17,CUST01216,Consumer,North,Haryana,Office Supplies,Paper,Premium Paper,4,533.45,1771.09,0.17,416.12,Standard,UPI,3.5,6,No
ORD101544,2024-11-21,CUST01470,Small Business,West,Gujarat,Office Supplies,Storage,Filing Cabinet,5,122.64,698.45,0.035,219.51,Standard,Credit Card,4.0,7,No
ORD100527,2023-04-15,CUST01296,Consumer,East,West Bengal,Furniture,Furnishings,Desk Lamp,7,598.56,3767.34,0.152,717.19,Standard,Credit Card,3.4,7,Yes
ORD101399,2025-04-10,CUST01324,Consumer,West,Rajasthan,Office Supplies,Stationery,Pens,2,94.18,177.87,0.109,33.04,Standard,Credit Card,3.6,8,No
ORD100899,2023-03-07,CUST01531,Corporate,North,Uttar Pradesh,Furniture,Furnishings,Whiteboard,7,538.87,3220.05,0.195,530.52,Standard,Credit Card,3.1,8,No
ORD100378,2025-12-19,CUST01020,Consumer,East,Bihar,Technology,Phones,Smartphone C,2,781.05,1815.18,0.015,409.58,Express,UPI,4.8,1,No
ORD102952,2025-10-15,CUST01023,Consumer,South,Karnataka,Office Supplies,Binders,Ring Binder,10,130.14,1153.96,0.249,199.93,Standard,Net Banking,3.8,6,No
ORD102697,2023-06-24,CUST01222,Consumer,West,Rajasthan,Technology,Laptops,Laptop Pro,1,1139.54,991.01,0.13,220.62,Standard,Credit Card,3.9,5,Yes
ORD101468,2023-11-15,CUST01385,Consumer,South,Tamil Nadu,Technology,Laptops,Business Laptop,2,344.85,368.42,0.547,-69.04,Standard,,3.6,6,No
ORD100387,2025-12-13,CUST01455,Consumer,North,Uttar Pradesh,Office Supplies,Binders,Ring Binder,4,73.53,310.49,0.105,81.73,Express,Net Banking,4.8,3,No
ORD100199,2025-08-09,CUST01430,Consumer,North,Delhi,Technology,Phones,Smartphone C,3,1045.21,2067.86,0.341,-32.4,Standard,Net Banking,2.8,9,No
ORD101051,2024-07-10,CUST01490,Consumer,North,Punjab,Office Supplies,Stationery,Stapler,9,296.1,2382.38,0.106,626.17,Standard,COD,,8,No
ORD100591,2025-12-26,CUST01335,Consumer,North,Delhi,Technology,Accessories,Headset,2,1277.66,2693.04,0.107,124.44,Same Day,Net Banking,4.3,2,No
ORD100520,2025-01-08,CUST01308,Consumer,West,Maharashtra,Office Supplies,Binders,File Folder,2,193.66,318.91,0.177,68.1,Standard,UPI,3.6,7,No
ORD102244,2025-03-14,CUST01514,Small Business,North,Delhi,Office Supplies,Binders,File Folder,4,378.54,1397.62,0.129,222.11,Same Day,Credit Card,4.6,1,No
ORD100430,2025-03-16,CUST01143,Consumer,East,Jharkhand,Office Supplies,Storage,Filing Cabinet,5,131.46,605.48,0.131,121.26,Standard,,3.1,8,No
ORD101084,2023-10-18,CUST01239,Consumer,South,Tamil Nadu,Office Supplies,Binders,Document Folder,7,349.78,2525.08,0.126,609.23,Standard,COD,3.8,5,No
ORD100208,2023-06-26,CUST01002,Corporate,East,West Bengal,Office Supplies,Stationery,Pens,2,94.09,155.98,0.171,30.61,Standard,UPI,5.0,4,No
ORD100492,2024-09-28,CUST01493,Consumer,South,Andhra Pradesh,Office Supplies,Paper,Premium Paper,1,326.14,287.48,0.119,69.62,Standard,,3.7,7,No
ORD101357,2024-01-03,CUST01454,Consumer,West,Gujarat,Technology,Accessories,Keyboard,4,652.97,2281.63,0.126,390.42,Standard,Credit Card,3.5,3,No
ORD102927,2024-03-07,CUST01128,Consumer,South,Tamil Nadu,Furniture,Tables,Work Desk,2,826.31,1568.46,0.105,364.24,Standard,Credit Card,3.7,8,No
ORD100793,2025-09-22,CUST01170,Corporate,North,Uttar Pradesh,Furniture,Bookcases,Metal Bookcase,5,363.91,1389.17,0.237,198.81,Express,Net Banking,4.5,2,No
ORD102506,2025-01-11,CUST01157,Consumer,South,Tamil Nadu,Furniture,Tables,Study Table,4,443.54,1718.57,0.031,257.3,Standard,COD,3.1,7,No
ORD101187,2023-04-19,CUST01598,Consumer,North,Haryana,Office Supplies,Storage,Storage Box,6,599.82,3405.23,0.107,761.54,Express,UPI,4.1,4,No
ORD101186,2023-04-16,CUST01262,Consumer,West,Goa,Technology,Accessories,Wireless Mouse,4,966.06,3300.53,0.194,279.7,Standard,Net Banking,4.3,4,No
ORD101789,2023-01-08,CUST01394,Small Business,South,Karnataka,Office Supplies,Binders,Document Folder,2,255.43,419.53,0.179,78.83,Standard,Net Banking,,5,No
ORD102848,2023-11-21,CUST01226,Consumer,West,Maharashtra,Office Supplies,Paper,A4 Paper,5,99.74,477.82,0.188,97.5,Standard,Credit Card,4.0,7,No
ORD102245,2023-10-01,CUST01068,Corporate,East,West Bengal,Furniture,Chairs,Ergonomic Chair,2,309.42,539.88,0.261,62.15,Standard,COD,4.6,3,No
ORD100084,2024-10-01,CUST01214,Consumer,North,Haryana,Office Supplies,Paper,Premium Paper,2,211.21,470.43,0.056,108.39,Standard,Credit Card,2.6,9,No
ORD102382,2024-07-09,CUST01578,Consumer,North,Haryana,Furniture,Tables,Conference Table,3,458.28,1366.82,0.006,317.2,Standard,COD,3.4,7,No
ORD102239,2025-09-07,CUST01182,Small Business,West,Gujarat,Technology,Phones,Smartphone C,5,1600.55,7542.1,0.058,1214.43,Standard,Credit Card,4.1,6,No
ORD100021,2023-01-28,CUST01498,Consumer,South,Karnataka,Office Supplies,Storage,Filing Cabinet,2,153.79,170.59,0.445,3.75,Standard,UPI,3.5,8,No
ORD102546,2023-03-11,CUST01082,Corporate,North,Haryana,Furniture,Bookcases,Wooden Bookcase,3,725.12,2034.72,0.118,287.61,Standard,Credit Card,3.7,7,No
ORD102950,2025-10-15,CUST01576,Corporate,North,Uttar Pradesh,Office Supplies,Stationery,Stapler,5,199.18,1059.68,0.098,188.71,Standard,UPI,4.1,5,No
ORD102746,2023-05-28,CUST01391,Consumer,North,Punjab,Office Supplies,Paper,Premium Paper,2,28.87,51.26,0.162,8.19,Standard,UPI,3.8,6,No
ORD102708,2023-05-03,CUST01365,Corporate,West,Gujarat,Office Supplies,Storage,Organizer,8,100.83,628.99,0.264,116.46,Express,UPI,4.2,3,No
ORD101968,2024-10-05,CUST01452,Small Business,West,Rajasthan,Office Supplies,Stationery,Labels,10,85.6,986.19,0.024,203.82,Same Day,UPI,4.9,1,No
ORD100974,2025-12-18,CUST01388,Corporate,North,Uttar Pradesh,Furniture,Furnishings,Whiteboard,4,749.47,2829.6,0.2,361.29,Express,Credit Card,3.6,2,No
ORD102804,2023-05-17,CUST01263,Corporate,East,Bihar,Technology,Printers,Laser Printer,5,949.58,4017.88,0.202,333.95,Same Day,Credit Card,5.0,1,No
ORD100884,2025-02-14,CUST01451,Corporate,West,Goa,Furniture,Furnishings,Desk Lamp,3,211.01,482.62,0.238,74.26,Standard,Credit Card,4.1,4,No
ORD101099,2024-07-21,CUST01600,Corporate,East,Jharkhand,Office Supplies,Storage,Organizer,1,132.28,118.75,0.102,20.42,Standard,Net Banking,4.3,3,No
ORD100157,2023-04-14,CUST01047,Consumer,West,Goa,Technology,Laptops,Laptop Pro,3,196.53,545.42,0.127,97.67,Standard,COD,3.6,5,No
ORD102289,2025-05-09,CUST01008,Corporate,West,,Technology,Printers,Inkjet Printer,5,856.83,2914.15,0.358,30.19,Standard,Net Banking,4.2,5,No
ORD100887,2024-04-16,CUST01312,Consumer,North,Haryana,Furniture,Chairs,Visitor Chair,4,817.56,2727.57,0.213,123.17,Standard,COD,4.4,3,No
ORD101107,2025-02-19,CUST01179,Consumer,South,Telangana,Office Supplies,Paper,Notebooks,4,204.01,747.49,0.084,191.02,Standard,UPI,3.8,6,No
ORD101619,2024-06-22,CUST01190,Consumer,South,Karnataka,Furniture,Chairs,Ergonomic Chair,1,440.15,368.04,0.164,49.35,Express,COD,4.9,2,Yes
ORD102491,2024-06-29,CUST01554,Small Business,North,Delhi,Furniture,Chairs,Ergonomic Chair,5,344.64,1625.69,0.057,324.34,Standard,Credit Card,3.1,8,No
ORD102911,2024-08-03,CUST01482,Consumer,West,Maharashtra,Furniture,Chairs,Ergonomic Chair,2,274.19,459.48,0.162,126.21,Express,COD,4.3,3,Yes
ORD102548,2023-03-09,CUST01073,Consumer,South,Tamil Nadu,Furniture,Bookcases,Wooden Bookcase,1,397.05,344.94,0.18,40.7,Express,UPI,4.1,1,Yes
ORD102025,2025-05-09,CUST01085,Corporate,West,Gujarat,Technology,Printers,Laser Printer,4,770.54,2230.32,0.317,-67.67,Standard,COD,4.3,6,No
ORD101498,2024-04-04,CUST01103,Consumer,North,Delhi,Technology,Phones,Smartphone A,2,712.41,1408.28,0.068,252.24,Standard,UPI,3.8,7,No
ORD102663,2024-03-27,CUST01120,Consumer,South,Tamil Nadu,Technology,Accessories,Headset,5,1010.84,4812.96,0.102,361.34,Standard,Net Banking,4.4,5,No
ORD100459,2025-04-07,CUST01357,Consumer,North,Delhi,Technology,Printers,Laser Printer,4,387.22,1334.96,0.187,57.94,Standard,UPI,3.4,5,No
ORD101923,2025-06-09,CUST01248,Consumer,West,Maharashtra,Technology,Phones,Smartphone B,4,1262.07,3291.42,,126.77,Express,Credit Card,4.1,2,No
ORD100079,2024-07-30,CUST01492,Consumer,South,Karnataka,Technology,Laptops,Business Laptop,4,698.7,2429.99,0.131,184.55,Standard,Net Banking,4.0,6,No
ORD102929,2024-06-26,CUST01096,Corporate,South,Karnataka,Furniture,Tables,Conference Table,8,790.09,5528.78,0.125,880.58,Standard,Credit Card,,3,No
ORD101057,2023-03-27,CUST01243,Consumer,West,Gujarat,Furniture,Bookcases,Wooden Bookcase,7,764.4,4952.36,0.127,827.96,Express,COD,3.1,2,No
ORD100907,2025-04-09,CUST01407,Corporate,South,Andhra Pradesh,Office Supplies,Paper,Premium Paper,6,189.65,1082.92,0.102,250.78,Standard,UPI,3.7,6,No
ORD101591,2023-01-15,CUST01215,Consumer,North,Haryana,Office Supplies,Binders,Document Folder,4,277.2,826.0,0.255,102.68,Standard,Credit Card,3.6,7,No
ORD102227,2024-04-18,CUST01020,Small Business,North,Haryana,Office Supplies,Paper,A4 Paper,1,101.56,88.89,0.174,7.31,Standard,Net Banking,4.5,3,No
ORD102711,2023-09-15,CUST01113,Small Business,North,Punjab,Furniture,Bookcases,Metal Bookcase,2,251.38,476.03,0.053,82.93,Standard,UPI,3.5,7,No
ORD100381,2025-09-18,CUST01457,Small Business,North,Punjab,Furniture,Chairs,Ergonomic Chair,3,546.22,1052.22,0.358,54.42,Standard,Credit Card,4.1,3,No
ORD100948,2023-12-13,CUST01575,Consumer,East,West Bengal,Office Supplies,Storage,Organizer,1,201.24,231.12,0.027,58.43,Express,Credit Card,4.7,2,No
ORD101740,2023-11-11,CUST01494,Small Business,West,Goa,Furniture,Furnishings,Whiteboard,2,363.97,760.36,0.115,156.9,Standard,Net Banking,4.0,5,No
ORD102191,2024-10-10,CUST01196,Consumer,North,Delhi,Furniture,Furnishings,Desk Lamp,3,277.83,793.28,0.193,80.94,Standard,Net Banking,3.2,6,No
ORD100716,2023-09-25,CUST01521,Corporate,West,Goa,Technology,Printers,Laser Printer,6,863.9,4331.38,0.164,523.8,Standard,Net Banking,3.6,5,No
ORD102291,2025-06-30,CUST01235,Consumer,North,Delhi,Office Supplies,Stationery,Labels,3,296.88,739.7,0.169,109.67,Standard,UPI,3.5,6,No
ORD100687,2023-02-25,CUST01044,Consumer,South,Tamil Nadu,Technology,Accessories,Keyboard,5,278.28,1271.08,0.086,74.99,Express,UPI,4.4,1,Yes
ORD102579,2025-12-08,CUST01239,Corporate,South,Telangana,Technology,Accessories,Headset,4,1178.13,4899.2,0.119,533.34,Standard,UPI,3.6,7,No
ORD101294,2024-05-12,CUST01058,Consumer,North,Uttar Pradesh,Furniture,Chairs,Office Chair,8,227.41,1643.38,0.148,278.28,Standard,Credit Card,4.3,5,No
ORD100306,2024-12-23,CUST01217,Consumer,South,Karnataka,Technology,Accessories,Keyboard,5,471.11,2247.56,0.191,285.63,Standard,UPI,4.1,4,Yes
ORD100210,2024-01-30,CUST01339,Small Business,West,Rajasthan,Technology,Phones,Smartphone C,1,424.16,313.97,0.26,21.28,Same Day,upi,4.4,1,No
ORD101511,2024-03-15,CUST01026,Consumer,North,Punjab,Office Supplies,Paper,Premium Paper,4,214.16,813.48,0.104,228.37,Standard,Net Banking,4.0,5,No
ORD102234,2024-10-07,CUST01210,Consumer,East,Bihar,Technology,Phones,Smartphone A,5,750.33,3228.33,0.271,238.31,Standard,Credit Card,4.1,6,Yes
ORD102991,2025-09-14,CUST01440,Consumer,North,Delhi,Office Supplies,Paper,Notebooks,3,238.33,583.49,0.184,154.54,Express,Credit Card,5.0,1,No
ORD101565,2025-08-15,CUST01287,Small Business,West,Rajasthan,office supplies,Storage,Filing Cabinet,8,135.09,964.85,,178.35,Standard,UPI,4.3,5,No
ORD100886,2025-12-12,CUST01323,Consumer,South,Telangana,Technology,Laptops,Laptop Pro,5,430.29,2411.23,0.05,528.18,Standard,Net Banking,3.3,8,No
ORD101660,2024-10-03,CUST01491,Small Business,South,Andhra Pradesh,Furniture,Chairs,Ergonomic Chair,4,639.51,2581.05,0.145,469.31,Standard,Net Banking,4.6,3,No
ORD100918,2025-04-17,CUST01378,Consumer,South,Karnataka,Office Supplies,Storage,Storage Box,4,525.53,1913.63,0.141,407.76,Standard,UPI,4.0,5,No
ORD102604,2024-07-19,CUST01564,Small Business,East,West Bengal,Office Supplies,Storage,Storage Box,4,164.8,571.29,0.133,129.26,Express,COD,4.8,2,No
ORD102504,2023-07-07,CUST01218,Corporate,West,Rajasthan,Technology,Phones,Smartphone B,7,753.67,4324.56,0.18,506.08,Standard,COD,3.7,8,No
ORD100192,2024-04-10,CUST01407,Small Business,North,Delhi,Technology,Phones,Smartphone A,2,2235.12,4181.81,0.117,504.48,Express,Credit Card,4.0,3,No
ORD102223,2023-08-18,CUST01136,Corporate,East,Odisha,Office Supplies,Binders,Ring Binder,4,71.16,232.96,0.182,28.61,Standard,Credit Card,3.9,4,No
ORD102052,2025-02-19,CUST01079,Consumer,West,Gujarat,Furniture,Furnishings,Desk Lamp,1,517.51,479.52,0.073,90.4,Standard,UPI,4.7,3,No
ORD101266,2023-03-07,CUST01208,Small Business,South,Karnataka,Furniture,Bookcases,Wooden Bookcase,2,459.98,799.44,0.18,140.49,Standard,Net Banking,3.2,7,No
ORD100484,2025-12-11,CUST01146,Consumer,North,Delhi,Office Supplies,Storage,Organizer,5,137.59,617.75,0.239,93.5,Express,UPI,4.8,2,No
ORD100916,2025-12-17,CUST01010,Consumer,South,Andhra Pradesh,Furniture,Furnishings,Curtains,5,413.5,1921.33,0.212,355.7,Express,UPI,4.3,3,No
ORD102961,2024-02-27,CUST01406,Consumer,South,Andhra Pradesh,Technology,Printers,Laser Printer,4,504.03,1873.26,0.071,335.28,Standard,COD,4.0,3,No
ORD100278,2023-01-10,CUST01530,Small Business,East,Bihar,Technology,Accessories,Keyboard,8,487.95,3399.44,0.129,544.12,Standard,UPI,3.3,9,No
ORD100989,2023-05-14,CUST01216,Consumer,South,Karnataka,Technology,Phones,Smartphone C,3,578.19,1618.71,0.12,185.74,Standard,UPI,3.7,6,No
ORD102956,2024-08-23,CUST01202,Consumer,West,Rajasthan,Technology,Phones,Smartphone B,3,1671.12,4240.77,0.154,458.79,Standard,Net Banking,4.5,3,No
ORD101925,2023-12-01,CUST01322,Consumer,West,Goa,office supplies,Binders,File Folder,3,209.8,709.03,0.045,178.18,Express,Credit Card,4.1,2,No
ORD102219,2024-12-20,CUST01484,Corporate,West,,Office Supplies,Stationery,Labels,5,314.73,1645.99,0.114,422.73,Express,Credit Card,4.5,2,No
ORD100572,2023-07-18,CUST01579,Consumer,South,Karnataka,Office Supplies,Stationery,Markers,8,159.95,1066.3,0.167,223.29,Same Day,Credit Card,,1,No
ORD100994,2024-01-26,CUST01500,Consumer,West,Gujarat,Office Supplies,Stationery,Pens,5,384.3,1648.81,0.142,292.88,Standard,UPI,4.3,3,No
ORD101427,2023-02-02,CUST01242,Consumer,East,Bihar,Furniture,Chairs,Office Chair,2,472.51,786.3,0.168,112.41,Standard,UPI,4.2,3,No
ORD101424,2023-11-01,CUST01549,Corporate,South,Telangana,Furniture,Tables,Work Desk,5,578.22,2264.59,0.336,223.06,Same Day,UPI,4.6,1,No
ORD100586,2024-11-01,CUST01275,Corporate,North,Delhi,Technology,Phones,Smartphone A,2,929.62,1999.78,0.088,290.1,Standard,Credit Card,4.3,4,No
ORD101599,2025-03-06,CUST01379,Small Business,West,Maharashtra,Office Supplies,Paper,Premium Paper,5,161.16,705.02,0.175,139.88,Standard,Credit Card,4.1,4,No
ORD100054,2024-05-31,CUST01502,Corporate,North,Haryana,Office Supplies,Paper,Notebooks,1,222.0,195.06,0.171,43.01,Standard,UPI,,4,No
ORD101350,2023-09-16,CUST01108,Consumer,East,Odisha,Technology,Laptops,Laptop Pro,1,1906.09,1405.69,0.263,58.76,Standard,UPI,3.7,3,No
ORD101008,2025-08-11,CUST01263,Corporate,West,Rajasthan,Office Supplies,Paper,A4 Paper,5,119.12,507.66,0.148,86.84,Express,UPI,4.4,2,No
ORD100675,2025-10-17,CUST01408,Consumer,South,Karnataka,Office Supplies,Storage,Filing Cabinet,1,74.69,80.56,0.086,21.69,Standard,COD,4.2,3,No
ORD101721,2023-05-10,CUST01044,Small Business,West,Rajasthan,Furniture,Tables,Conference Table,7,576.78,2478.67,0.421,-9.83,Standard,Credit Card,4.1,4,Yes
ORD100856,2024-03-20,CUST01461,Consumer,South,Karnataka,Furniture,Tables,Study Table,3,198.62,515.19,0.184,122.06,Standard,Credit Card,4.4,3,No
ORD100448,2025-12-16,CUST01474,Consumer,South,Tamil Nadu,Office Supplies,Storage,Filing Cabinet,1,198.2,212.66,0.091,37.86,Standard,UPI,3.8,6,No
ORD102737,2024-11-03,CUST01034,Consumer,North,Delhi,Furniture,Furnishings,Whiteboard,1,492.13,541.84,0.067,99.24,Standard,Credit Card,4.3,3,No
ORD101695,2025-01-06,CUST01120,Consumer,West,Maharashtra,Office Supplies,Binders,Ring Binder,5,210.41,788.74,0.25,168.29,Standard,Net Banking,3.4,6,No
ORD102849,2025-12-16,CUST01265,Consumer,South,Telangana,Technology,Phones,Smartphone B,1,1688.76,1631.17,0.181,142.9,Standard,Credit Card,3.2,7,No
ORD102271,2024-07-08,CUST01510,Consumer,South,Andhra Pradesh,Furniture,Furnishings,Whiteboard,1,635.29,534.19,0.159,94.44,Express,Credit Card,4.0,2,No
ORD102690,2024-11-20,CUST01335,Consumer,West,Gujarat,Technology,Accessories,USB Hub,5,1035.55,5627.1,0.079,992.75,Standard,COD,3.4,6,No
ORD102398,2024-04-24,CUST01233,Corporate,North,Uttar Pradesh,Technology,Laptops,Business Laptop,3,307.53,888.87,0.091,89.09,Standard,Credit Card,4.8,4,No
ORD101744,2024-07-03,CUST01542,Corporate,West,Gujarat,Technology,Phones,Smartphone C,6,722.67,2765.31,0.362,212.42,Same Day,COD,4.6,1,No
ORD102686,2025-12-24,CUST01464,Consumer,East,Jharkhand,Office Supplies,Storage,Organizer,5,459.5,1972.14,0.273,181.95,Standard,Credit Card,3.2,9,No
ORD101248,2024-04-26,CUST01348,Consumer,South,Karnataka,Technology,Printers,Inkjet Printer,7,2518.99,14206.94,0.24,1086.88,Standard,COD,3.9,4,No
ORD100295,2024-11-16,CUST01479,Consumer,East,Jharkhand,Office Supplies,Paper,Premium Paper,1,361.57,340.8,0.201,57.48,Standard,UPI,3.7,4,No
ORD100589,2023-05-02,CUST01200,Consumer,West,Gujarat,Technology,Accessories,USB Hub,1,892.53,919.52,0.028,182.17,Standard,Net Banking,3.2,8,No
ORD101282,2023-12-23,CUST01091,Consumer,West,Rajasthan,Office Supplies,Stationery,Stapler,3,258.28,749.66,0.18,166.71,Standard,COD,3.3,5,No
ORD101447,2025-06-23,CUST01202,Consumer,East,Bihar,Technology,Accessories,Wireless Mouse,1,540.59,358.79,0.336,-26.78,Standard,Credit Card,3.8,5,No
ORD102409,2025-04-30,CUST01531,Corporate,East,Jharkhand,Technology,Phones,Smartphone C,1,463.1,380.93,0.224,17.93,Same Day,Net Banking,5.0,2,No
ORD101451,2023-06-22,CUST01070,Consumer,North,Haryana,Office Supplies,Paper,Premium Paper,3,79.81,217.78,0.09,39.86,Standard,COD,3.7,8,No
ORD102500,2024-10-04,CUST01189,Corporate,South,Andhra Pradesh,Office Supplies,Storage,Organizer,4,506.02,1931.82,0.191,426.02,Express,Credit Card,,2,No
ORD101418,2024-01-02,CUST01103,Consumer,East,Odisha,Office Supplies,Storage,Storage Box,3,74.24,153.91,0.309,21.88,Standard,Net Banking,2.9,8,No
ORD100426,2024-02-05,CUST01465,Consumer,West,Gujarat,Furniture,Tables,Study Table,7,481.45,3034.79,0.1,802.31,Standard,UPI,4.8,5,No
ORD100535,2025-01-11,CUST01438,Consumer,West,Gujarat,Technology,Printers,Inkjet Printer,2,1418.23,2326.63,0.18,248.74,Standard,COD,3.9,8,Yes
ORD101055,2025-05-23,CUST01213,Consumer,West,Gujarat,Furniture,Chairs,Ergonomic Chair,4,213.72,762.07,0.159,78.82,Standard,Credit Card,4.0,4,No
ORD102783,2023-10-30,CUST01523,Consumer,North,Delhi,Office Supplies,Stationery,Markers,4,274.35,1133.06,0.125,247.48,Standard,,3.9,5,No
ORD102518,2023-10-30,CUST01046,Small Business,South,Andhra Pradesh,Furniture,Chairs,Ergonomic Chair,2,538.25,1250.2,0.016,335.05,Express,Credit Card,4.9,1,No
ORD101607,2024-08-27,CUST01539,Corporate,West,Goa,Office Supplies,Stationery,Labels,3,153.1,391.0,0.149,93.13,Standard,Net Banking,3.8,5,No
ORD100133,2024-08-07,CUST01316,Small Business,South,Tamil Nadu,Office Supplies,Stationery,Pens,3,91.68,249.66,0.092,58.58,Standard,UPI,3.7,3,No
ORD101137,2023-02-09,CUST01390,Corporate,North,Haryana,Office Supplies,Paper,Premium Paper,7,224.97,1410.85,0.104,419.3,Express,Credit Card,4.1,3,No
ORD102593,2025-04-10,CUST01032,Small Business,East,Bihar,Office Supplies,Binders,Ring Binder,2,174.09,312.32,0.154,68.76,Express,COD,4.4,2,No
ORD100422,2024-05-21,CUST01237,Corporate,West,Maharashtra,Technology,Phones,Smartphone C,3,667.26,1604.01,0.244,106.67,Standard,UPI,2.9,8,No
ORD102673,2024-10-04,CUST01105,Small Business,West,Gujarat,Office Supplies,Storage,Organizer,5,148.22,697.58,0.202,76.24,Standard,UPI,4.1,4,No
ORD102496,2025-05-30,CUST01501,Consumer,South,Karnataka,Office Supplies,Paper,Premium Paper,5,166.07,726.36,0.175,217.48,Express,UPI,4.4,3,No
ORD101601,2023-03-30,CUST01175,Consumer,South,Andhra Pradesh,Furniture,Chairs,Office Chair,2,528.66,977.3,0.128,169.78,Express,Credit Card,3.4,3,No
ORD101369,2024-11-06,CUST01503,Small Business,South,Karnataka,Technology,Printers,Laser Printer,1,718.38,833.96,0.016,181.76,Express,COD,4.9,1,No
ORD100557,2023-03-07,CUST01551,Corporate,West,Rajasthan,Technology,Accessories,Headset,4,1538.52,4853.26,0.256,506.94,Standard,COD,4.2,3,No
ORD102983,2023-06-22,CUST01316,Consumer,West,Gujarat,Office Supplies,Paper,A4 Paper,4,135.42,442.07,0.184,122.39,Standard,Credit Card,4.5,6,Yes
ORD101512,2025-05-13,CUST01505,Corporate,East,Bihar,Furniture,Tables,Study Table,1,308.81,294.26,0.101,73.81,Standard,UPI,4.4,5,No
ORD102852,2024-03-03,CUST01035,Consumer,South,Karnataka,Technology,Phones,Smartphone A,4,701.03,2323.3,0.218,106.39,Standard,UPI,3.6,7,Yes
ORD100571,2025-09-16,CUST01454,Corporate,South,Karnataka,Office Supplies,Storage,Filing Cabinet,1,127.25,112.89,0.113,27.64,Standard,Credit Card,3.9,3,No
ORD100353,2025-02-26,CUST01374,Corporate,North,Uttar Pradesh,Office Supplies,Paper,Notebooks,2,283.91,469.07,0.174,96.02,Standard,Credit Card,4.1,6,No
ORD100092,2023-12-09,CUST01057,Consumer,West,Rajasthan,Office Supplies,Stationery,Markers,1,276.95,303.24,0.072,89.44,Standard,UPI,3.1,7,No
ORD102135,2024-03-19,CUST01162,Consumer,North,Uttar Pradesh,Office Supplies,Binders,File Folder,2,294.16,604.65,0.03,216.69,Express,Credit Card,4.2,4,No
ORD102547,2023-09-18,CUST01168,Corporate,South,Telangana,Furniture,Chairs,Office Chair,7,731.13,3855.8,0.247,558.29,Standard,Net Banking,3.8,4,No
ORD101171,2023-09-01,CUST01593,Consumer,East,Bihar,Technology,Accessories,USB Hub,5,348.54,1190.68,0.317,-29.2,Express,UPI,4.4,3,No
ORD101724,2025-01-21,CUST01154,Consumer,North,Delhi,Furniture,Tables,Conference Table,7,882.45,4019.15,0.349,126.12,Standard,Net Banking,4.1,7,No
ORD101286,2023-09-08,CUST01099,Corporate,West,Rajasthan,Technology,Accessories,Keyboard,5,860.38,3042.03,0.293,130.31,Standard,UPI,4.4,5,No
ORD101730,2024-02-08,CUST01526,Consumer,North,Delhi,Technology,Accessories,Headset,3,1176.53,2808.59,0.204,365.48,Express,COD,4.8,2,No
ORD101972,2023-06-15,CUST01217,Small Business,West,Maharashtra,Office Supplies,Paper,A4 Paper,3,207.98,569.57,0.087,106.64,Standard,net banking,3.9,3,No
ORD102902,2024-11-09,CUST01179,Small Business,West,Gujarat,Furniture,Tables,Conference Table,3,745.9,2493.04,0.056,654.52,Standard,Credit Card,4.4,4,Yes
ORD101503,2023-12-04,CUST01194,Corporate,East,Odisha,Office Supplies,Paper,A4 Paper,4,192.84,622.07,0.317,28.02,Standard,Credit Card,3.4,6,No
ORD100698,2023-02-26,CUST01048,Corporate,West,Maharashtra,Office Supplies,Paper,A4 Paper,2,207.9,333.43,0.198,92.59,Standard,UPI,2.9,7,No
ORD102520,2023-05-03,CUST01252,Consumer,South,Telangana,Office Supplies,Paper,A4 Paper,4,143.47,485.65,0.202,99.35,Standard,UPI,3.6,6,No
ORD100349,2024-10-31,CUST01127,Small Business,West,Goa,Furniture,Bookcases,Metal Bookcase,3,133.35,449.99,0.047,123.62,Same Day,UPI,5.0,1,No
ORD101588,2023-02-14,CUST01087,Consumer,South,Tamil Nadu,Furniture,Tables,Study Table,1,189.04,169.28,0.105,23.86,Standard,COD,,8,No
ORD102359,2023-04-28,CUST01118,Consumer,North,Punjab,Office Supplies,Binders,File Folder,2,107.66,207.88,0.089,59.95,Standard,UPI,3.6,6,No
ORD102444,2023-02-08,CUST01002,Small Business,North,Uttar Pradesh,Furniture,Bookcases,Wooden Bookcase,1,226.21,198.23,0.124,41.97,Standard,UPI,3.5,7,Yes
ORD102290,2024-06-23,CUST01023,Corporate,South,Tamil Nadu,Technology,Printers,Inkjet Printer,1,1689.51,1496.82,0.114,194.01,Standard,UPI,,5,No
ORD101138,2024-10-03,CUST01082,Small Business,South,Telangana,Technology,Laptops,Laptop Pro,2,2051.97,3335.6,0.311,-133.9,Standard,Net Banking,4.3,5,No
ORD101826,2024-03-01,CUST01231,Corporate,South,Andhra Pradesh,Office Supplies,Storage,Storage Box,4,140.89,536.51,0.102,145.04,Express,Credit Card,4.7,2,No
ORD101477,2023-09-29,CUST01567,Consumer,West,Goa,Technology,Laptops,Laptop Air,2,464.59,889.41,0.043,156.72,Standard,Net Banking,4.0,6,No
ORD102851,2025-11-28,CUST01244,Corporate,South,Karnataka,Office Supplies,Paper,A4 Paper,4,146.89,615.77,0.112,75.0,Standard,,3.9,5,No
ORD102835,2025-08-08,CUST01600,Small Business,North,Haryana,Office Supplies,Storage,Organizer,10,145.7,1116.14,0.234,243.39,Same Day,UPI,4.1,1,No
ORD101340,2024-01-30,CUST01087,Consumer,South,Karnataka,Technology,Printers,Laser Printer,1,405.94,368.49,0.092,60.78,Standard,,3.9,6,No
ORD102503,2023-01-16,CUST01507,Corporate,East,West Bengal,Furniture,Bookcases,Metal Bookcase,2,166.79,291.52,0.126,64.01,Same Day,UPI,4.3,1,No
ORD100454,2023-06-28,CUST01038,Corporate,West,Goa,Office Supplies,Stationery,Markers,1,152.95,123.18,0.195,19.41,Standard,Credit Card,2.5,8,No
ORD100914,2024-10-22,CUST01343,Corporate,North,Delhi,Office Supplies,Binders,Document Folder,6,111.99,700.23,0.117,181.38,Same Day,,,2,No
ORD101200,2023-08-24,CUST01390,Small Business,East,Odisha,Furniture,Tables,Study Table,2,192.77,352.65,0.085,93.03,Standard,Net Banking,4.0,5,No
ORD101275,2025-01-17,CUST01010,Consumer,East,Odisha,Technology,Phones,Smartphone B,2,702.76,1356.47,0.035,290.59,Express,Credit Card,3.8,3,No
ORD101917,2024-05-06,CUST01264,Consumer,West,Maharashtra,Technology,Laptops,Laptop Air,3,770.94,2402.96,0.02,557.3,Same Day,UPI,4.9,1,No
ORD100038,2025-05-25,CUST01344,Consumer,North,Punjab,Furniture,Furnishings,Whiteboard,2,1570.43,2935.34,,657.09,Standard,Net Banking,4.1,5,No
ORD100975,2024-07-04,CUST01477,Small Business,North,Haryana,Furniture,Bookcases,Metal Bookcase,2,886.88,1589.72,0.104,309.52,Standard,UPI,4.5,3,No
ORD102785,2025-10-17,CUST01375,Corporate,North,Haryana,Furniture,Tables,Conference Table,2,327.35,581.51,0.247,49.53,Express,COD,4.0,1,No
ORD100984,2025-12-11,CUST01487,Corporate,South,Karnataka,Technology,Laptops,Laptop Pro,2,1421.97,2259.72,0.327,-41.57,Express,Net Banking,4.2,3,No
ORD101834,2023-07-20,CUST01551,Small Business,West,Gujarat,Furniture,Tables,Work Desk,7,729.65,3286.88,0.356,166.8,Same Day,Net Banking,4.3,1,No
ORD101992,2024-08-11,CUST01070,Small Business,North,Haryana,Office Supplies,Storage,Organizer,1,305.77,274.17,0.103,73.63,Standard,Credit Card,2.9,7,No
ORD101419,2023-12-29,CUST01246,Small Business,East,West Bengal,Technology,Accessories,Headset,4,1049.03,4288.13,0.134,389.1,Standard,UPI,3.7,8,No
ORD101285,2023-09-13,CUST01167,Consumer,North,Haryana,Office Supplies,Stationery,Markers,5,354.45,1616.16,0.088,362.53,Standard,COD,4.0,4,No
ORD100040,2024-07-21,CUST01162,Small Business,North,Punjab,Office Supplies,Stationery,Labels,2,70.25,114.78,0.183,25.37,Standard,UPI,4.4,6,No
ORD101487,2023-02-04,CUST01134,Consumer,North,Haryana,Furniture,Bookcases,Metal Bookcase,3,860.09,2381.42,0.077,569.47,Standard,UPI,3.5,7,No
ORD101814,2024-04-05,CUST01567,Corporate,South,Telangana,Office Supplies,Paper,Premium Paper,7,91.63,618.01,0.091,178.67,Standard,Credit Card,3.0,7,No
ORD100170,2023-11-30,CUST01218,Consumer,South,Tamil Nadu,Office Supplies,Stationery,Pens,6,170.43,1126.12,0.067,220.48,Express,UPI,4.1,3,No
ORD101356,2023-12-20,CUST01215,Consumer,East,Bihar,Office Supplies,Stationery,Stapler,3,555.09,1415.22,0.28,237.32,Standard,Net Banking,4.1,6,No
ORD100738,2025-03-21,CUST01185,Small Business,North,Uttar Pradesh,Furniture,Furnishings,Curtains,1,286.3,258.15,0.149,64.66,Standard,UPI,2.9,8,No
ORD101578,2024-03-30,CUST01290,Corporate,North,Uttar Pradesh,Technology,Accessories,Wireless Mouse,10,2601.51,21190.87,0.232,1171.14,Express,COD,3.6,3,No
ORD102714,2025-11-15,CUST01391,Corporate,North,Uttar Pradesh,Technology,Accessories,Keyboard,2,1309.89,2290.27,0.259,149.36,Standard,Credit Card,3.2,6,No
ORD101928,2025-07-06,CUST01514,Consumer,North,Punjab,Technology,Printers,Laser Printer,2,1078.06,1910.28,0.114,319.64,Standard,UPI,5.0,3,No
ORD100635,2025-06-15,CUST01387,Corporate,East,West Bengal,Furniture,Chairs,Office Chair,1,591.06,415.48,0.297,96.61,Express,COD,4.7,3,No
ORD102662,2024-05-14,CUST01544,Corporate,West,Goa,Furniture,Furnishings,Desk Lamp,6,994.52,5343.26,0.155,1075.11,Standard,Credit Card,3.7,7,No
ORD101949,2023-06-12,CUST01361,Consumer,South,Tamil Nadu,Office Supplies,Storage,Filing Cabinet,1,107.21,95.01,0.114,18.96,Standard,UPI,3.7,4,No
ORD101291,2024-06-12,CUST01005,Consumer,West,Goa,Office Supplies,Binders,File Folder,4,88.43,294.54,0.167,83.82,Express,Credit Card,5.0,1,No
ORD101381,2024-05-25,CUST01256,Corporate,North,Haryana,Technology,Phones,Smartphone B,2,602.43,856.37,0.329,54.32,Standard,COD,4.1,5,Yes
ORD100580,2025-01-07,CUST01255,Corporate,West,Rajasthan,Office Supplies,Stationery,Labels,1,191.63,116.61,0.391,11.95,Standard,COD,3.5,8,No
ORD100329,2025-12-01,CUST01278,Consumer,South,Tamil Nadu,Furniture,Furnishings,Desk Lamp,8,632.94,3033.83,0.492,-134.13,Standard,Net Banking,3.3,6,No
ORD102091,2023-08-19,CUST01537,Small Business,South,Tamil Nadu,Technology,Phones,Smartphone B,2,362.43,521.32,0.281,15.89,Standard,Credit Card,3.7,6,Yes
ORD100893,2025-05-19,CUST01597,Small Business,North,Punjab,Furniture,Bookcases,Wooden Bookcase,2,423.76,808.38,0.1,129.95,Express,UPI,4.5,1,No
ORD101878,2024-12-12,CUST01285,Corporate,South,Telangana,Furniture,Chairs,Visitor Chair,2,276.51,495.16,0.241,37.87,Standard,UPI,5.0,5,Yes
ORD100781,2023-12-31,CUST01594,Consumer,South,Tamil Nadu,Office Supplies,Paper,A4 Paper,1,136.2,139.98,,27.71,Standard,UPI,3.9,7,No
ORD100160,2023-11-28,CUST01132,Small Business,North,Delhi,Office Supplies,Paper,Premium Paper,5,188.24,1004.2,0.096,188.57,Standard,Credit Card,2.8,9,No
ORD101573,2023-03-04,CUST01529,Consumer,South,Andhra Pradesh,Technology,Laptops,Business Laptop,4,851.05,2465.11,0.317,94.88,Standard,COD,4.4,4,No
ORD102447,2025-08-26,CUST01289,Corporate,West,Goa,Furniture,Bookcases,Wooden Bookcase,2,253.73,373.39,0.264,29.77,Standard,UPI,3.6,7,Yes
ORD102906,2023-03-06,CUST01006,Consumer,North,Delhi,Office Supplies,Stationery,Labels,3,365.14,986.1,0.151,257.45,Standard,Net Banking,3.0,9,No
ORD100062,2025-10-02,CUST01123,Consumer,West,Goa,Technology,Laptops,Laptop Pro,6,616.22,2431.05,0.443,-21.98,Standard,UPI,2.9,7,No
ORD100850,2024-02-09,CUST01493,Small Business,West,Gujarat,Office Supplies,Paper,A4 Paper,7,147.15,945.3,0.082,213.22,Standard,Net Banking,4.4,3,No
ORD102918,2024-01-03,CUST01008,Consumer,East,West Bengal,Office Supplies,Storage,Filing Cabinet,3,137.96,374.83,0.094,133.08,Standard,Credit Card,3.4,8,No
ORD102907,2023-08-08,CUST01258,Consumer,South,Andhra Pradesh,Technology,Printers,Laser Printer,1,806.99,728.86,0.097,119.35,Standard,Credit Card,,6,No
ORD101692,2024-06-26,CUST01573,Corporate,West,Goa,Technology,Printers,Laser Printer,3,953.08,2411.91,0.156,321.69,Standard,UPI,3.0,5,No
ORD101044,2023-12-11,CUST01544,Consumer,East,Bihar,Office Supplies,Binders,Document Folder,1,149.43,167.21,0.052,50.92,Standard,COD,3.8,5,No
ORD102509,2025-04-02,CUST01151,Consumer,West,Goa,Office Supplies,Paper,Notebooks,4,131.77,527.24,0.056,204.09,Standard,Net Banking,3.9,3,No
ORD101966,2025-11-06,CUST01061,Consumer,West,Gujarat,Technology,Printers,Inkjet Printer,2,1029.02,1703.69,0.298,-59.92,Standard,COD,4.0,8,No
ORD102088,2024-09-16,CUST01417,Corporate,North,Haryana,Technology,Printers,Laser Printer,2,963.27,1671.86,0.132,252.81,Standard,COD,4.8,3,No
ORD101071,2025-05-14,CUST01106,Consumer,West,Maharashtra,Technology,Phones,Smartphone B,6,524.02,2560.78,0.232,364.84,Express,COD,3.7,3,No
ORD100054,2024-05-31,CUST01502,Corporate,North,Haryana,Office Supplies,Paper,Notebooks,1,222.0,195.06,0.171,43.01,Standard,UPI,,4,No
ORD100259,2024-05-07,CUST01004,Consumer,East,Bihar,Furniture,Bookcases,Metal Bookcase,3,335.95,825.4,0.227,70.17,Standard,,3.6,5,No
ORD100506,2024-06-19,CUST01287,Corporate,East,Jharkhand,Office Supplies,Storage,Filing Cabinet,1,139.54,112.22,0.196,31.49,Standard,UPI,3.8,7,No
ORD100753,2023-01-09,CUST01490,Consumer,North,Haryana,Office Supplies,Binders,Document Folder,2,461.31,778.37,0.156,227.41,Express,UPI,4.4,3,No
ORD102009,2023-05-27,CUST01283,Consumer,West,Gujarat,Office Supplies,Stationery,Stapler,6,486.46,2911.9,0.059,482.08,Same Day,Net Banking,4.6,1,No
ORD100218,2025-01-24,CUST01576,Consumer,East,Odisha,Technology,Printers,Inkjet Printer,1,863.66,683.75,0.208,70.91,Standard,UPI,3.5,7,No
ORD102511,2024-09-24,CUST01418,Consumer,North,Uttar Pradesh,Furniture,Furnishings,Whiteboard,3,690.73,1409.5,0.32,67.38,Express,Net Banking,4.8,2,No
ORD101545,2023-01-27,CUST01093,Small Business,West,Rajasthan,Office Supplies,Paper,A4 Paper,2,254.44,388.54,0.236,59.57,Standard,Credit Card,3.8,7,No
ORD102354,2024-08-18,CUST01547,Corporate,West,Rajasthan,Furniture,Tables,Work Desk,3,368.42,913.95,0.173,155.93,Standard,COD,4.1,6,No
ORD102286,2025-12-07,CUST01350,Corporate,South,Tamil Nadu,Office Supplies,Storage,Organizer,8,218.37,1620.94,,185.68,Same Day,UPI,5.0,1,No
ORD101390,2025-04-07,CUST01133,Consumer,West,Maharashtra,Office Supplies,Stationery,Stapler,2,174.17,348.18,0.057,84.28,Standard,Credit Card,3.7,5,No
ORD102516,2025-08-16,CUST01214,Corporate,North,Haryana,Technology,Phones,Smartphone B,1,163.8,151.2,0.077,23.97,Standard,Credit Card,4.0,4,No
ORD101267,2025-10-30,CUST01436,Small Business,South,Tamil Nadu,Technology,Phones,Smartphone B,2,413.78,760.64,0.221,102.17,Standard,Credit Card,4.2,6,No
ORD102479,2025-12-26,CUST01446,Consumer,North,Punjab,Furniture,Furnishings,Curtains,2,438.11,946.0,0.085,235.94,Standard,COD,4.5,4,No
ORD101739,2025-05-17,CUST01129,Consumer,South,Andhra Pradesh,Furniture,Tables,Study Table,8,569.9,4439.79,0.081,957.73,Standard,UPI,3.1,8,No
ORD100772,2023-03-16,CUST01195,Consumer,South,Telangana,Technology,Phones,Smartphone C,9,865.87,7711.09,0.066,1181.74,Express,Credit Card,3.8,3,No
ORD102817,2025-05-15,CUST01530,Consumer,West,Rajasthan,Technology,Printers,Inkjet Printer,5,545.21,2345.36,0.188,139.06,Standard,UPI,2.7,8,No
ORD101785,2025-02-05,CUST01180,Corporate,West,Goa,Furniture,Tables,Work Desk,3,468.65,1267.78,0.098,93.42,Standard,Credit Card,4.4,3,No
ORD102700,2023-05-24,CUST01277,Corporate,South,Telangana,Technology,Printers,Inkjet Printer,9,1482.21,12031.6,0.149,1344.07,Standard,COD,3.0,7,No
ORD101086,2025-05-15,CUST01197,Small Business,North,Haryana,Furniture,Bookcases,Metal Bookcase,2,503.68,821.06,0.231,56.33,Standard,Credit Card,4.5,4,No
ORD101747,2023-08-12,CUST01571,Small Business,West,Gujarat,Technology,Printers,Inkjet Printer,3,1085.28,2799.4,0.14,265.35,Standard,COD,3.9,8,No
ORD101560,2024-02-21,CUST01458,Small Business,East,West Bengal,Office Supplies,Stationery,Labels,4,70.37,253.74,0.098,63.58,Express,Net Banking,4.0,4,Yes
ORD101326,2024-05-10,CUST01407,Consumer,West,Rajasthan,Furniture,Furnishings,Curtains,1,795.77,655.75,0.223,48.47,Express,COD,4.2,2,No
ORD102132,2025-04-04,CUST01521,Consumer,North,Haryana,Furniture,Chairs,Ergonomic Chair,3,255.16,568.07,0.3,46.2,Standard,UPI,3.5,7,No
ORD101583,2024-08-06,CUST01345,Consumer,South,Karnataka,Furniture,Tables,Conference Table,4,537.14,1404.42,0.346,-8.47,Express,Credit Card,4.5,1,No
ORD101742,2025-12-11,CUST01086,Consumer,South,Andhra Pradesh,Technology,Laptops,Business Laptop,5,606.76,3505.89,0.021,681.61,Standard,UPI,4.3,5,No
ORD102137,2023-12-07,CUST01258,Consumer,East,West Bengal,Technology,Accessories,Headset,5,879.87,4011.45,0.227,133.64,Standard,Credit Card,3.6,6,No
ORD101910,2024-08-31,CUST01442,Consumer,East,Bihar,Furniture,Bookcases,Metal Bookcase,4,594.87,2124.5,0.107,425.03,Standard,UPI,4.3,8,No
ORD102802,2025-08-16,CUST01189,Consumer,West,Maharashtra,Technology,Phones,Smartphone B,2,695.84,1319.19,0.052,300.47,Standard,Credit Card,3.8,3,No
ORD101768,2025-07-30,CUST01502,Consumer,West,Rajasthan,Furniture,Tables,Study Table,1,521.92,431.83,0.173,52.16,Same Day,UPI,4.8,1,No
ORD101743,2024-08-06,CUST01424,Consumer,North,Haryana,Technology,Phones,Smartphone C,8,1003.17,6320.82,0.212,329.33,Standard,Credit Card,4.4,5,No
ORD101164,2024-02-26,CUST01389,Small Business,West,Maharashtra,Technology,Laptops,Laptop Pro,2,1321.4,1974.14,0.253,97.1,Standard,UPI,3.3,6,No
ORD100964,2024-07-27,CUST01587,Small Business,North,,Technology,Laptops,Business Laptop,3,552.75,1447.98,0.127,251.96,Standard,UPI,3.9,6,No
ORD102917,2023-03-31,CUST01534,Corporate,South,Telangana,Office Supplies,Paper,A4 Paper,1,126.1,113.49,0.151,29.99,Standard,Credit Card,3.6,7,No
ORD102010,2023-11-24,CUST01250,Corporate,South,Tamil Nadu,Office Supplies,Storage,Organizer,2,99.09,170.0,0.273,19.03,Standard,Credit Card,3.4,6,No
ORD100399,2024-07-23,CUST01035,Small Business,North,Uttar Pradesh,Technology,Laptops,Laptop Pro,3,454.64,1166.31,0.145,148.64,Standard,COD,4.5,4,No
ORD100585,2024-08-02,CUST01288,Corporate,West,Rajasthan,Technology,Phones,Smartphone C,2,408.93,649.42,0.206,75.32,Same Day,Net Banking,4.3,1,No
ORD100949,2024-06-20,CUST01459,Consumer,South,Karnataka,Technology,Accessories,Keyboard,3,517.81,1528.44,0.016,271.75,Standard,COD,3.5,6,No
ORD100705,2023-12-13,CUST01459,Consumer,West,Goa,Furniture,Bookcases,Metal Bookcase,1,435.07,430.91,,50.58,Standard,Net Banking,3.3,7,No
ORD100432,2023-12-14,CUST01215,Consumer,North,Punjab,Office Supplies,Stationery,Markers,4,117.59,548.96,0.011,145.26,Standard,Credit Card,3.3,7,No
ORD100293,2023-08-08,CUST01451,Corporate,North,Haryana,Office Supplies,Binders,Document Folder,1,161.27,107.17,0.335,8.15,Standard,Credit Card,3.2,7,No
ORD100146,2024-03-23,CUST01187,Small Business,East,Odisha,Technology,Phones,Smartphone A,1,614.5,559.41,0.141,61.79,Standard,UPI,3.7,5,No
ORD100324,2025-09-13,CUST01363,Corporate,East,Bihar,Office Supplies,Binders,Ring Binder,4,389.5,1048.0,0.327,185.12,Standard,Credit Card,3.9,7,No
ORD102121,2024-04-08,CUST01585,Small Business,South,Tamil Nadu,Technology,Laptops,Laptop Air,7,2232.82,12339.68,0.255,957.93,Standard,Credit Card,4.8,5,Yes
ORD101166,2024-06-09,CUST01114,Consumer,East,West Bengal,Furniture,Bookcases,Wooden Bookcase,7,550.63,3412.79,0.115,667.61,Standard,UPI,2.8,8,No
ORD101453,2023-07-10,CUST01090,Small Business,North,Haryana,Office Supplies,Storage,Storage Box,1,241.36,207.94,0.138,62.29,Standard,UPI,3.5,8,No
ORD100003,2024-10-11,CUST01482,Corporate,East,West Bengal,Furniture,Chairs,Office Chair,2,583.08,1075.85,0.218,43.61,Express,UPI,4.1,2,No
ORD100577,2024-06-03,CUST01313,Corporate,North,Punjab,Office Supplies,Storage,Storage Box,4,202.23,756.76,0.064,182.86,Same Day,COD,4.7,1,No
ORD102313,2025-01-31,CUST01487,Consumer,South,Tamil Nadu,Technology,Laptops,Business Laptop,4,576.38,1535.71,0.334,51.97,Standard,Net Banking,2.8,7,No
ORD100340,2024-04-03,CUST01424,Corporate,South,Telangana,Technology,Printers,Laser Printer,2,478.86,763.28,0.248,25.89,Standard,UPI,4.0,3,No
ORD101810,2023-02-14,CUST01229,Small Business,South,Telangana,Furniture,Tables,Work Desk,3,818.8,2367.61,,481.23,Same Day,Credit Card,4.3,1,No
ORD101613,2025-05-01,CUST01251,Consumer,South,Tamil Nadu,Office Supplies,Binders,Ring Binder,1,77.54,80.75,0.018,16.42,Standard,COD,3.8,4,No
ORD100926,2023-08-30,CUST01096,Consumer,South,Telangana,Office Supplies,Storage,Filing Cabinet,2,210.43,363.29,0.137,60.33,Same Day,UPI,3.6,1,No
ORD100266,2023-09-08,CUST01422,Consumer,East,West Bengal,Furniture,Bookcases,Metal Bookcase,7,1138.72,7300.09,0.084,1490.13,Same Day,UPI,4.7,1,No
ORD100377,2025-07-17,CUST01214,Consumer,South,Telangana,Office Supplies,Storage,Organizer,2,248.33,326.35,0.343,71.94,Standard,UPI,3.5,8,No
ORD101892,2025-09-13,CUST01571,Consumer,North,Delhi,Technology,Accessories,USB Hub,10,1159.29,10255.41,0.115,1065.11,Standard,Credit Card,3.8,5,No
ORD101464,2024-09-15,CUST01201,Consumer,West,Goa,Office Supplies,Stationery,Stapler,4,215.55,852.49,0.011,184.88,Standard,Net Banking,3.4,6,No
ORD100272,2025-03-05,CUST01069,Corporate,North,Haryana,Technology,Laptops,Business Laptop,5,1376.31,5295.26,0.274,334.09,Standard,COD,4.0,7,No
ORD100697,2025-04-23,CUST01372,Consumer,West,Maharashtra,Furniture,Chairs,Visitor Chair,2,850.04,1597.49,0.114,222.95,Standard,COD,4.1,5,No
ORD102989,2025-05-23,CUST01054,Consumer,East,Odisha,Office Supplies,Paper,Notebooks,1,75.94,61.05,0.242,8.5,Standard,Net Banking,3.8,7,No
ORD100245,2024-08-05,CUST01349,Consumer,West,Gujarat,Technology,Laptops,Laptop Air,3,615.08,1582.72,0.142,231.29,Standard,Net Banking,3.4,6,No
ORD102828,2024-11-30,CUST01444,Consumer,West,Goa,Technology,Printers,Laser Printer,4,612.44,2339.28,0.191,220.85,Express,Credit Card,4.3,3,No
ORD100477,2025-03-26,CUST01461,Corporate,East,Bihar,Office Supplies,Paper,A4 Paper,5,192.94,875.03,0.144,201.07,Standard,COD,3.6,8,No
ORD102858,2023-07-10,CUST01422,Corporate,South,Karnataka,Furniture,Furnishings,Desk Lamp,2,293.54,516.53,0.12,66.49,Express,UPI,5.0,2,No
ORD102128,2025-10-08,CUST01383,Corporate,West,Gujarat,Technology,Phones,Smartphone B,3,1223.14,3476.03,0.197,625.98,Standard,Credit Card,4.0,6,No
ORD101877,2023-06-20,CUST01039,Corporate,South,Andhra Pradesh,Office Supplies,Paper,A4 Paper,6,112.13,597.32,0.112,122.94,Express,Credit Card,5.0,1,No
ORD101704,2023-01-20,CUST01143,Consumer,South,Karnataka,Technology,Laptops,Laptop Pro,2,304.28,445.92,0.267,19.05,Standard,Net Banking,3.9,7,Yes
ORD102798,2025-07-04,CUST01345,Small Business,East,Jharkhand,Office Supplies,Stationery,Stapler,3,225.58,586.62,0.133,111.5,Standard,UPI,3.0,7,No
ORD102969,2024-02-22,CUST01461,Consumer,North,Uttar Pradesh,Office Supplies,Storage,Organizer,4,270.36,978.86,0.095,149.36,Standard,UPI,4.3,4,No
ORD101954,2024-09-19,CUST01150,Corporate,North,Punjab,Technology,Phones,Smartphone B,4,544.71,1910.3,0.123,278.1,Standard,UPI,2.5,8,No
ORD101899,2024-11-25,CUST01450,Corporate,West,Gujarat,Office Supplies,Binders,Document Folder,8,285.58,1732.83,0.357,126.36,Same Day,UPI,4.9,1,No
ORD100251,2024-08-07,CUST01012,Consumer,South,Tamil Nadu,Office Supplies,Stationery,Markers,2,205.57,264.89,0.356,29.63,Standard,UPI,3.5,5,No
ORD100414,2023-10-21,CUST01406,Consumer,North,Haryana,Office Supplies,Paper,Notebooks,7,217.67,1320.22,0.266,179.34,Standard,Net Banking,3.8,8,No
ORD100546,2023-03-27,CUST01419,Corporate,West,Maharashtra,Technology,Laptops,Laptop Pro,4,606.18,2140.55,0.167,227.09,Standard,COD,4.3,3,No
ORD101194,2025-02-23,CUST01235,Small Business,North,Haryana,Office Supplies,Stationery,Labels,6,210.47,1112.81,0.119,223.68,Standard,Credit Card,,6,No
ORD100739,2025-08-19,CUST01411,Corporate,East,Odisha,Office Supplies,Stationery,Labels,3,289.87,769.27,0.115,161.49,Standard,UPI,4.2,4,No
ORD100311,2023-07-23,CUST01379,Corporate,North,,Technology,Phones,Smartphone C,1,617.79,491.1,0.205,23.37,Standard,Net Banking,3.9,4,No
ORD101717,2023-06-04,CUST01115,Consumer,East,West Bengal,Technology,Printers,Inkjet Printer,3,524.21,1088.61,0.308,-40.94,Standard,COD,4.0,4,No
ORD100894,2025-07-24,CUST01240,Corporate,South,Tamil Nadu,Office Supplies,Stationery,Stapler,3,135.22,338.99,0.164,73.11,Standard,Net Banking,4.4,4,No
ORD101132,2024-10-25,CUST01379,Consumer,East,,Furniture,Furnishings,Desk Lamp,6,1411.17,8672.06,0.132,923.87,Standard,Net Banking,2.9,7,No
ORD101450,2025-11-29,CUST01544,Consumer,South,Telangana,Technology,Printers,Inkjet Printer,3,454.04,1385.12,0.138,62.21,Express,Net Banking,3.8,2,No
ORD102922,2023-06-11,CUST01462,Small Business,South,Tamil Nadu,Technology,Laptops,Business Laptop,2,703.35,1345.1,0.044,229.08,Express,Net Banking,4.0,3,No
ORD100016,2023-10-31,CUST01353,Consumer,East,Jharkhand,Office Supplies,Stationery,Markers,4,122.9,432.52,0.254,77.21,Standard,UPI,3.8,7,No
ORD101981,2024-09-22,CUST01252,Consumer,South,Tamil Nadu,Furniture,Chairs,Office Chair,1,510.12,480.78,0.058,77.86,Express,Net Banking,4.6,3,No
ORD100722,2024-04-07,CUST01174,Corporate,South,Andhra Pradesh,Office Supplies,Binders,Document Folder,2,34.95,70.21,0.052,16.23,Standard,UPI,4.0,7,No
ORD101421,2025-10-24,CUST01038,Small Business,East,West Bengal,Technology,Laptops,Business Laptop,7,417.97,2784.49,0.193,381.66,Standard,UPI,4.5,4,No
ORD102648,2023-05-23,CUST01556,Corporate,West,,Office Supplies,Storage,Storage Box,2,117.99,182.33,0.271,27.55,Standard,Credit Card,3.7,3,No
ORD100982,2024-04-27,CUST01561,Small Business,South,Telangana,Office Supplies,Binders,File Folder,2,162.41,266.36,0.226,45.56,Standard,UPI,3.1,8,No
ORD101903,2025-05-22,CUST01093,Consumer,North,Delhi,Technology,Accessories,Headset,7,219.31,1397.48,0.141,118.23,Express,Credit Card,4.8,1,No
ORD101540,2023-05-03,CUST01005,Small Business,East,Bihar,Furniture,Bookcases,Wooden Bookcase,4,401.77,1352.84,0.206,246.95,Standard,COD,4.0,5,Yes
ORD102544,2025-10-19,CUST01056,Consumer,West,Goa,Technology,Printers,Laser Printer,2,326.2,678.35,0.119,64.72,Standard,UPI,3.9,4,No
ORD101551,2024-04-18,CUST01554,Corporate,East,Odisha,Furniture,Chairs,Office Chair,6,709.87,3809.01,0.156,826.4,Standard,UPI,2.9,7,No
ORD102435,2025-12-20,CUST01367,Small Business,North,Punjab,Technology,Printers,Laser Printer,1,1458.2,1647.89,0.042,326.39,Express,Credit Card,3.7,2,No
ORD100364,2023-08-29,CUST01225,Consumer,West,Rajasthan,Technology,Phones,Smartphone C,9,613.59,5107.13,0.075,379.59,Standard,Net Banking,3.2,4,No
ORD102915,2023-02-10,CUST01379,Consumer,North,Delhi,Technology,Printers,Inkjet Printer,5,655.39,3077.79,0.061,450.43,Standard,UPI,3.4,7,No
ORD100183,2023-11-07,CUST01036,Consumer,West,Maharashtra,Office Supplies,Paper,Premium Paper,1,174.38,170.78,0.17,26.46,Standard,COD,4.0,5,No
ORD100986,2023-04-09,CUST01167,Consumer,East,West Bengal,Furniture,Tables,Study Table,2,532.35,892.98,0.209,125.74,Standard,Net Banking,4.8,7,No
ORD102021,2023-03-16,CUST01592,Consumer,West,Rajasthan,Technology,Accessories,Headset,3,683.64,1740.07,0.2,101.61,Standard,Net Banking,4.1,5,No
ORD101195,2023-07-03,CUST01434,Corporate,East,West Bengal,Technology,Phones,Smartphone C,3,2018.84,4666.58,0.229,622.4,Standard,Credit Card,2.9,7,No
ORD102904,2025-12-05,CUST01532,Consumer,West,Maharashtra,Office Supplies,Binders,Ring Binder,6,192.93,1345.39,0.015,438.21,Standard,UPI,3.1,7,No
ORD101703,2024-05-29,CUST01031,Consumer,North,Haryana,Technology,Accessories,USB Hub,2,181.32,318.76,0.171,24.73,Standard,Credit Card,3.2,7,No
ORD101122,2025-10-28,CUST01493,Consumer,West,Maharashtra,Technology,Printers,Inkjet Printer,3,381.07,1140.96,0.154,178.18,Express,Net Banking,3.8,3,No
ORD100188,2023-09-08,CUST01073,Consumer,North,Delhi,Office Supplies,Paper,Notebooks,3,192.84,468.54,0.19,104.23,Standard,Net Banking,3.8,4,No
ORD100620,2025-02-28,CUST01022,Consumer,East,Jharkhand,Technology,Laptops,Business Laptop,4,1106.26,3294.87,0.255,234.19,Express,Net Banking,4.3,3,No
ORD101707,2025-12-31,CUST01386,Consumer,South,Andhra Pradesh,Office Supplies,Paper,A4 Paper,6,60.9,410.75,0.047,118.81,Express,COD,4.9,1,No
ORD101176,2025-12-09,CUST01489,Consumer,East,Odisha,Technology,Laptops,Laptop Pro,2,906.61,1931.71,0.097,351.39,Standard,UPI,3.2,9,No
ORD101183,2025-06-15,CUST01500,Small Business,East,West Bengal,Furniture,Furnishings,Whiteboard,2,458.61,790.11,0.139,162.48,Standard,Credit Card,3.4,7,No
ORD102397,2023-04-10,CUST01109,Small Business,South,Tamil Nadu,Furniture,Furnishings,Desk Lamp,3,525.51,1565.34,0.063,314.03,Express,Credit Card,4.7,3,No
ORD102213,2023-12-05,CUST01044,Corporate,North,Uttar Pradesh,Technology,Phones,Smartphone A,3,754.82,2452.03,0.082,361.22,Standard,Credit Card,3.5,9,No
ORD100615,2025-12-16,CUST01034,Corporate,South,Andhra Pradesh,Furniture,Bookcases,Wooden Bookcase,9,603.84,5301.78,0.173,629.64,Express,Credit Card,4.5,2,No
ORD101514,2024-01-15,CUST01431,Consumer,North,Delhi,Technology,Phones,Smartphone A,4,336.89,1226.62,,160.25,Standard,Credit Card,4.1,4,No
ORD101467,2024-01-22,CUST01111,Consumer,East,Odisha,Technology,Printers,Inkjet Printer,1,584.92,554.75,0.052,59.89,Standard,Credit Card,3.2,4,No
ORD100402,2025-05-02,CUST01586,Corporate,North,Uttar Pradesh,Office Supplies,Binders,File Folder,6,42.36,227.11,0.157,37.14,Standard,UPI,4.2,6,No
ORD100995,2023-10-29,CUST01061,Consumer,East,Bihar,Office Supplies,Stationery,Pens,6,313.16,1638.77,0.261,236.92,Standard,Credit Card,3.9,4,No
ORD100935,2024-05-25,CUST01282,Consumer,North,Haryana,Office Supplies,Binders,File Folder,2,324.12,558.84,0.187,73.95,Standard,Credit Card,3.7,8,No
ORD100372,2025-04-08,CUST01492,Consumer,West,Maharashtra,Technology,Accessories,Headset,1,434.37,362.6,0.212,31.97,Standard,UPI,3.3,8,No
ORD101953,2023-12-02,CUST01130,Consumer,East,,Office Supplies,Binders,File Folder,2,127.99,224.63,0.256,26.96,Standard,Credit Card,4.2,5,No
ORD102178,2023-10-02,CUST01481,Consumer,South,Tamil Nadu,Technology,Printers,Laser Printer,3,309.14,855.27,0.218,2.89,Standard,net banking,4.1,7,No
ORD100594,2023-11-18,CUST01044,Consumer,East,Jharkhand,Furniture,Bookcases,Wooden Bookcase,5,508.11,2605.96,0.131,458.39,Standard,UPI,4.4,4,No
ORD101941,2025-11-07,CUST01441,Consumer,West,Maharashtra,Office Supplies,Binders,File Folder,1,517.19,596.52,0.023,171.6,Express,UPI,4.4,2,No
ORD100727,2024-05-24,CUST01173,Corporate,East,Odisha,Furniture,Chairs,Office Chair,8,429.94,2230.86,0.388,170.65,Standard,Credit Card,3.6,8,No
ORD100827,2024-01-23,CUST01080,Corporate,West,Rajasthan,Furniture,Bookcases,Metal Bookcase,8,305.53,2150.81,,501.87,Standard,Credit Card,3.8,3,No
ORD102868,2023-07-14,CUST01274,Consumer,South,Telangana,Technology,Printers,Laser Printer,2,291.08,459.76,0.21,38.57,Express,Net Banking,,1,Yes
ORD100688,2023-04-20,CUST01577,Corporate,South,Andhra Pradesh,Office Supplies,Stationery,Stapler,5,265.39,998.15,0.29,195.47,Express,COD,4.5,3,No
ORD102228,2025-04-30,CUST01527,Consumer,West,Gujarat,Furniture,Chairs,Office Chair,1,447.23,364.07,0.232,38.92,Standard,Credit Card,3.4,7,No
ORD100137,2024-08-23,CUST01073,Consumer,East,Odisha,Furniture,Furnishings,Desk Lamp,2,314.84,546.6,0.132,69.96,Express,Net Banking,4.4,4,No
ORD102463,2024-05-29,CUST01432,Consumer,West,Goa,Technology,Accessories,USB Hub,6,699.86,3117.2,0.3,170.31,Standard,UPI,3.2,7,No
ORD100629,2023-01-18,CUST01573,Corporate,North,Punjab,Office Supplies,Binders,Document Folder,1,59.38,47.65,0.198,5.74,Standard,UPI,3.4,8,No
ORD100335,2025-01-09,CUST01031,Corporate,West,Goa,Office Supplies,Binders,Document Folder,4,93.46,305.79,0.182,60.42,Standard,Credit Card,3.2,5,No
ORD100391,2024-05-02,CUST01547,Consumer,South,Telangana,Furniture,Tables,Work Desk,1,1127.55,934.66,0.218,116.31,Standard,Net Banking,3.1,8,No
ORD102322,2025-01-06,CUST01371,Corporate,South,Telangana,Furniture,Bookcases,Wooden Bookcase,4,312.07,1078.93,0.136,179.42,Standard,Credit Card,3.5,7,No
ORD101110,2025-06-05,CUST01490,Consumer,East,Jharkhand,Furniture,Furnishings,Desk Lamp,1,377.11,342.31,0.092,69.32,Standard,COD,4.0,5,No
ORD101765,2024-01-12,CUST01312,Small Business,West,Goa,Technology,Phones,Smartphone B,1,225.68,188.38,0.165,21.48,Standard,UPI,4.7,7,Yes
ORD102713,2023-07-09,CUST01103,Consumer,West,Gujarat,Technology,Accessories,USB Hub,1,981.75,891.97,0.091,65.42,Express,UPI,4.5,1,No
ORD100711,2024-07-01,CUST01015,Consumer,South,,Furniture,Tables,Study Table,1,622.85,570.32,0.084,131.42,Express,Credit Card,4.2,3,No
ORD101040,2024-02-27,CUST01199,Consumer,South,Andhra Pradesh,Office Supplies,Paper,A4 Paper,3,119.75,303.61,0.155,47.89,Standard,UPI,3.9,4,No
ORD101914,2024-08-30,CUST01397,Consumer,West,Maharashtra,Technology,Phones,Smartphone A,2,438.96,679.05,0.227,21.74,Standard,UPI,4.1,5,Yes
ORD101879,2024-10-14,CUST01540,Consumer,West,Rajasthan,Office Supplies,Storage,Storage Box,3,244.22,518.93,0.4,59.08,Standard,Credit Card,4.1,7,No
ORD102609,2024-07-14,CUST01445,Consumer,West,Rajasthan,Office Supplies,Paper,Notebooks,1,90.92,81.16,0.107,21.73,Standard,UPI,4.2,7,No
ORD101562,2023-01-27,CUST01207,Consumer,West,Goa,Office Supplies,Storage,Storage Box,6,128.28,623.86,0.189,104.78,Standard,UPI,3.7,3,No
ORD102772,2025-01-20,CUST01483,Small Business,South,,Technology,Accessories,USB Hub,5,671.24,3041.1,0.094,391.53,Standard,UPI,4.9,6,No
ORD101595,2024-09-12,CUST01457,Corporate,East,Bihar,Furniture,Tables,Conference Table,3,1389.3,3846.44,0.077,877.91,Standard,UPI,4.0,7,No
ORD102534,2025-05-08,CUST01534,Consumer,North,Delhi,Furniture,Bookcases,Metal Bookcase,3,253.39,656.57,0.185,102.58,Standard,COD,4.0,9,No
ORD101113,2023-12-12,CUST01472,Consumer,West,Goa,Office Supplies,Binders,Ring Binder,8,165.43,1467.57,0.06,264.48,Standard,Credit Card,4.0,4,No
ORD100466,2024-07-13,CUST01460,Consumer,South,Telangana,Technology,Laptops,Laptop Air,4,1075.54,3669.52,0.147,67.46,Standard,Net Banking,3.5,7,No
ORD101561,2024-01-07,CUST01561,Consumer,West,Gujarat,Technology,Phones,Smartphone C,2,535.38,593.99,0.445,-26.07,Same Day,UPI,4.4,1,No
ORD101224,2023-06-15,CUST01293,Corporate,North,Uttar Pradesh,Technology,Accessories,Headset,1,1169.94,1073.66,0.082,184.99,Standard,Net Banking,3.6,4,No
ORD101984,2024-10-13,CUST01272,Consumer,East,,Furniture,Furnishings,Curtains,10,823.1,8447.53,0.13,1466.73,Same Day,Net Banking,4.5,2,No
ORD102982,2024-02-23,CUST01189,Consumer,North,Uttar Pradesh,Technology,Accessories,Headset,3,725.6,1941.23,0.108,229.91,Express,Credit Card,5.0,1,No
ORD102361,2025-04-30,CUST01031,Consumer,West,Gujarat,Technology,Phones,Smartphone C,1,516.49,452.57,0.173,37.92,Express,Net Banking,4.5,1,No
ORD101509,2024-07-21,CUST01229,Small Business,North,Haryana,Technology,Accessories,Keyboard,8,1062.03,7008.81,0.175,1274.01,Express,COD,4.1,3,Yes
ORD101105,2025-01-30,CUST01225,Consumer,South,Andhra Pradesh,Office Supplies,Binders,Ring Binder,1,82.01,45.89,0.44,4.35,Express,Credit Card,5.0,1,No
ORD102019,2025-04-13,CUST01551,Consumer,South,Andhra Pradesh,Office Supplies,Binders,File Folder,4,84.89,344.67,0.042,113.89,Standard,Credit Card,3.6,8,No
ORD100339,2025-06-11,CUST01552,Consumer,South,Tamil Nadu,Furniture,Furnishings,Curtains,4,453.42,1741.16,0.04,446.09,Standard,UPI,4.6,5,No
ORD100216,2023-10-14,CUST01511,Consumer,South,Tamil Nadu,Technology,Phones,Smartphone B,5,2711.76,10865.23,0.321,-792.67,Same Day,UPI,4.6,1,No
ORD101616,2024-07-11,CUST01155,Consumer,East,Odisha,Furniture,Furnishings,Whiteboard,2,100.0,169.07,0.155,22.82,Standard,Credit Card,3.5,4,No
ORD102379,2023-09-09,CUST01461,Consumer,North,Punjab,Technology,Phones,Smartphone B,2,766.67,1369.12,0.107,214.43,Standard,Credit Card,2.6,8,No
ORD102528,2025-11-07,CUST01328,Small Business,West,Maharashtra,Office Supplies,Binders,File Folder,1,180.89,191.3,0.104,41.02,Standard,UPI,4.5,5,No
ORD102819,2024-10-17,CUST01279,Consumer,South,Tamil Nadu,Office Supplies,Paper,A4 Paper,5,426.98,1998.57,0.207,82.14,Express,Net Banking,4.5,2,No
ORD101593,2024-12-06,CUST01400,Consumer,North,Punjab,Technology,Laptops,Business Laptop,6,562.5,3291.71,0.173,433.62,Standard,COD,4.4,6,No
ORD101865,2025-06-07,CUST01090,Consumer,West,Rajasthan,Technology,Accessories,Keyboard,2,1078.6,2081.8,0.035,320.88,Standard,COD,3.7,4,No
ORD101712,2024-08-21,CUST01418,Consumer,South,Telangana,Technology,Phones,Smartphone A,7,1990.37,10712.99,0.231,855.38,Standard,Net Banking,3.8,5,No
ORD102536,2023-12-12,CUST01582,Consumer,East,Bihar,Office Supplies,Stationery,Stapler,0,246.34,734.54,0.158,136.85,Express,Credit Card,3.7,4,No
ORD100817,2025-10-31,CUST01403,Consumer,South,Karnataka,Office Supplies,Stationery,Pens,3,180.63,555.49,0.131,126.22,Standard,Credit Card,3.7,5,No
ORD101068,2023-09-01,CUST01067,Consumer,East,West Bengal,Office Supplies,Paper,Notebooks,1,184.4,169.4,0.081,51.22,Standard,UPI,2.5,9,No
ORD102034,2024-03-14,CUST01271,Consumer,South,Andhra Pradesh,Office Supplies,Paper,Premium Paper,1,135.83,124.25,0.137,19.51,Same Day,UPI,4.5,1,No
ORD100275,2023-02-24,CUST01135,Consumer,West,Goa,Office Supplies,Paper,Notebooks,4,287.27,1049.36,0.087,339.05,Standard,Net Banking,3.6,5,No
ORD102257,2024-09-14,CUST01006,Consumer,West,Rajasthan,Office Supplies,Paper,Notebooks,10,123.34,1079.99,0.124,222.98,Standard,UPI,4.6,3,No
ORD100866,2025-01-27,CUST01512,Consumer,North,Haryana,Furniture,Furnishings,Desk Lamp,2,488.18,877.93,0.101,229.93,Standard,UPI,3.2,9,No
ORD100102,2023-05-20,CUST01533,Consumer,South,Andhra Pradesh,Office Supplies,Binders,Document Folder,7,265.79,1488.63,0.245,300.88,Standard,COD,,6,No
ORD101502,2025-07-28,CUST01206,Consumer,East,West Bengal,Office Supplies,Storage,Storage Box,2,214.17,364.87,0.148,88.39,Standard,UPI,3.1,8,No
ORD102162,2023-09-24,CUST01440,Small Business,West,Gujarat,Technology,Laptops,Laptop Pro,8,773.21,5867.39,0.051,933.56,Standard,UPI,4.3,4,No
ORD100172,2025-07-10,CUST01298,Consumer,East,Jharkhand,Technology,Accessories,Wireless Mouse,3,885.89,2594.28,0.024,438.76,Same Day,Credit Card,,1,No
ORD100108,2024-02-22,CUST01584,Corporate,North,Delhi,Furniture,Chairs,Office Chair,3,1084.54,3036.05,0.067,582.94,Express,UPI,3.9,4,No
ORD102242,2024-09-11,CUST01427,Consumer,East,Jharkhand,Technology,Printers,Inkjet Printer,6,324.02,1772.42,0.088,301.14,Express,UPI,4.1,3,No
ORD101522,2025-03-25,CUST01034,Small Business,South,Andhra Pradesh,Technology,Printers,Laser Printer,3,1042.23,2625.64,0.208,52.52,Express,Net Banking,4.5,3,No
ORD101226,2023-01-07,CUST01223,Consumer,South,,Office Supplies,Storage,Storage Box,3,371.23,913.69,0.18,184.45,Standard,Credit Card,4.3,5,No
ORD102439,2023-05-14,CUST01174,Corporate,West,Goa,Furniture,Chairs,Office Chair,7,160.7,1036.16,0.131,145.67,Express,Credit Card,4.4,3,No
ORD101986,2023-01-16,CUST01020,Small Business,East,Odisha,Technology,Laptops,Business Laptop,1,666.23,620.34,0.069,84.74,Standard,Credit Card,4.3,5,No
ORD101792,2023-01-29,CUST01155,Consumer,South,Andhra Pradesh,Technology,Phones,Smartphone B,4,1035.3,3507.67,0.153,281.23,Standard,Credit Card,3.1,8,No
ORD102055,2023-12-17,CUST01445,Consumer,West,Rajasthan,Office Supplies,Paper,A4 Paper,1,238.15,228.59,0.187,42.94,Standard,Credit Card,3.5,6,No
ORD101993,2023-11-21,CUST01201,Small Business,West,Gujarat,Furniture,Tables,Study Table,2,535.59,994.41,0.213,125.12,Standard,Net Banking,3.5,8,No
ORD102263,2025-07-15,CUST01184,Consumer,North,Punjab,Office Supplies,Stationery,Labels,2,113.41,175.04,0.228,15.04,Standard,Credit Card,3.3,5,No
ORD102623,2025-07-07,CUST01459,Consumer,West,Goa,Office Supplies,Binders,File Folder,6,424.27,2074.85,0.185,503.83,Standard,Credit Card,3.3,5,No
ORD102589,2024-09-20,CUST01559,Consumer,East,West Bengal,Furniture,Chairs,Office Chair,2,986.14,1857.45,0.058,287.21,Standard,UPI,4.3,3,No
ORD101787,2025-02-09,CUST01559,Small Business,West,Gujarat,Office Supplies,Storage,Organizer,2,107.8,183.21,0.15,39.82,Same Day,COD,4.8,1,No
ORD100296,2024-05-19,CUST01134,Consumer,North,Punjab,Furniture,Tables,Conference Table,2,872.88,1573.24,0.15,177.17,Standard,Credit Card,2.8,8,No
ORD100713,2024-07-09,CUST01320,Consumer,North,Punjab,Furniture,Furnishings,Curtains,1,468.47,347.9,0.257,19.78,Express,UPI,4.9,3,No
ORD100073,2024-03-26,CUST01418,Corporate,East,West Bengal,Technology,Printers,Inkjet Printer,4,389.83,1417.51,0.142,88.7,Standard,UPI,4.5,3,No
ORD102631,2025-01-02,CUST01028,Small Business,North,Punjab,Technology,Phones,Smartphone B,4,2404.08,9213.64,0.042,2073.59,Same Day,Net Banking,5.0,1,No
ORD102282,2024-08-31,CUST01496,Consumer,South,Telangana,Technology,Phones,Smartphone A,6,838.76,4664.86,0.073,902.47,Standard,UPI,3.9,3,No
ORD102575,2025-02-27,CUST01293,Consumer,South,Andhra Pradesh,Furniture,Tables,Study Table,3,546.06,1046.1,0.361,108.05,Standard,Net Banking,3.3,6,No
ORD102900,2023-09-26,CUST01434,Consumer,South,Telangana,Office Supplies,Stationery,Markers,3,253.83,685.32,0.1,123.84,Express,UPI,4.5,1,No
ORD100482,2025-04-21,CUST01379,Small Business,South,Telangana,Furniture,Tables,Study Table,4,570.98,1569.51,0.352,95.29,Standard,UPI,3.2,8,Yes
ORD102231,2024-09-12,CUST01333,Consumer,North,Uttar Pradesh,Office Supplies,Stationery,Pens,4,221.38,827.95,0.065,203.65,Standard,Credit Card,5.0,3,No
ORD101531,2024-10-06,CUST01454,Consumer,South,Karnataka,Furniture,Bookcases,Wooden Bookcase,3,635.46,1803.66,0.198,322.39,Express,Net Banking,3.7,3,Yes
ORD102567,2025-06-22,CUST01473,Consumer,West,Maharashtra,Office Supplies,Storage,Organizer,8,118.59,878.85,0.074,234.56,Express,UPI,3.5,1,No
ORD101515,2025-02-17,CUST01522,Consumer,North,Delhi,Furniture,Chairs,Ergonomic Chair,8,589.05,4350.23,0.077,745.07,Standard,Net Banking,3.7,7,No
ORD102976,2024-11-01,CUST01191,Consumer,South,Telangana,Office Supplies,Storage,Organizer,1,131.76,153.12,0.015,34.22,Standard,Credit Card,3.9,8,No
ORD101491,2025-04-25,CUST01029,Corporate,North,Haryana,Furniture,Bookcases,Metal Bookcase,7,523.24,3127.97,0.194,490.18,Standard,COD,3.3,7,Yes
ORD101172,2024-10-30,CUST01566,Consumer,East,Bihar,Furniture,Furnishings,Desk Lamp,1,437.62,445.83,0.137,86.23,Standard,UPI,3.7,4,No
ORD102465,2024-07-21,CUST01143,Consumer,East,Bihar,Furniture,Bookcases,Metal Bookcase,2,399.53,575.03,0.28,41.0,Express,UPI,4.6,3,No
ORD102117,2024-12-28,CUST01541,Corporate,South,Karnataka,Office Supplies,Stationery,Pens,2,42.43,75.97,0.241,18.29,Same Day,Credit Card,4.0,1,No
ORD102706,2023-10-11,CUST01600,Corporate,South,Tamil Nadu,Furniture,Chairs,Visitor Chair,1,481.97,518.78,0.088,78.52,Same Day,UPI,4.2,1,No
ORD102229,2024-05-02,CUST01595,Consumer,South,Telangana,Office Supplies,Binders,Ring Binder,1,168.79,132.39,0.26,19.62,Standard,Net Banking,,4,No
ORD102284,2023-05-02,CUST01584,Consumer,South,Andhra Pradesh,Furniture,Bookcases,Metal Bookcase,6,333.68,1599.65,0.246,5.81,Standard,UPI,4.7,5,Yes
ORD100406,2024-04-07,CUST01218,Corporate,West,Goa,Technology,Accessories,Keyboard,9,266.23,2143.75,0.156,141.12,Standard,UPI,3.8,8,No
ORD100758,2025-07-27,CUST01429,Consumer,North,Delhi,Technology,Phones,Smartphone B,5,459.07,2259.2,0.016,476.96,Standard,COD,4.3,5,No
ORD102777,2023-09-05,CUST01349,Corporate,South,Tamil Nadu,Office Supplies,Paper,Notebooks,9,167.31,1295.12,0.14,256.82,Standard,Net Banking,3.9,3,No
ORD102197,2023-12-09,CUST01490,Consumer,South,Karnataka,Office Supplies,Storage,Filing Cabinet,4,101.06,332.05,0.304,52.82,Standard,Credit Card,3.4,6,No
ORD101908,2023-07-19,CUST01168,Small Business,East,Odisha,Technology,Laptops,Laptop Pro,3,461.92,1179.13,0.149,135.26,Standard,UPI,3.3,8,Yes
ORD100098,2024-06-28,CUST01176,Corporate,East,Bihar,Technology,Accessories,USB Hub,3,568.97,1244.7,0.271,38.16,Standard,Credit Card,4.1,4,No
ORD101334,2025-10-21,CUST01565,Small Business,South,Tamil Nadu,Office Supplies,Stationery,Markers,4,230.7,859.94,0.21,132.02,Standard,UPI,4.0,5,Yes
ORD102402,2024-01-31,CUST01589,Corporate,East,Bihar,Furniture,Bookcases,Metal Bookcase,3,407.87,715.32,0.415,-23.75,Standard,Net Banking,3.7,7,No
ORD100744,2023-12-27,CUST01019,Consumer,North,Punjab,Office Supplies,Paper,A4 Paper,6,231.68,1412.25,0.139,202.41,Standard,Credit Card,3.0,8,No
ORD100807,2025-11-20,CUST01288,Consumer,South,Andhra Pradesh,Office Supplies,Paper,A4 Paper,4,184.59,778.6,0.106,211.09,Standard,Credit Card,3.7,7,No
ORD102784,2024-01-31,CUST01162,Consumer,South,Karnataka,Office Supplies,Binders,Document Folder,5,155.8,768.17,0.014,197.61,Standard,COD,4.2,7,No
ORD102000,2024-10-21,CUST01532,Corporate,North,Haryana,Furniture,Bookcases,Metal Bookcase,1,286.95,288.99,0.147,65.25,Same Day,UPI,4.3,1,No
ORD102513,2024-11-02,CUST01590,Small Business,East,Odisha,Office Supplies,Paper,A4 Paper,8,107.17,903.74,0.107,255.12,Standard,UPI,3.3,8,No
ORD101536,2024-06-29,CUST01085,Consumer,North,Punjab,Office Supplies,Stationery,Markers,2,159.23,262.37,0.176,54.84,Express,UPI,4.3,3,No
ORD102965,2024-05-10,CUST01539,Consumer,West,,Office Supplies,Paper,A4 Paper,7,337.82,2353.96,0.061,565.49,Standard,UPI,3.8,5,No
ORD102041,2024-05-10,CUST01325,Small Business,West,Gujarat,Technology,Laptops,Laptop Pro,3,754.3,1434.65,0.402,-48.54,Standard,UPI,3.0,8,Yes
ORD100149,2025-11-30,CUST01172,Corporate,South,Andhra Pradesh,Furniture,Furnishings,Desk Lamp,2,332.81,575.31,0.268,16.67,Standard,UPI,4.6,6,Yes
ORD101801,2025-05-04,CUST01104,Consumer,South,Andhra Pradesh,Office Supplies,Storage,Organizer,4,269.37,870.85,0.238,107.04,Standard,UPI,3.7,6,No
ORD102065,2024-05-16,CUST01334,Consumer,South,Karnataka,Office Supplies,Paper,Premium Paper,3,317.8,943.01,0.067,278.12,Standard,COD,4.3,3,No
ORD102072,2025-09-16,CUST01440,Small Business,South,Tamil Nadu,Furniture,Bookcases,Metal Bookcase,4,386.26,1184.26,0.234,157.88,Standard,COD,4.1,4,No
ORD101316,2023-05-23,CUST01574,Corporate,East,Jharkhand,Office Supplies,Paper,A4 Paper,7,139.52,726.12,0.299,55.35,Express,UPI,4.6,1,No
ORD100693,2025-10-30,CUST01416,Consumer,West,Maharashtra,Technology,Accessories,USB Hub,1,1193.44,1270.7,0.098,232.51,Standard,Credit Card,4.3,3,No
ORD100819,2023-06-15,CUST01403,Consumer,East,Jharkhand,Technology,Printers,Laser Printer,2,686.27,1109.93,0.191,87.37,Standard,Credit Card,4.3,4,No
ORD101729,2024-01-17,CUST01267,Consumer,South,Telangana,Furniture,Bookcases,Metal Bookcase,2,1138.6,1959.93,,385.96,Same Day,UPI,4.1,1,No
ORD101387,2025-07-10,CUST01384,Consumer,North,Haryana,Technology,Laptops,Laptop Pro,1,1514.62,1239.02,0.182,137.1,Standard,,3.1,8,No
ORD102294,2023-04-20,CUST01262,Corporate,West,Rajasthan,Office Supplies,Storage,Storage Box,2,296.23,570.75,0.091,121.65,Standard,UPI,4.5,5,No
ORD102068,2025-12-05,CUST01467,Consumer,South,Andhra Pradesh,Technology,Phones,Smartphone A,2,908.13,1629.67,0.24,87.64,Standard,Net Banking,3.8,5,No
ORD101600,2023-10-01,CUST01212,Consumer,West,Rajasthan,Technology,Accessories,Wireless Mouse,2,1013.91,1961.05,0.18,150.82,Express,Net Banking,4.0,3,No
ORD102374,2023-05-11,CUST01132,Consumer,North,Punjab,Office Supplies,Paper,Notebooks,3,409.11,1049.53,0.193,195.88,Express,UPI,5.0,1,No
ORD102470,2024-12-24,CUST01136,Consumer,East,West Bengal,Furniture,Chairs,Office Chair,1,439.28,414.36,0.201,28.24,Standard,UPI,4.0,4,No
ORD100702,2023-10-15,CUST01491,Consumer,South,Tamil Nadu,Furniture,Chairs,Visitor Chair,4,252.57,956.2,0.198,118.14,Standard,UPI,3.9,4,No
ORD102410,2024-12-15,CUST01440,Consumer,South,Telangana,Furniture,Tables,Study Table,1,649.18,628.51,0.18,59.66,Standard,COD,,8,No
ORD102671,2024-09-29,CUST01317,Small Business,North,Delhi,Office Supplies,Binders,File Folder,1,150.92,122.47,0.188,16.02,Standard,UPI,4.1,6,No
ORD100922,2025-07-07,CUST01129,Consumer,South,Telangana,Office Supplies,Storage,Storage Box,3,240.25,512.05,0.29,69.68,Standard,Credit Card,3.4,6,No
ORD101425,2025-08-23,CUST01422,Consumer,South,Telangana,Technology,Accessories,USB Hub,2,890.04,1396.91,0.215,150.94,Express,COD,3.6,2,No
ORD101709,2023-02-17,CUST01543,Consumer,North,Haryana,Office Supplies,Binders,File Folder,2,96.85,176.1,0.091,55.28,Standard,Credit Card,3.4,8,No
ORD100906,2023-08-05,CUST01125,Consumer,South,Karnataka,Office Supplies,Storage,Storage Box,3,312.8,703.64,0.25,77.41,Standard,Net Banking,4.1,6,No
ORD100455,2025-05-28,CUST01230,Consumer,North,Delhi,Furniture,Tables,Work Desk,4,454.58,1752.85,0.091,391.2,Standard,Credit Card,4.6,4,No
ORD102094,2025-09-07,CUST01569,Consumer,East,Bihar,Office Supplies,Storage,Filing Cabinet,9,194.27,1102.18,0.37,72.23,Standard,UPI,3.6,6,No
ORD102317,2023-05-05,CUST01155,Consumer,East,West Bengal,Furniture,Furnishings,Curtains,5,423.34,1446.56,0.355,42.55,Standard,COD,,7,No
ORD101799,2024-07-25,CUST01268,Consumer,North,Delhi,Office Supplies,Binders,Document Folder,2,159.3,301.31,0.054,76.89,Standard,Credit Card,3.3,5,No
ORD100168,2024-06-21,CUST01069,Corporate,East,Jharkhand,Office Supplies,Binders,Document Folder,1,139.17,122.55,0.119,29.65,Standard,COD,2.9,8,No
ORD100731,2024-01-24,CUST01129,Consumer,South,Tamil Nadu,Technology,Laptops,Laptop Air,1,552.44,520.68,0.057,100.11,Standard,Net Banking,3.8,3,No
ORD102171,2023-12-06,CUST01354,Consumer,West,Rajasthan,Technology,Accessories,USB Hub,3,359.2,1116.45,0.122,166.21,Standard,Credit Card,3.4,6,No
ORD101311,2025-06-30,CUST01365,Consumer,West,Rajasthan,Office Supplies,Stationery,Markers,4,225.7,696.49,0.229,145.94,Express,UPI,4.3,2,No
ORD100027,2025-05-18,CUST01409,Consumer,East,Jharkhand,Furniture,Bookcases,Metal Bookcase,1,334.1,209.69,0.408,1.98,Express,UPI,4.9,2,No
ORD101963,2024-11-11,CUST01448,Corporate,West,Maharashtra,Technology,Phones,Smartphone A,9,1550.86,15662.33,0.049,3818.87,Standard,Net Banking,2.5,8,No
ORD101653,2025-07-23,CUST01093,Consumer,West,Goa,Furniture,Furnishings,Whiteboard,3,685.55,1539.3,0.252,147.24,Standard,UPI,3.5,7,No
ORD101623,2023-09-14,CUST01470,Small Business,North,Punjab,Furniture,Bookcases,Metal Bookcase,2,786.95,1418.7,0.099,186.28,Standard,Credit Card,4.8,3,No
ORD100588,2025-01-17,CUST01243,Consumer,North,Punjab,Technology,Laptops,Laptop Pro,3,439.69,1274.41,0.034,296.02,Standard,Credit Card,3.4,7,No
ORD102047,2025-11-08,CUST01527,Corporate,West,Maharashtra,Technology,Phones,Smartphone C,3,587.74,1754.66,0.157,100.61,Same Day,Net Banking,4.4,1,No
ORD100998,2025-12-12,CUST01574,Small Business,West,Gujarat,Office Supplies,Stationery,Pens,2,58.45,113.89,0.174,25.0,Standard,Credit Card,3.9,3,No
ORD101177,2023-04-22,CUST01469,Corporate,South,Telangana,Technology,Accessories,Keyboard,9,560.28,3270.27,0.388,-130.74,Standard,UPI,3.3,6,Yes
ORD101701,2025-04-22,CUST01008,Small Business,East,Bihar,Technology,Phones,Smartphone C,2,1043.54,1879.01,0.151,228.64,Standard,Credit Card,3.0,7,No
ORD101041,2025-06-12,CUST01186,Consumer,North,Punjab,Technology,Phones,Smartphone B,3,229.67,592.42,0.14,45.65,Standard,Credit Card,3.7,6,No
ORD100034,2025-10-13,CUST01220,Consumer,South,Tamil Nadu,Furniture,Bookcases,Metal Bookcase,1,406.33,414.47,0.136,51.9,Standard,Net Banking,3.3,4,No
ORD101838,2025-01-18,CUST01272,Small Business,North,Haryana,Office Supplies,Storage,Filing Cabinet,9,185.09,1487.02,0.107,214.73,Express,UPI,4.6,3,No
ORD102381,2023-06-20,CUST01037,Consumer,East,Odisha,Technology,Laptops,Laptop Air,3,342.58,940.38,0.085,151.76,Standard,UPI,3.9,5,No
ORD101380,2025-08-24,CUST01449,Small Business,North,Haryana,Furniture,Furnishings,Whiteboard,3,496.51,1468.93,0.014,494.89,Standard,Credit Card,3.9,6,No
ORD100042,2023-09-11,CUST01505,Corporate,South,Telangana,Furniture,Furnishings,Desk Lamp,5,430.62,1235.53,0.426,12.01,Standard,UPI,3.7,6,No
ORD102484,2024-06-17,CUST01050,Corporate,East,West Bengal,Furniture,Furnishings,Curtains,4,797.25,9639.07,0.051,2068.05,Standard,Credit Card,,5,No
ORD102323,2024-08-24,CUST01460,Consumer,East,Jharkhand,Technology,Printers,Laser Printer,3,1436.13,4044.53,0.061,1144.99,Standard,Credit Card,4.3,3,Yes
ORD102620,2025-03-28,CUST01447,Consumer,East,Bihar,Office Supplies,Stationery,Markers,4,58.14,153.85,0.376,2.93,Standard,COD,4.3,4,No
ORD102003,2025-04-10,CUST01264,Consumer,South,Tamil Nadu,Furniture,Bookcases,Wooden Bookcase,3,1201.04,3530.98,0.075,661.97,Standard,Credit Card,4.3,3,No
ORD102910,2024-05-22,CUST01542,Consumer,North,Delhi,Office Supplies,Paper,A4 Paper,1,326.13,308.34,0.108,61.24,Express,UPI,4.5,1,No
ORD101821,2025-05-02,CUST01510,Small Business,West,Goa,Furniture,Furnishings,Desk Lamp,2,396.44,782.16,0.069,123.73,Standard,UPI,3.9,4,No
ORD100610,2024-01-23,CUST01241,Consumer,East,Bihar,Furniture,Chairs,Visitor Chair,1,513.68,427.89,0.167,41.97,Standard,UPI,4.4,4,No
ORD101133,2023-03-15,CUST01225,Corporate,South,Karnataka,Furniture,Bookcases,Wooden Bookcase,1,232.81,219.77,0.109,29.93,Standard,UPI,4.3,4,Yes
ORD100029,2024-03-24,CUST01378,Small Business,West,Goa,Office Supplies,Storage,Storage Box,3,124.23,316.09,0.2,47.51,Standard,Net Banking,3.5,3,No
ORD100442,2024-03-24,CUST01548,Small Business,South,Telangana,Office Supplies,Storage,Storage Box,1,168.83,176.72,0.012,36.62,Express,Credit Card,4.2,2,No
ORD102597,2025-04-14,CUST01534,Consumer,North,Delhi,Technology,Laptops,Business Laptop,4,717.38,2831.82,0.069,508.26,Standard,Net Banking,3.5,8,No
ORD102173,2024-12-23,CUST01521,Corporate,West,Goa,Furniture,Furnishings,Whiteboard,4,510.82,1970.16,0.183,152.2,Standard,Credit Card,4.7,3,No
ORD100494,2024-04-17,CUST01217,Corporate,South,Tamil Nadu,Furniture,Bookcases,Metal Bookcase,1,385.03,363.16,0.11,60.54,Standard,UPI,4.4,6,No
ORD101259,2025-04-22,CUST01440,Corporate,South,Andhra Pradesh,Office Supplies,Storage,Storage Box,1,388.71,272.33,0.339,32.62,Same Day,Credit Card,5.0,1,No
ORD101302,2024-08-28,CUST01133,Consumer,East,West Bengal,Office Supplies,Stationery,Pens,1,404.42,331.14,0.181,59.98,Standard,UPI,3.4,9,No
ORD102553,2025-07-24,CUST01471,Consumer,East,Jharkhand,Office Supplies,Paper,Notebooks,4,72.94,252.16,0.136,61.76,Standard,COD,4.6,3,No
ORD102378,2024-07-20,CUST01101,Corporate,South,Karnataka,Office Supplies,Storage,Filing Cabinet,9,368.76,2922.65,0.119,619.92,Express,Net Banking,3.9,3,No
ORD101383,2023-03-05,CUST01030,Corporate,South,Telangana,Office Supplies,Binders,Document Folder,5,292.41,1416.26,0.086,338.39,Same Day,UPI,3.9,1,No
ORD101305,2024-03-21,CUST01186,Corporate,West,Rajasthan,Furniture,Furnishings,Whiteboard,3,493.92,1402.77,0.107,244.2,Standard,UPI,4.0,4,No
ORD100237,2023-07-15,CUST01021,Corporate,North,Punjab,Office Supplies,Binders,File Folder,8,113.34,649.21,0.284,53.67,Standard,COD,3.9,4,No
ORD100552,2025-11-29,CUST01148,Consumer,North,Haryana,Technology,Accessories,Wireless Mouse,4,447.97,1710.63,0.191,82.03,Express,UPI,4.3,3,No
ORD100521,2023-08-02,CUST01138,Corporate,South,Tamil Nadu,Furniture,Tables,Conference Table,5,313.46,1350.35,0.138,280.85,Standard,Net Banking,3.6,5,No
ORD102230,2024-10-01,CUST01057,Small Business,West,Rajasthan,Technology,Phones,Smartphone B,6,1173.85,7666.96,0.077,1722.81,Express,UPI,4.6,2,No
ORD101233,2025-12-11,CUST01047,Corporate,West,Gujarat,Furniture,Chairs,Office Chair,6,332.68,2054.54,0.128,89.64,Standard,Net Banking,3.1,8,No
ORD101139,2025-06-27,CUST01553,Consumer,East,Bihar,Technology,Phones,Smartphone C,3,301.27,639.95,0.292,24.98,Standard,UPI,4.3,5,No
ORD100721,2023-03-05,CUST01113,Consumer,South,Andhra Pradesh,Furniture,Furnishings,Whiteboard,6,301.9,1836.74,0.043,325.07,Standard,COD,3.8,7,Yes
ORD100736,2024-10-10,CUST01134,Consumer,South,Tamil Nadu,Technology,Printers,Inkjet Printer,4,346.85,1569.28,0.041,210.99,Standard,Credit Card,3.3,7,No
ORD102668,2025-08-22,CUST01349,Small Business,East,Jharkhand,Furniture,Chairs,Office Chair,3,559.84,1487.03,0.115,281.49,Same Day,Credit Card,5.0,1,No
ORD101751,2025-07-06,CUST01590,Consumer,West,Maharashtra,Office Supplies,Stationery,Labels,6,557.76,2808.12,0.161,572.29,Standard,UPI,4.2,5,No
ORD100059,2023-07-05,CUST01048,Consumer,North,Uttar Pradesh,Furniture,Bookcases,Wooden Bookcase,2,462.77,803.17,0.132,111.83,Same Day,Net Banking,5.0,1,No
ORD100632,2023-02-21,CUST01310,Corporate,South,Andhra Pradesh,Technology,Laptops,Laptop Air,9,715.6,5949.05,0.076,999.67,Express,Credit Card,3.6,2,No
ORD101182,2023-03-27,CUST01517,Consumer,East,Odisha,Furniture,Chairs,Visitor Chair,5,623.87,3036.45,0.082,528.18,Standard,COD,,6,No
ORD102216,2024-06-01,CUST01600,Consumer,South,Telangana,Technology,Accessories,Wireless Mouse,4,1014.95,3401.02,0.162,527.19,Standard,UPI,3.6,4,No
ORD100593,2024-07-23,CUST01370,Consumer,South,Tamil Nadu,Technology,Phones,Smartphone A,2,239.21,343.26,0.283,-0.31,Same Day,COD,5.0,1,No
ORD101304,2024-10-22,CUST01076,Consumer,West,Maharashtra,Technology,Printers,Inkjet Printer,4,1346.43,4876.52,0.233,481.39,Standard,Credit Card,3.3,7,No
ORD101388,2024-06-05,CUST01182,Corporate,North,Haryana,Office Supplies,Storage,Filing Cabinet,5,186.47,467.95,0.498,-38.75,Express,UPI,4.0,4,No
ORD102630,2024-12-18,CUST01249,Consumer,North,Uttar Pradesh,Furniture,Furnishings,Whiteboard,3,633.09,1834.1,0.182,148.48,Standard,Credit Card,4.2,8,No
ORD102645,2023-05-27,CUST01168,Small Business,West,Maharashtra,Technology,Printers,Laser Printer,1,608.23,552.66,0.143,64.44,Standard,COD,3.1,7,No
ORD101874,2025-05-13,CUST01060,Consumer,North,Uttar Pradesh,Furniture,Bookcases,Metal Bookcase,7,356.32,2536.06,0.041,539.08,Standard,Credit Card,4.0,4,Yes
ORD100940,2025-09-12,CUST01435,Consumer,West,Maharashtra,Office Supplies,Paper,A4 Paper,1,67.02,51.9,0.226,11.86,Express,Net Banking,4.1,2,No
ORD102803,2024-05-28,CUST01118,Small Business,South,Karnataka,Technology,Laptops,Laptop Pro,7,403.68,2545.65,0.15,193.5,Express,UPI,4.3,3,No
ORD101250,2025-10-27,CUST01122,Consumer,North,Punjab,Technology,Printers,Inkjet Printer,3,1722.63,5715.53,0.063,865.13,Standard,Credit Card,3.5,3,No
ORD100905,2023-11-23,CUST01517,Consumer,East,Odisha,Office Supplies,Storage,Storage Box,4,211.35,874.45,0.123,196.61,Standard,UPI,3.5,6,No
ORD102955,2025-09-23,CUST01183,Corporate,West,Goa,Furniture,Tables,Conference Table,3,1360.65,3293.03,0.193,554.61,Standard,UPI,4.6,3,No
ORD101280,2025-10-28,CUST01492,Small Business,North,Punjab,Office Supplies,Binders,Document Folder,2,254.72,524.49,0.128,92.32,Express,Net Banking,4.7,3,No
ORD102415,2024-09-16,CUST01580,Corporate,South,Tamil Nadu,Furniture,Tables,Study Table,3,403.14,649.72,0.463,-63.26,Express,Credit Card,4.4,2,No
ORD102894,2023-05-28,CUST01046,Consumer,North,Punjab,Technology,Accessories,Headset,2,343.88,697.13,0.044,129.2,Same Day,Credit Card,4.8,2,No
ORD102139,2024-03-01,CUST01300,Small Business,East,Bihar,Technology,Phones,Smartphone C,4,947.67,2865.65,0.287,337.04,Same Day,Credit Card,4.7,1,No
ORD102400,2025-07-24,CUST01543,Consumer,East,West Bengal,Technology,Phones,Smartphone A,6,906.4,5101.9,0.062,1306.34,Express,COD,4.8,2,Yes
ORD102478,2024-04-10,CUST01368,Small Business,East,Jharkhand,Office Supplies,Storage,Filing Cabinet,3,89.4,232.28,0.183,31.65,Standard,UPI,3.4,5,No
ORD101143,2024-01-18,CUST01335,Small Business,North,Haryana,Office Supplies,Paper,Notebooks,7,104.58,651.8,0.11,185.38,Express,COD,5.0,3,Yes
ORD102757,2025-01-30,CUST01466,Consumer,South,Andhra Pradesh,Technology,Accessories,Headset,3,426.89,1171.76,0.085,262.38,Standard,COD,3.0,6,No
ORD100707,2024-01-04,CUST01586,Corporate,South,,Office Supplies,Paper,Notebooks,3,607.06,1534.69,0.157,316.21,Standard,UPI,3.9,7,No
ORD102656,2023-09-20,CUST01228,Corporate,North,Haryana,Office Supplies,Paper,Premium Paper,1,104.56,93.0,0.111,13.44,Standard,Credit Card,4.2,6,No
ORD101023,2025-12-15,CUST01281,Corporate,East,Jharkhand,Office Supplies,Paper,Notebooks,3,81.01,185.29,0.354,21.59,Standard,UPI,3.0,6,No
ORD100746,2023-06-22,CUST01191,Consumer,North,,Technology,Laptops,Laptop Pro,4,948.04,3047.24,0.196,227.73,Standard,UPI,3.3,5,Yes
ORD101547,2023-04-01,CUST01575,Consumer,West,Maharashtra,Office Supplies,Binders,Document Folder,1,315.03,279.48,0.163,39.71,Standard,UPI,4.4,7,No
ORD102370,2023-12-12,CUST01292,Small Business,South,Karnataka,Office Supplies,Storage,Filing Cabinet,3,132.45,457.41,0.024,107.18,Standard,Credit Card,4.2,6,Yes
ORD102059,2023-06-02,CUST01491,Corporate,West,Gujarat,Office Supplies,Stationery,Labels,2,125.74,180.65,0.282,22.86,Standard,Net Banking,2.8,8,No
ORD100514,2025-06-02,CUST01566,Consumer,West,Maharashtra,Technology,Phones,Smartphone A,5,428.73,1916.63,0.106,210.89,Standard,UPI,4.4,3,No
ORD100082,2023-03-20,CUST01018,Consumer,East,West Bengal,Technology,Laptops,Laptop Air,8,1374.17,10410.13,0.107,1453.13,Express,Credit Card,4.7,1,No
ORD102836,2024-03-11,CUST01300,Consumer,East,Jharkhand,Technology,Accessories,USB Hub,4,758.64,2937.37,0.087,611.18,Express,UPI,4.0,2,No
ORD101309,2024-04-20,CUST01281,Consumer,West,Maharashtra,Office Supplies,Storage,Organizer,5,168.26,828.95,0.07,159.4,Express,Credit Card,,3,No
ORD102508,2023-02-21,CUST01259,Corporate,South,Tamil Nadu,Technology,Accessories,Headset,8,1491.84,49206.0,0.213,4177.26,Standard,Credit Card,3.7,5,Yes
ORD100915,2024-11-07,CUST01511,Consumer,North,Punjab,Office Supplies,Binders,File Folder,2,175.36,330.52,0.201,58.38,Standard,UPI,3.5,7,No
ORD101405,2023-06-21,CUST01463,Corporate,South,Karnataka,Technology,Phones,Smartphone C,2,1138.23,1990.96,0.125,324.16,Standard,Credit Card,4.2,3,No
ORD101648,2023-11-04,CUST01287,Corporate,West,Goa,Furniture,Bookcases,Metal Bookcase,1,578.37,475.82,0.303,6.14,Standard,UPI,3.7,8,No
ORD102775,2023-04-23,CUST01077,Small Business,South,Karnataka,Office Supplies,Paper,A4 Paper,6,81.92,423.18,0.188,93.93,Standard,COD,4.8,3,No
ORD101109,2023-02-06,CUST01068,Corporate,East,Odisha,Furniture,Bookcases,Wooden Bookcase,1,383.11,298.81,0.22,35.99,Express,,4.6,2,No
ORD100151,2025-09-27,CUST01440,Corporate,South,Karnataka,Technology,Phones,Smartphone A,1,378.5,340.69,0.1,9.44,Express,Net Banking,4.5,2,No
ORD102741,2025-03-13,CUST01571,Consumer,East,Odisha,Office Supplies,Binders,Document Folder,3,262.54,766.57,0.082,172.42,Standard,Credit Card,4.1,7,No
ORD100775,2025-10-29,CUST01336,Corporate,North,Haryana,Office Supplies,Stationery,Stapler,1,321.22,209.33,0.448,18.81,Express,Credit Card,4.6,1,No
ORD100330,2023-05-10,CUST01040,Corporate,South,Tamil Nadu,Technology,Laptops,Laptop Pro,4,1107.23,3586.05,0.236,254.36,Standard,Credit Card,3.0,7,No
ORD100007,2023-10-07,CUST01505,Consumer,East,West Bengal,Technology,Accessories,Wireless Mouse,4,1153.72,4377.85,0.196,547.18,Standard,COD,2.5,8,No
ORD100944,2023-04-11,CUST01507,Corporate,North,Delhi,Office Supplies,Stationery,Stapler,1,250.53,218.04,0.179,37.82,Express,UPI,3.9,3,No
ORD100823,2025-04-09,CUST01402,Consumer,North,Delhi,Office Supplies,Storage,Storage Box,1,331.25,337.2,0.04,76.76,Standard,UPI,3.9,5,No
ORD100735,2024-02-19,CUST01396,Consumer,South,Telangana,Furniture,Tables,Work Desk,2,538.36,802.85,0.254,70.61,Standard,,4.2,7,No
ORD100910,2024-01-11,CUST01438,Consumer,North,Haryana,Technology,Printers,Inkjet Printer,1,323.35,309.7,0.042,61.58,Standard,UPI,3.9,5,No
ORD100469,2023-08-31,CUST01393,Consumer,East,Jharkhand,Technology,Laptops,Laptop Pro,2,625.6,889.41,0.289,59.92,Standard,UPI,3.8,7,No
ORD100182,2025-06-09,CUST01377,Corporate,South,Telangana,Furniture,Furnishings,Whiteboard,2,401.23,619.38,0.228,100.17,Express,Credit Card,4.2,2,No
ORD100165,2025-11-16,CUST01498,Consumer,North,Delhi,Office Supplies,Paper,Notebooks,1,357.25,380.94,0.096,101.07,Standard,UPI,3.8,8,No
ORD101524,2024-04-17,CUST01563,Corporate,North,Haryana,Office Supplies,Binders,File Folder,7,99.84,571.95,0.228,26.94,Standard,Credit Card,3.7,7,No
ORD100452,2025-11-10,CUST01082,Consumer,South,Andhra Pradesh,Office Supplies,Stationery,Labels,6,176.31,1171.85,,298.88,Standard,Credit Card,4.7,3,No
ORD100491,2023-08-28,CUST01189,Corporate,North,Uttar Pradesh,Furniture,Tables,Conference Table,6,464.29,2009.62,0.279,205.34,Standard,COD,5.0,3,Yes
ORD102035,2024-10-14,CUST01191,Consumer,North,Uttar Pradesh,Furniture,Chairs,Ergonomic Chair,5,1005.81,4984.55,0.16,739.26,Express,UPI,4.4,3,No
ORD101144,2025-01-20,CUST01108,Corporate,South,Telangana,Technology,Accessories,Headset,6,729.65,2920.32,0.333,60.58,Same Day,UPI,5.0,1,No
ORD101312,2024-06-08,CUST01428,Corporate,South,Andhra Pradesh,Furniture,Chairs,Ergonomic Chair,6,818.33,4034.59,0.178,848.05,Standard,UPI,,6,No
ORD102255,2023-03-04,CUST01228,Small Business,South,Karnataka,Furniture,Furnishings,Desk Lamp,4,1091.35,4046.94,0.125,578.0,Standard,COD,4.4,5,No
ORD101112,2025-03-21,CUST01549,Consumer,West,Rajasthan,Office Supplies,Storage,Filing Cabinet,4,144.9,519.96,0.154,71.19,Standard,Net Banking,4.5,3,No
ORD102869,2025-04-20,CUST01535,Consumer,South,Tamil Nadu,Office Supplies,Paper,Premium Paper,1,242.26,225.89,0.12,64.27,Standard,COD,4.4,3,No
ORD102008,2025-10-26,CUST01175,Consumer,North,Punjab,Technology,Phones,Smartphone B,9,406.06,4032.37,0.065,659.66,Standard,Net Banking,4.2,6,No
ORD101442,2024-09-08,CUST01121,Small Business,South,Telangana,Technology,Accessories,USB Hub,2,940.82,1738.81,0.076,117.87,Standard,UPI,5.0,3,No
ORD102717,2024-06-07,CUST01462,Corporate,West,Gujarat,Furniture,Chairs,Office Chair,2,617.45,874.69,0.292,111.64,Express,UPI,4.6,3,No
ORD101007,2025-03-17,CUST01518,Corporate,West,Gujarat,Furniture,Tables,Study Table,2,211.43,342.56,0.236,48.88,Standard,Credit Card,4.3,5,No
ORD101628,2024-06-14,CUST01454,Consumer,South,Andhra Pradesh,Office Supplies,Binders,File Folder,2,82.22,148.26,0.098,22.6,Same Day,COD,4.3,1,No
ORD101633,2023-02-19,CUST01401,Consumer,West,Maharashtra,Furniture,Furnishings,Whiteboard,4,603.1,1690.08,0.299,109.54,Same Day,UPI,4.8,1,No
ORD101075,2025-10-11,CUST01107,Consumer,South,Karnataka,Technology,Laptops,Laptop Pro,1,1099.75,1202.58,0.073,186.36,Standard,Credit Card,3.1,5,No
ORD100579,2025-03-08,CUST01454,Consumer,North,Punjab,Furniture,Tables,Conference Table,2,226.81,350.75,0.271,22.02,Standard,UPI,4.8,4,No
ORD102114,2025-05-18,CUST01233,Small Business,South,Karnataka,Furniture,Chairs,Visitor Chair,2,298.07,527.77,0.165,96.48,Standard,COD,4.9,4,No
ORD102358,2023-02-10,CUST01069,Consumer,West,Maharashtra,Office Supplies,Paper,Premium Paper,5,80.78,392.02,0.029,85.22,Standard,UPI,4.0,3,No
ORD102276,2024-10-26,CUST01335,Consumer,West,Goa,Office Supplies,Storage,Storage Box,4,83.33,353.92,0.1,92.1,Express,Credit Card,4.2,2,No
ORD102315,2023-07-31,CUST01026,Corporate,North,Punjab,Furniture,Furnishings,Whiteboard,2,329.64,509.06,,21.53,Standard,UPI,3.9,6,No
ORD100328,2023-05-21,CUST01360,Consumer,North,Delhi,Office Supplies,Storage,Filing Cabinet,10,257.02,2329.16,0.145,363.47,Standard,Net Banking,4.4,4,No
ORD101791,2024-07-07,CUST01500,Consumer,East,Jharkhand,Office Supplies,Storage,Organizer,4,45.94,165.38,0.1,45.85,Express,Net Banking,4.4,3,No
ORD100443,2024-11-06,CUST01572,Consumer,West,Rajasthan,Technology,Accessories,Keyboard,3,2633.48,8083.46,0.133,1415.3,Express,UPI,4.0,2,No
ORD101859,2024-12-20,CUST01557,Small Business,West,Maharashtra,Office Supplies,Stationery,Pens,4,97.55,435.86,0.053,103.41,Standard,COD,3.7,7,No
ORD102901,2025-08-27,CUST01507,Consumer,North,Uttar Pradesh,Technology,Accessories,Wireless Mouse,1,725.37,623.75,0.14,153.42,Standard,UPI,3.2,9,No
ORD102012,2024-05-19,CUST01460,Consumer,West,Gujarat,Technology,Laptops,Laptop Pro,4,1216.89,4652.04,0.098,427.81,Standard,Credit Card,4.1,5,No
ORD100833,2023-06-23,CUST01272,Small Business,West,Maharashtra,Technology,Phones,Smartphone A,4,637.51,2127.52,0.166,370.02,Standard,COD,3.6,6,No
ORD102453,2023-08-30,CUST01511,Consumer,West,Maharashtra,Technology,Accessories,Headset,3,296.09,720.57,0.189,27.22,Standard,Net Banking,4.4,3,No
ORD102116,2023-10-29,CUST01548,Corporate,North,Delhi,Office Supplies,Stationery,Stapler,5,309.82,1701.01,0.069,521.12,Standard,Credit Card,4.0,6,No
ORD101415,2024-12-25,CUST01272,Consumer,East,Jharkhand,Technology,Phones,Smartphone C,10,550.56,5837.64,0.101,749.2,Express,UPI,3.8,3,No
ORD101202,2023-01-28,CUST01584,Corporate,South,Karnataka,Technology,Accessories,Keyboard,3,572.38,1507.37,0.122,154.82,Standard,COD,4.3,5,No
ORD102501,2024-10-12,CUST01338,Corporate,West,Gujarat,Office Supplies,Paper,Notebooks,3,48.02,117.76,0.307,10.16,Express,UPI,3.5,3,No
ORD101500,2024-07-04,CUST01067,Small Business,South,Andhra Pradesh,Furniture,Bookcases,Wooden Bookcase,1,452.96,394.53,0.129,50.09,Same Day,Credit Card,3.8,1,No
ORD102751,2025-10-12,CUST01364,Consumer,East,West Bengal,Technology,Laptops,Laptop Pro,2,920.74,2080.08,0.043,394.54,Standard,Net Banking,4.2,6,No
ORD100087,2024-12-06,CUST01301,Consumer,West,Goa,Office Supplies,Stationery,Pens,3,260.78,863.7,0.064,240.65,Standard,COD,3.9,7,No
ORD101404,2023-09-29,CUST01035,Consumer,North,Punjab,Furniture,Chairs,Office Chair,1,889.7,847.64,0.047,136.64,Standard,Credit Card,3.9,3,No
ORD102941,2023-11-16,CUST01597,Corporate,North,Uttar Pradesh,Furniture,Tables,Conference Table,3,569.77,1746.99,0.134,169.75,Standard,Credit Card,3.5,8,Yes
ORD102336,2025-09-11,CUST01472,Consumer,West,Rajasthan,Office Supplies,Binders,Ring Binder,5,164.03,746.18,0.09,175.2,Standard,UPI,5.0,3,No
ORD101482,2023-01-26,CUST01433,Consumer,North,Delhi,Technology,Accessories,Headset,3,884.76,1901.16,0.284,25.61,Standard,UPI,3.9,7,No
ORD100778,2025-10-02,CUST01321,Consumer,South,Tamil Nadu,Technology,Printers,Laser Printer,3,1036.94,3338.84,0.09,399.95,Express,COD,3.6,3,No
ORD100800,2025-01-05,CUST01557,Consumer,South,Tamil Nadu,Furniture,Chairs,Office Chair,4,564.63,2137.04,0.054,443.21,Standard,UPI,3.4,5,No
ORD101667,2023-07-19,CUST01462,Consumer,South,Andhra Pradesh,Furniture,Furnishings,Desk Lamp,4,705.45,2016.07,0.286,101.13,Standard,Net Banking,3.2,6,No
ORD101895,2023-10-12,CUST01085,Corporate,East,Odisha,Furniture,Tables,Study Table,2,368.37,714.89,0.178,93.28,Standard,Credit Card,3.9,6,No
ORD100055,2023-03-26,CUST01349,Consumer,South,Tamil Nadu,Office Supplies,Binders,File Folder,9,160.87,1504.04,0.02,371.12,Standard,COD,4.2,5,No
ORD102375,2025-02-27,CUST01469,Small Business,North,Delhi,Technology,Phones,Smartphone A,2,761.17,1448.84,0.048,320.82,Standard,Credit Card,4.5,3,No
ORD101288,2023-11-29,CUST01076,Consumer,East,Odisha,Office Supplies,Storage,Storage Box,3,177.13,455.41,0.274,36.16,Express,UPI,4.4,3,No
ORD101668,2023-05-08,CUST01583,Small Business,North,Uttar Pradesh,Technology,Printers,Laser Printer,5,576.29,2225.57,0.271,104.74,Standard,Net Banking,2.5,7,No
ORD102600,2025-07-15,CUST01393,Consumer,East,Odisha,Furniture,Furnishings,Curtains,5,1057.74,4855.25,0.082,1074.94,Express,UPI,4.0,3,No
ORD102167,2025-08-18,CUST01187,Corporate,South,Andhra Pradesh,Furniture,Furnishings,Whiteboard,2,453.33,729.72,0.195,127.43,Standard,COD,3.5,4,No
ORD101702,2023-12-10,CUST01245,Consumer,South,Tamil Nadu,Technology,Phones,Smartphone B,8,397.4,3650.72,0.027,986.22,Standard,UPI,4.0,7,No
ORD101246,2025-12-24,CUST01228,Corporate,South,Tamil Nadu,Furniture,Bookcases,Wooden Bookcase,10,337.49,2839.95,0.287,198.86,Express,Credit Card,3.3,3,No
ORD100114,2025-07-04,CUST01043,Corporate,West,Maharashtra,Office Supplies,Stationery,Pens,9,128.59,1029.84,0.11,225.38,Standard,Credit Card,4.0,7,No
ORD102821,2024-01-31,CUST01519,Consumer,West,Rajasthan,Technology,Accessories,Wireless Mouse,1,424.43,322.41,0.24,16.75,Standard,UPI,4.0,5,No
ORD100988,2025-12-19,CUST01165,Corporate,North,Uttar Pradesh,Technology,Printers,Inkjet Printer,5,688.29,2556.68,0.37,152.31,Express,Net Banking,3.5,3,No
ORD100502,2024-07-08,CUST01127,Small Business,East,Bihar,Furniture,Furnishings,Curtains,2,1382.27,2063.3,0.254,135.23,Standard,Credit Card,3.3,6,No
ORD102165,2025-11-17,CUST01105,Consumer,North,Haryana,Office Supplies,Storage,Organizer,1,313.08,322.86,0.126,69.41,Standard,UPI,3.4,8,No
ORD101010,2023-09-26,CUST01182,Corporate,North,Haryana,Technology,Phones,Smartphone B,8,891.6,3590.24,0.497,-783.91,Standard,Credit Card,3.5,5,No
ORD101199,2023-01-05,CUST01166,Corporate,North,Uttar Pradesh,Technology,Laptops,Laptop Pro,3,279.79,759.72,0.095,69.92,Express,COD,5.0,1,No
ORD101395,2023-01-17,CUST01117,Corporate,West,Rajasthan,Technology,Phones,Smartphone A,3,247.72,671.77,0.096,118.16,Standard,COD,3.6,6,No
ORD100590,2025-02-20,CUST01024,Consumer,East,Odisha,Office Supplies,Storage,Filing Cabinet,9,303.17,2448.56,0.103,414.5,Standard,Net Banking,3.6,6,No
ORD100769,2025-01-06,CUST01101,Consumer,South,Karnataka,Office Supplies,Stationery,Pens,2,132.82,239.56,0.098,73.67,Same Day,COD,4.2,1,No
ORD100018,2025-06-17,CUST01542,Small Business,East,Odisha,Technology,Accessories,Keyboard,5,444.2,1348.56,0.393,35.38,Standard,UPI,3.6,8,No
ORD101043,2024-10-25,CUST01112,Consumer,North,Uttar Pradesh,Technology,Phones,Smartphone C,10,1034.27,11363.68,0.069,1523.12,Express,Net Banking,3.6,2,No
ORD101448,2024-07-15,CUST01328,Corporate,North,Punjab,Office Supplies,Binders,Document Folder,1,203.66,160.72,0.211,19.14,Standard,UPI,3.2,8,No
ORD102476,2023-09-30,CUST01319,Consumer,North,Delhi,Office Supplies,Paper,A4 Paper,6,56.11,281.04,0.165,53.08,Standard,COD,4.1,4,No
ORD100286,2025-07-25,CUST01555,Corporate,West,Rajasthan,Office Supplies,Storage,Storage Box,3,160.55,438.77,0.089,134.82,Same Day,Credit Card,4.7,1,No
ORD102653,2023-07-10,CUST01360,Small Business,East,West Bengal,Furniture,Chairs,Visitor Chair,6,746.46,3684.88,0.177,387.48,Standard,Credit Card,5.0,3,No
ORD100429,2025-01-30,CUST01173,Consumer,West,Goa,Furniture,Tables,Conference Table,1,252.47,218.62,0.134,22.63,Same Day,UPI,,1,No
ORD101329,2023-06-29,CUST01453,Small Business,West,Goa,Furniture,Furnishings,Curtains,5,666.08,2709.9,0.186,387.04,Standard,UPI,3.2,6,No
ORD101979,2024-10-12,CUST01467,Consumer,West,Maharashtra,Technology,Printers,Laser Printer,2,1103.03,1956.27,0.249,56.36,Standard,UPI,3.4,8,No
ORD100670,2024-07-12,CUST01480,Corporate,South,Telangana,Technology,Laptops,Business Laptop,3,734.13,1700.56,0.228,107.23,Standard,Net Banking,4.6,3,No
ORD100032,2024-11-21,CUST01494,Corporate,West,Maharashtra,Office Supplies,Storage,Organizer,7,228.8,1588.27,0.16,418.92,Standard,Upi,3.5,4,No
ORD101342,2024-09-26,CUST01256,Small Business,East,West Bengal,Technology,Accessories,Headset,4,643.31,2276.02,0.116,273.45,Standard,Credit Card,2.8,8,No
ORD100723,2023-01-01,CUST01378,Consumer,West,Maharashtra,Office Supplies,Binders,File Folder,1,181.24,176.77,0.025,49.48,Standard,Credit Card,3.6,5,No
ORD100952,2025-09-09,CUST01298,Small Business,East,Jharkhand,Technology,Phones,Smartphone A,10,1202.46,10232.97,0.149,843.51,Standard,Net Banking,3.9,6,No
ORD101915,2025-03-02,CUST01246,Consumer,South,Andhra Pradesh,Office Supplies,Stationery,Pens,2,401.58,750.99,0.118,204.34,Standard,Credit Card,3.7,6,No
ORD102680,2025-01-13,CUST01532,Consumer,West,Rajasthan,Office Supplies,Stationery,Markers,4,87.88,309.85,0.119,42.63,Standard,COD,4.1,3,No
ORD100215,2025-10-24,CUST01162,Consumer,South,Tamil Nadu,Technology,Printers,Laser Printer,1,1399.5,1427.59,0.136,62.39,Standard,COD,2.4,6,No
ORD100990,2025-02-27,CUST01287,Consumer,East,Jharkhand,Office Supplies,Binders,Document Folder,6,171.33,986.82,0.04,269.51,Standard,Net Banking,3.9,4,No
ORD101165,2024-09-29,CUST01206,Corporate,North,Punjab,Technology,Phones,Smartphone A,5,1698.03,7653.96,0.098,931.68,Standard,COD,2.9,6,No
ORD102807,2025-10-14,CUST01431,Corporate,East,Jharkhand,Office Supplies,Storage,Filing Cabinet,3,636.03,2017.2,0.104,425.34,Standard,UPI,3.2,8,No
ORD102085,2023-09-12,CUST01122,Small Business,East,Bihar,Office Supplies,Binders,Ring Binder,1,155.71,127.18,0.183,27.57,Standard,UPI,,4,No
ORD100327,2025-05-06,CUST01593,Consumer,West,Maharashtra,Furniture,Tables,Conference Table,2,274.66,505.69,0.132,105.32,Standard,UPI,4.0,5,No
ORD100561,2023-10-16,CUST01030,Consumer,South,Andhra Pradesh,Technology,Accessories,USB Hub,5,570.17,3026.09,0.1,422.0,Express,UPI,5.0,1,No
ORD101384,2024-09-21,CUST01523,Consumer,West,Maharashtra,Furniture,Bookcases,Metal Bookcase,4,391.37,1167.83,0.254,94.96,Standard,COD,4.0,4,No
ORD101725,2024-12-09,CUST01187,Consumer,East,Jharkhand,Technology,Accessories,Keyboard,4,749.51,2397.02,0.322,-152.44,Same Day,UPI,3.9,1,No
ORD101087,2024-10-09,CUST01328,Consumer,East,Jharkhand,Technology,Laptops,Laptop Pro,8,409.03,3437.04,0.11,581.43,Standard,Credit Card,4.2,8,No
ORD102932,2023-10-10,CUST01245,Corporate,North,Punjab,Office Supplies,Stationery,Labels,2,330.52,739.91,0.051,170.71,Standard,UPI,4.1,4,No
ORD100342,2023-06-06,CUST01237,Consumer,South,Telangana,Office Supplies,Stationery,Markers,6,132.97,647.5,0.188,133.88,Same Day,Credit Card,4.6,1,No
ORD101654,2024-03-24,CUST01317,Consumer,North,Delhi,Office Supplies,Storage,Storage Box,6,280.46,1497.71,0.16,351.01,Standard,COD,3.4,7,Yes
ORD100148,2024-09-26,CUST01285,Corporate,West,,Technology,Printers,Laser Printer,4,681.24,2150.6,0.211,136.34,Same Day,Credit Card,4.5,1,No
ORD102352,2025-08-20,CUST01580,Corporate,East,Odisha,Furniture,Furnishings,Desk Lamp,2,327.27,536.87,0.18,97.12,Standard,Credit Card,3.5,4,No
ORD102425,2025-02-27,CUST01320,Small Business,South,Tamil Nadu,Furniture,Bookcases,Metal Bookcase,4,478.35,1711.88,0.105,296.09,Same Day,Credit Card,5.0,1,No
ORD101108,2023-08-26,CUST01142,Corporate,North,Uttar Pradesh,Technology,Phones,Smartphone A,6,1030.12,3895.13,0.37,23.96,Express,UPI,4.1,3,No
ORD100849,2024-07-20,CUST01037,Consumer,South,Telangana,Office Supplies,Paper,Notebooks,6,304.26,1369.46,0.25,194.31,Standard,UPI,3.1,7,No
ORD100967,2025-10-28,CUST01551,Consumer,South,Tamil Nadu,Office Supplies,Storage,Filing Cabinet,2,257.73,552.97,0.091,140.21,Standard,UPI,4.4,3,No
ORD101073,2024-03-12,CUST01111,Consumer,North,Haryana,Technology,Phones,Smartphone B,4,1493.96,5326.65,0.159,356.97,Standard,Credit Card,3.3,7,No
ORD102477,2025-10-08,CUST01285,Small Business,North,Punjab,Technology,Accessories,Keyboard,2,889.45,1754.39,0.164,112.86,Standard,COD,3.5,8,No
ORD101906,2023-11-03,CUST01051,Consumer,South,Karnataka,Technology,Accessories,Wireless Mouse,6,821.06,4121.4,0.291,-200.71,Express,UPI,4.5,2,No
ORD100156,2025-03-26,CUST01530,Consumer,North,Haryana,Office Supplies,Binders,File Folder,3,212.14,605.02,0.103,147.79,Express,COD,4.6,2,No
ORD100666,2023-06-28,CUST01151,Consumer,North,Delhi,Technology,Accessories,Keyboard,1,478.39,439.36,,91.04,Standard,Credit Card,4.7,4,No
ORD100662,2025-01-15,CUST01324,Small Business,East,Bihar,Technology,Printers,Laser Printer,8,649.47,5118.25,0.015,988.11,Standard,UPI,4.1,3,No
ORD101003,2025-07-04,CUST01588,Consumer,South,Andhra Pradesh,Technology,Laptops,Business Laptop,1,945.27,885.6,0.063,186.12,Standard,Credit Card,3.3,6,No
ORD102354,2024-08-18,CUST01547,Corporate,West,Rajasthan,Furniture,Tables,Work Desk,3,368.42,913.95,0.173,155.93,Standard,COD,4.1,6,No
ORD102530,2024-01-27,CUST01396,Small Business,West,Gujarat,Furniture,Bookcases,Wooden Bookcase,1,255.7,217.64,0.149,41.87,Express,COD,4.3,2,No
ORD100177,2023-12-22,CUST01032,Consumer,South,Andhra Pradesh,Office Supplies,Paper,Premium Paper,4,143.1,458.92,0.321,20.63,Standard,COD,4.5,4,No
ORD102669,2023-04-07,CUST01549,Consumer,South,Karnataka,Technology,Phones,Smartphone C,2,786.68,1452.18,0.129,224.26,Express,UPI,4.6,3,No
ORD101880,2023-10-03,CUST01218,Consumer,East,Odisha,Technology,Phones,Smartphone B,5,2226.82,11287.9,0.141,1754.65,Standard,Credit Card,3.5,6,No
ORD101525,2023-10-15,CUST01262,Corporate,South,Karnataka,Office Supplies,Storage,Storage Box,1,291.63,237.64,0.309,29.18,Standard,Credit Card,4.0,6,No
ORD102832,2023-09-17,CUST01013,Consumer,West,Maharashtra,Furniture,Tables,Conference Table,1,700.49,691.45,0.013,166.65,Standard,Credit Card,4.2,3,No
ORD101204,2025-11-18,CUST01236,Corporate,South,Telangana,Technology,Accessories,Wireless Mouse,3,586.58,1596.16,0.231,212.12,Standard,Credit Card,3.7,6,No
ORD100025,2023-09-22,CUST01546,Consumer,South,Karnataka,Office Supplies,Storage,Filing Cabinet,3,285.0,820.33,0.041,229.39,Standard,UPI,2.9,7,No
ORD102962,2025-01-08,CUST01402,Small Business,South,Andhra Pradesh,Office Supplies,Stationery,Markers,3,166.41,318.83,0.361,24.79,Standard,Net Banking,3.4,8,No
ORD102029,2024-06-19,CUST01102,Consumer,East,Jharkhand,Furniture,Bookcases,Wooden Bookcase,2,989.6,1550.13,0.217,286.39,Standard,Credit Card,3.6,6,Yes
ORD102090,2025-02-20,CUST01004,Corporate,East,Bihar,Furniture,Tables,Study Table,2,506.76,827.87,0.183,61.49,Standard,Credit Card,3.3,4,No
ORD102617,2025-03-31,CUST01520,Consumer,North,Haryana,Furniture,Chairs,Office Chair,2,1176.17,2174.41,0.128,495.08,Standard,UPI,3.7,8,Yes
ORD100876,2023-05-26,CUST01084,Small Business,North,Punjab,Technology,Phones,Smartphone C,2,289.77,592.48,0.036,87.04,Express,COD,4.1,3,No
ORD102710,2023-08-14,CUST01068,Consumer,West,Gujarat,Technology,Laptops,Laptop Pro,4,256.78,804.63,0.217,116.31,Standard,UPI,3.7,6,Yes
ORD100939,2025-06-08,CUST01173,Corporate,East,West Bengal,Office Supplies,Binders,Ring Binder,3,185.43,365.15,0.344,21.56,Standard,COD,3.3,6,No
ORD102712,2024-11-11,CUST01518,Consumer,North,Delhi,Furniture,Bookcases,Wooden Bookcase,4,1016.23,4284.43,0.107,622.64,Standard,Credit Card,3.5,6,No
ORD101553,2023-09-04,CUST01228,Corporate,East,West Bengal,Office Supplies,Stationery,Markers,1,292.34,259.12,0.114,51.98,Express,COD,5.0,2,No
ORD100347,2023-07-10,CUST01277,Consumer,West,Gujarat,Technology,Laptops,Laptop Pro,4,1233.72,4662.49,0.055,986.71,Standard,UPI,3.8,4,Yes
ORD102765,2025-06-10,CUST01467,Small Business,West,Goa,Technology,Laptops,Laptop Air,1,1170.34,1044.3,0.108,141.18,Standard,UPI,3.6,7,Yes
ORD102987,2023-01-30,CUST01050,Consumer,South,Telangana,Furniture,Tables,Study Table,4,457.17,1539.93,0.158,243.37,Standard,Credit Card,3.1,6,Yes
ORD101234,2023-11-09,CUST01231,Consumer,West,Gujarat,Office Supplies,Storage,Filing Cabinet,7,55.59,403.23,0.122,97.77,Standard,Credit Card,3.5,7,No
ORD101927,2024-12-03,CUST01319,Corporate,East,West Bengal,Furniture,Chairs,Visitor Chair,1,793.42,762.79,0.185,96.56,Standard,UPI,2.7,9,No
ORD100386,2025-05-15,CUST01424,Corporate,West,Rajasthan,Technology,Phones,Smartphone A,1,778.0,554.42,0.328,-33.78,Standard,Credit Card,4.1,4,No
ORD101830,2025-01-18,CUST01048,Consumer,North,Delhi,Office Supplies,Paper,A4 Paper,2,237.24,396.05,0.165,78.57,Same Day,UPI,4.0,1,No
ORD102280,2023-01-04,CUST01163,Corporate,South,Karnataka,Office Supplies,Binders,Ring Binder,7,188.76,1011.84,0.234,187.5,Standard,UPI,4.2,6,No
ORD102563,2025-05-03,CUST01253,Corporate,South,Telangana,Office Supplies,Paper,A4 Paper,4,241.45,842.91,0.177,138.63,Same Day,COD,4.1,1,No
ORD102209,2023-03-14,CUST01596,Consumer,East,Odisha,Technology,Laptops,Business Laptop,2,1467.31,2676.78,0.139,387.71,Same Day,UPI,5.0,2,No
ORD100244,2024-08-18,CUST01413,Consumer,West,Gujarat,Office Supplies,Stationery,Pens,6,144.78,780.16,0.102,196.0,Standard,UPI,,6,Yes
ORD102099,2024-08-14,CUST01381,Consumer,East,West Bengal,Furniture,Furnishings,Curtains,3,902.13,2212.42,0.183,357.17,Standard,Credit Card,3.8,7,No
ORD101827,2025-12-28,CUST01325,Corporate,South,Andhra Pradesh,Office Supplies,Binders,File Folder,3,181.67,507.64,0.211,120.42,Standard,Credit Card,4.6,3,No
ORD100937,2023-04-22,CUST01367,Consumer,North,Haryana,Furniture,Bookcases,Metal Bookcase,10,479.51,4448.82,0.125,481.14,Standard,Net Banking,3.1,8,No
ORD101690,2024-07-23,CUST01447,Consumer,North,Punjab,Technology,Accessories,Keyboard,5,820.8,3755.0,0.085,624.38,Express,UPI,5.0,3,No
ORD102594,2023-05-14,CUST01577,Consumer,South,Telangana,Office Supplies,Storage,Filing Cabinet,3,75.95,239.16,0.01,76.81,Standard,COD,3.6,6,No
ORD100313,2024-07-21,CUST01200,Corporate,West,Rajasthan,Office Supplies,Binders,Ring Binder,2,153.75,265.83,0.136,60.56,Standard,Net Banking,3.4,7,No
ORD101460,2025-04-01,CUST01200,Corporate,East,Bihar,Furniture,Chairs,Ergonomic Chair,3,851.44,2201.09,0.187,450.41,Standard,UPI,4.4,5,No
ORD102940,2024-12-02,CUST01148,Corporate,South,Tamil Nadu,Office Supplies,Paper,Notebooks,8,175.37,1182.24,0.286,101.44,Express,Credit Card,4.3,2,No
ORD102120,2023-11-22,CUST01170,Corporate,South,Tamil Nadu,Furniture,Chairs,Ergonomic Chair,5,406.6,1863.26,0.223,329.63,Express,UPI,3.6,3,No
ORD101333,2023-05-17,CUST01503,Consumer,West,Rajasthan,Technology,Laptops,Business Laptop,1,500.46,471.49,0.111,46.43,Standard,UPI,4.9,3,No
ORD100969,2025-08-03,CUST01427,Consumer,West,Goa,Furniture,Chairs,Office Chair,1,563.28,539.38,0.042,86.88,Express,Net Banking,4.2,1,No
ORD101455,2023-11-13,CUST01262,Consumer,West,Gujarat,Technology,Printers,Inkjet Printer,3,489.76,1694.83,0.022,416.31,Standard,UPI,3.8,6,No
ORD100661,2023-01-04,CUST01026,Consumer,South,Telangana,Technology,Phones,Smartphone B,2,958.37,1671.34,0.128,281.85,Same Day,Net Banking,4.0,1,No
ORD101935,2024-02-17,CUST01475,Consumer,East,,Office Supplies,Stationery,Stapler,9,138.99,1148.52,0.082,283.79,Standard,Credit Card,3.7,5,No
ORD100936,2024-05-11,CUST01062,Consumer,South,Tamil Nadu,Office Supplies,Storage,Filing Cabinet,1,140.86,126.56,0.152,14.7,Express,UPI,4.3,3,No
ORD100371,2025-12-01,CUST01308,Consumer,South,Telangana,Furniture,Chairs,Visitor Chair,6,392.39,2450.86,0.118,456.4,Express,COD,3.7,3,No
ORD100567,2023-06-28,CUST01267,Consumer,East,West Bengal,Technology,Accessories,Keyboard,2,561.35,744.49,0.337,-8.48,Standard,,3.8,9,No
ORD101974,2023-10-20,CUST01076,Consumer,West,Rajasthan,Office Supplies,Binders,File Folder,8,130.28,1132.42,0.079,320.7,Express,UPI,4.8,1,No
ORD101855,2023-09-23,CUST01533,Consumer,West,Gujarat,Furniture,Furnishings,Curtains,10,430.53,2447.66,0.431,96.49,Standard,Credit Card,4.5,3,No
ORD101025,2023-10-15,CUST01291,Consumer,East,Bihar,Technology,Accessories,Keyboard,2,576.69,1219.21,0.104,127.22,Standard,UPI,3.9,8,No
ORD100825,2024-11-29,CUST01303,Corporate,North,Uttar Pradesh,Office Supplies,Binders,Document Folder,6,349.17,1943.36,0.214,259.94,Same Day,Credit Card,4.4,1,Yes
ORD100983,2025-06-06,CUST01575,Consumer,North,Delhi,Furniture,Tables,Study Table,9,332.48,2846.25,0.049,718.16,Standard,UPI,3.7,7,Yes
ORD102440,2023-07-20,CUST01350,Consumer,West,Gujarat,Office Supplies,Binders,Document Folder,3,164.48,351.5,0.288,39.83,Same Day,UPI,3.8,1,No
ORD102081,2025-07-30,CUST01508,Corporate,South,Andhra Pradesh,Furniture,Bookcases,Metal Bookcase,2,299.96,519.88,0.133,96.77,Standard,COD,3.0,6,No
ORD101646,2023-09-24,CUST01420,Corporate,North,Delhi,Technology,Phones,Smartphone C,6,1185.6,6497.81,0.087,1209.46,Express,UPI,4.6,2,Yes
ORD102596,2024-02-01,CUST01027,Corporate,East,West Bengal,Technology,Laptops,Laptop Pro,3,778.45,2160.65,0.075,241.21,Standard,UPI,4.7,3,No
ORD102258,2023-08-12,CUST01013,Corporate,West,Rajasthan,Furniture,Bookcases,Metal Bookcase,5,448.79,2052.81,0.085,271.55,Express,Credit Card,4.3,2,No
ORD102131,2025-02-27,CUST01376,Corporate,North,Punjab,Technology,Printers,Inkjet Printer,5,760.65,3477.05,0.086,688.02,Standard,UPI,3.2,8,No
ORD100814,2025-08-15,CUST01097,Consumer,South,Andhra Pradesh,Office Supplies,Binders,Ring Binder,2,221.16,390.87,0.116,89.72,Standard,Credit Card,2.5,8,No
ORD101793,2024-02-06,CUST01057,Consumer,North,Haryana,Technology,Laptops,Business Laptop,4,1023.97,3959.5,0.033,805.28,Standard,Credit Card,4.0,7,No
ORD101431,2023-09-09,CUST01293,Consumer,East,West Bengal,Office Supplies,Storage,Storage Box,2,131.79,235.38,0.107,57.88,Standard,UPI,3.5,8,No
ORD100779,2023-12-06,CUST01232,Consumer,North,Uttar Pradesh,Furniture,Tables,Study Table,3,605.52,2001.91,0.066,447.33,Standard,UPI,4.0,7,No
ORD101750,2024-02-14,CUST01503,Consumer,West,Gujarat,Furniture,Tables,Study Table,1,305.13,249.98,0.181,32.19,Express,Credit Card,5.0,1,No
ORD101321,2025-12-22,CUST01429,Small Business,West,Goa,Furniture,Chairs,Ergonomic Chair,3,266.71,589.92,0.375,15.05,Express,UPI,4.6,2,No
ORD102118,2023-04-27,CUST01600,Small Business,East,West Bengal,Furniture,Bookcases,Metal Bookcase,10,455.72,3773.21,0.219,793.75,Standard,UPI,4.2,6,No
ORD102886,2023-08-17,CUST01294,Corporate,South,Andhra Pradesh,Technology,Accessories,Headset,3,1095.21,2832.46,0.138,322.06,Standard,UPI,3.8,5,No
ORD101053,2023-05-28,CUST01028,Corporate,West,Rajasthan,Furniture,Chairs,Visitor Chair,1,259.78,190.56,0.308,14.34,Standard,UPI,3.7,8,No
ORD102334,2024-02-26,CUST01298,Corporate,North,Haryana,Furniture,Bookcases,Metal Bookcase,3,972.34,2408.26,0.174,644.19,Standard,Credit Card,4.2,5,No
ORD101014,2024-02-12,CUST01478,Consumer,West,Rajasthan,Technology,Laptops,Business Laptop,3,473.47,1139.62,0.198,81.94,Standard,UPI,3.8,6,No
ORD101929,2025-09-24,CUST01309,Consumer,West,Gujarat,Technology,Accessories,Headset,4,684.53,1957.35,0.285,76.23,Standard,Credit Card,4.2,3,No
ORD101402,2024-07-30,CUST01464,Consumer,North,Haryana,Office Supplies,Binders,Document Folder,10,220.94,1895.81,0.142,575.47,Standard,UPI,4.2,4,Yes
ORD101823,2025-05-06,CUST01009,Consumer,West,Gujarat,Technology,Phones,Smartphone A,3,1871.05,5497.37,0.076,970.86,Standard,Credit Card,4.0,7,Yes
ORD102260,2023-11-29,CUST01293,Small Business,East,Odisha,Furniture,Bookcases,Metal Bookcase,2,240.11,479.77,0.153,91.34,Standard,Net Banking,,8,No
ORD100127,2025-07-08,CUST01325,Small Business,East,West Bengal,Furniture,Tables,Conference Table,4,750.88,2700.37,0.101,453.22,Standard,Credit Card,3.7,7,No
ORD102104,2023-07-26,CUST01489,Consumer,North,Haryana,Furniture,Chairs,Office Chair,5,225.97,910.4,0.194,133.36,Standard,UPI,,6,No
ORD101348,2023-08-07,CUST01303,Corporate,East,Bihar,Technology,Printers,Inkjet Printer,10,1706.98,15734.21,0.078,1226.85,Standard,COD,4.0,5,No
ORD100356,2025-05-07,CUST01598,Small Business,East,West Bengal,Furniture,Chairs,Office Chair,2,246.7,425.13,0.187,66.41,Standard,UPI,3.3,7,No
ORD100828,2025-03-10,CUST01311,Consumer,South,Tamil Nadu,Furniture,Tables,Study Table,8,282.67,2058.45,0.141,280.72,Standard,Credit Card,4.0,8,Yes
ORD101640,2023-08-29,CUST01581,Corporate,North,Haryana,Technology,Printers,Laser Printer,3,785.82,2122.06,0.1,319.07,Standard,Credit Card,3.9,4,No
ORD100985,2025-09-22,CUST01005,Corporate,East,Bihar,Office Supplies,Stationery,Stapler,3,204.47,484.32,0.21,68.36,Express,Credit Card,4.8,3,No
ORD100363,2023-02-17,CUST01078,Consumer,North,Uttar Pradesh,Office Supplies,Stationery,Markers,6,79.56,412.16,0.137,95.17,Standard,Net Banking,4.0,6,No
ORD100346,2024-05-16,CUST01558,Corporate,South,Telangana,Office Supplies,Storage,Storage Box,0,221.01,1197.89,0.361,94.7,Standard,UPI,4.4,4,No
ORD102555,2025-03-20,CUST01106,Consumer,South,Telangana,Office Supplies,Storage,Organizer,4,568.15,2007.2,0.167,289.73,Standard,Net Banking,4.0,3,Yes
ORD100712,2025-07-03,CUST01072,Consumer,South,Tamil Nadu,Furniture,Bookcases,Wooden Bookcase,2,311.32,530.36,0.148,129.46,Standard,UPI,5.0,3,No
ORD102074,2024-09-06,CUST01584,Small Business,North,Delhi,Furniture,Furnishings,Desk Lamp,1,628.56,468.34,0.255,7.45,Standard,Credit Card,3.9,7,Yes
ORD100011,2024-01-17,CUST01597,Consumer,South,Telangana,Furniture,Chairs,Office Chair,2,196.51,313.73,0.202,33.28,Standard,Net Banking,4.3,3,No
ORD102429,2024-06-19,CUST01420,Corporate,East,West Bengal,Office Supplies,Binders,File Folder,5,33.19,148.13,0.107,37.18,Standard,Credit Card,2.9,7,Yes
ORD101835,2025-11-02,CUST01015,Corporate,East,Odisha,Furniture,Tables,Conference Table,6,1002.13,6120.61,0.137,658.84,Standard,Credit Card,3.6,7,No
ORD100794,2024-08-02,CUST01269,Small Business,South,Telangana,Office Supplies,Paper,Notebooks,1,270.84,238.55,0.119,43.77,Express,UPI,3.7,3,No
ORD102780,2025-01-28,CUST01071,Consumer,East,Jharkhand,Furniture,Furnishings,Whiteboard,1,1282.11,918.46,0.284,51.07,Standard,UPI,4.0,6,No
ORD100095,2025-03-02,CUST01354,Small Business,South,Karnataka,Office Supplies,Storage,Filing Cabinet,8,223.94,1493.8,0.213,219.63,Standard,Credit Card,3.6,8,No
ORD100130,2024-03-10,CUST01271,Consumer,North,Uttar Pradesh,Technology,Laptops,Business Laptop,4,514.15,2088.3,0.042,310.02,Standard,Credit Card,4.5,9,No
ORD102606,2025-01-01,CUST01476,Corporate,West,Maharashtra,Office Supplies,Binders,Ring Binder,3,169.09,456.81,0.099,154.52,Standard,Credit Card,3.8,6,No
ORD101901,2023-06-06,CUST01023,Consumer,North,Punjab,Office Supplies,Stationery,Pens,7,181.74,1016.24,0.201,218.49,Standard,UPI,3.3,4,Yes
ORD102408,2023-04-02,CUST01202,Corporate,South,Andhra Pradesh,Office Supplies,Paper,Premium Paper,7,254.86,1170.35,0.381,209.55,Express,Credit Card,4.2,1,No
ORD101933,2023-05-06,CUST01246,Consumer,South,Andhra Pradesh,Technology,Accessories,Wireless Mouse,1,341.75,333.58,0.079,17.49,Standard,UPI,3.3,6,No
ORD102855,2023-05-23,CUST01212,Consumer,West,Maharashtra,Office Supplies,Stationery,Stapler,6,199.89,1007.82,0.207,150.69,Express,Credit Card,4.7,2,No
ORD101866,2025-12-19,CUST01264,Consumer,South,Karnataka,Technology,Laptops,Laptop Pro,8,2938.94,25841.59,0.069,4063.84,Express,UPI,3.9,3,No
ORD101659,2025-10-29,CUST01254,Consumer,South,Karnataka,Furniture,Bookcases,Metal Bookcase,7,1197.45,9066.17,0.083,2009.04,Standard,UPI,4.0,7,No
ORD100517,2023-08-22,CUST01155,Corporate,South,Andhra Pradesh,Office Supplies,Paper,Notebooks,1,298.35,277.53,0.07,63.6,Standard,UPI,4.2,6,No
ORD101858,2024-10-30,CUST01193,Consumer,West,Goa,Office Supplies,Binders,Ring Binder,2,88.54,164.05,0.215,23.09,Standard,UPI,4.9,3,No
ORD101278,2023-06-05,CUST01374,Corporate,West,Gujarat,Furniture,Bookcases,Metal Bookcase,2,291.04,514.34,0.116,101.9,Same Day,UPI,4.8,1,No
ORD100951,2025-08-17,CUST01169,Small Business,North,Haryana,Office Supplies,Binders,Ring Binder,5,288.04,1294.88,0.101,376.52,Standard,Credit Card,3.3,5,No
ORD101121,2024-04-10,CUST01415,Consumer,South,Tamil Nadu,Office Supplies,Binders,Ring Binder,3,101.18,299.46,0.069,76.74,Standard,COD,3.5,5,Yes
ORD100420,2024-02-11,CUST01540,Consumer,East,Jharkhand,Office Supplies,Stationery,Markers,4,123.54,453.74,0.082,144.61,Standard,Credit Card,4.8,4,Yes
ORD100923,2025-10-10,CUST01089,Corporate,South,,Furniture,Bookcases,Metal Bookcase,5,360.29,1895.3,0.108,385.6,Standard,Credit Card,3.0,8,No
ORD102212,2025-06-10,CUST01133,Corporate,South,Andhra Pradesh,Technology,Printers,Laser Printer,4,1554.49,5517.07,0.113,490.48,Standard,Net Banking,3.4,8,No
ORD100478,2025-06-04,CUST01564,Consumer,South,Tamil Nadu,Office Supplies,Stationery,Pens,2,283.34,418.51,0.261,63.69,Standard,UPI,3.7,6,No
ORD102036,2024-05-03,CUST01020,Small Business,South,Karnataka,Technology,Printers,Inkjet Printer,6,1620.53,9140.93,0.113,878.67,Same Day,Credit Card,5.0,1,No
ORD102190,2024-07-15,CUST01056,Small Business,West,,Furniture,Bookcases,Wooden Bookcase,4,290.4,998.1,0.141,132.57,Express,Net Banking,4.8,3,No
ORD101693,2023-12-16,CUST01230,Consumer,West,Gujarat,Technology,Laptops,Laptop Air,8,596.69,4525.6,0.197,564.0,Standard,Net Banking,4.2,4,Yes
ORD102357,2023-06-10,CUST01098,Consumer,South,Tamil Nadu,Furniture,Tables,Conference Table,4,315.27,1086.81,0.138,178.3,Standard,COD,4.1,6,No
ORD101472,2024-04-12,CUST01565,Small Business,East,West Bengal,Technology,Phones,Smartphone C,4,615.53,2524.92,0.033,409.08,Standard,COD,4.9,4,No
ORD101203,2025-02-24,CUST01004,Corporate,North,Punjab,Technology,Laptops,Business Laptop,5,292.1,1279.41,0.124,139.26,Standard,COD,3.7,4,No
ORD101670,2025-03-17,CUST01584,Consumer,East,Jharkhand,Technology,Laptops,Business Laptop,5,640.06,2946.44,0.131,31.6,Same Day,COD,5.0,1,No
ORD102789,2025-01-29,CUST01239,Corporate,North,Haryana,Technology,Laptops,Laptop Pro,4,254.28,722.61,0.29,-13.0,Standard,UPI,3.8,3,No
ORD101971,2025-07-26,CUST01029,Corporate,South,Telangana,Furniture,Furnishings,Whiteboard,10,318.93,2286.21,0.283,306.03,Express,Credit Card,4.2,3,No
ORD100821,2024-09-01,CUST01041,Consumer,West,Gujarat,Technology,Printers,Laser Printer,5,858.54,4102.37,0.044,852.42,Standard,,4.4,3,No
ORD101998,2025-01-01,CUST01592,Small Business,East,Jharkhand,Furniture,Furnishings,Curtains,10,1330.71,10577.42,0.205,1251.7,Standard,UPI,3.7,7,No
ORD102883,2024-08-25,CUST01195,Consumer,East,Jharkhand,Office Supplies,Storage,Filing Cabinet,1,133.39,121.35,0.09,20.45,Standard,Credit Card,3.7,5,No
ORD101249,2024-03-13,CUST01220,Small Business,South,Karnataka,Furniture,Furnishings,Desk Lamp,1,391.44,399.61,0.037,90.56,Standard,Net Banking,3.7,6,No
ORD102675,2024-02-04,CUST01058,Corporate,East,Bihar,Office Supplies,Storage,Storage Box,5,144.81,670.06,0.075,193.69,Standard,UPI,3.1,6,No
ORD102628,2023-09-28,CUST01560,Consumer,East,Jharkhand,Technology,Phones,Smartphone A,4,460.52,1686.91,0.084,282.54,Standard,Credit Card,3.9,5,Yes
ORD101047,2025-07-11,CUST01586,Corporate,East,Bihar,Furniture,Bookcases,Metal Bookcase,2,420.4,792.83,0.057,174.33,Standard,Credit Card,3.3,9,No
ORD101889,2025-12-16,CUST01283,Consumer,East,Bihar,Office Supplies,Stationery,Labels,7,185.54,1364.03,,335.74,Standard,COD,3.9,6,No
ORD100616,2025-05-03,CUST01213,Corporate,West,Maharashtra,Furniture,Chairs,Ergonomic Chair,2,313.91,395.19,0.406,8.06,Standard,Net Banking,4.2,6,No
ORD101319,2024-02-02,CUST01303,Corporate,South,Tamil Nadu,Technology,Printers,Inkjet Printer,2,426.15,703.58,0.174,83.69,Standard,Credit Card,3.2,6,No
ORD102899,2024-09-14,CUST01414,Consumer,South,Andhra Pradesh,Furniture,Furnishings,Whiteboard,1,840.03,797.72,0.05,163.16,Standard,UPI,3.1,8,No
ORD102473,2023-09-23,CUST01543,Consumer,East,Bihar,Office Supplies,Paper,Notebooks,2,212.61,327.72,0.229,46.69,Standard,Credit Card,2.3,9,No
ORD101773,2025-11-22,CUST01279,Consumer,South,Andhra Pradesh,Office Supplies,Binders,File Folder,8,151.85,1372.68,0.042,476.77,Standard,Credit Card,3.5,7,No
ORD102967,2025-06-30,CUST01442,Consumer,West,Goa,Furniture,Furnishings,Desk Lamp,2,503.62,818.47,0.187,139.38,Standard,UPI,4.4,4,No
ORD100132,2023-01-25,CUST01267,Consumer,South,Karnataka,Office Supplies,Paper,A4 Paper,3,114.63,320.35,0.068,102.04,Standard,UPI,3.8,5,No
ORD100078,2023-11-25,CUST01290,Consumer,South,Telangana,Technology,Laptops,Laptop Pro,7,1062.09,8536.97,0.027,1671.25,Standard,UPI,4.0,4,No
ORD102053,2023-08-15,CUST01361,Corporate,West,Gujarat,Office Supplies,Stationery,Pens,8,305.91,1669.07,0.318,152.51,Standard,COD,2.7,8,No
ORD100725,2023-04-17,CUST01415,Corporate,East,Odisha,Furniture,Bookcases,Metal Bookcase,1,407.62,318.46,0.263,37.7,Standard,Net Banking,3.4,9,No
ORD101315,2023-03-25,CUST01521,Consumer,West,Maharashtra,Technology,Phones,Smartphone C,4,299.67,1009.1,0.206,25.38,Standard,UPI,4.1,4,No
ORD101852,2023-10-13,CUST01056,Consumer,West,Goa,Furniture,Bookcases,Metal Bookcase,1,933.12,840.79,0.236,64.53,Standard,UPI,4.0,6,No
ORD102309,2023-01-29,CUST01337,Corporate,South,Telangana,Technology,Laptops,Business Laptop,8,615.0,4426.51,,888.85,Standard,,3.6,7,No
ORD102499,2025-01-06,CUST01347,Consumer,South,Karnataka,Office Supplies,Paper,Premium Paper,10,214.96,1947.58,0.094,577.14,Express,UPI,4.4,3,No
ORD101373,2023-01-24,CUST01187,Small Business,East,West Bengal,Technology,Phones,Smartphone B,5,1129.46,4991.24,0.116,426.26,Standard,Credit Card,4.5,3,No
ORD101856,2024-02-12,CUST01323,Small Business,East,Jharkhand,Technology,Accessories,Keyboard,4,1508.88,5297.15,0.122,450.03,Express,Credit Card,3.9,4,Yes
ORD101320,2025-11-02,CUST01261,Small Business,West,Goa,Technology,Laptops,Business Laptop,7,1690.79,12910.84,0.076,2064.73,Standard,Credit Card,3.5,7,No
ORD102971,2024-01-23,CUST01305,Consumer,North,Punjab,Office Supplies,Storage,Filing Cabinet,6,162.51,871.24,0.106,153.72,Express,Credit Card,4.2,3,No
ORD102184,2024-10-16,CUST01442,Consumer,South,Tamil Nadu,Furniture,Tables,Study Table,6,256.07,1523.75,0.16,246.97,Standard,Credit Card,3.0,6,No
ORD100376,2023-12-10,CUST01141,Corporate,West,Maharashtra,Technology,Printers,Inkjet Printer,3,633.97,1808.55,0.194,109.49,Same Day,UPI,4.4,1,No
ORD101909,2024-03-13,CUST01032,Consumer,South,Tamil Nadu,Furniture,Tables,Work Desk,6,435.04,2594.66,0.062,357.62,Express,UPI,3.8,2,No
ORD100334,2023-04-07,CUST01159,Corporate,East,Odisha,Office Supplies,Paper,A4 Paper,2,129.04,233.46,0.147,59.73,Standard,COD,2.5,9,No
ORD102264,2024-06-28,CUST01208,Consumer,North,Delhi,Technology,Phones,Smartphone A,2,574.44,1060.49,0.077,90.16,Standard,Net Banking,3.5,7,No
ORD102314,2024-10-25,CUST01194,Consumer,South,Karnataka,Office Supplies,Stationery,Stapler,3,101.44,345.43,0.038,112.76,Standard,Credit Card,3.7,3,No
ORD101605,2023-04-28,CUST01086,Small Business,South,Telangana,Technology,Laptops,Laptop Pro,6,1059.06,6140.64,0.088,321.02,Standard,UPI,3.3,5,Yes
ORD101119,2025-04-08,CUST01306,Consumer,West,Maharashtra,Technology,Phones,Smartphone B,2,568.97,1011.77,0.161,113.14,Express,UPI,4.9,1,No
ORD102879,2024-06-30,CUST01266,Consumer,North,Delhi,Office Supplies,Stationery,Stapler,5,158.28,656.07,0.171,156.63,Same Day,UPI,4.7,2,No
ORD101944,2025-02-20,CUST01222,Consumer,East,Odisha,Furniture,Tables,Study Table,1,296.43,259.38,0.125,42.73,Standard,UPI,2.9,8,No
ORD102274,2023-10-08,CUST01371,Corporate,West,Gujarat,Technology,Printers,Inkjet Printer,3,569.3,1517.0,0.247,207.61,Standard,UPI,4.4,3,No
ORD102535,2025-09-15,CUST01447,Small Business,East,Odisha,Office Supplies,Paper,Premium Paper,4,166.44,573.45,0.139,122.68,Standard,UPI,2.8,8,No
ORD101343,2024-01-08,CUST01348,Consumer,South,Karnataka,Furniture,Chairs,Visitor Chair,4,310.49,1083.73,0.127,203.75,Standard,Credit Card,3.4,6,No
ORD100321,2024-11-18,CUST01346,Consumer,North,Punjab,Office Supplies,Storage,Filing Cabinet,4,186.32,722.51,0.178,120.33,Express,Credit Card,4.6,1,No
ORD101620,2024-08-25,CUST01257,Corporate,East,Bihar,Office Supplies,Paper,Notebooks,1,126.69,110.6,0.127,17.74,Standard,COD,3.7,9,No
ORD102460,2023-03-10,CUST01578,Small Business,North,Punjab,Technology,Printers,Inkjet Printer,3,1652.45,5011.62,0.046,657.08,Standard,Net Banking,4.0,7,No
ORD102061,2025-12-06,CUST01406,Small Business,North,Uttar Pradesh,Furniture,Furnishings,Desk Lamp,1,693.77,783.8,,172.45,Express,UPI,4.7,1,No
ORD101674,2024-06-30,CUST01045,Consumer,West,Goa,Technology,Laptops,Laptop Air,8,662.19,4464.8,0.157,276.41,Standard,Net Banking,4.0,4,No
ORD101943,2025-06-13,CUST01316,Consumer,West,Gujarat,Technology,Phones,Smartphone A,4,375.21,1353.05,0.098,256.45,Standard,Net Banking,3.4,8,No
ORD100261,2023-10-07,CUST01325,Small Business,South,Telangana,Technology,Laptops,Business Laptop,1,1533.91,962.72,0.468,-23.88,Express,UPI,4.1,3,No
ORD102367,2024-11-09,CUST01041,Corporate,South,Telangana,Technology,Accessories,Keyboard,2,653.77,1200.4,0.222,98.53,Standard,Net Banking,4.2,4,No
ORD102040,2023-04-11,CUST01337,Consumer,South,Karnataka,Technology,Laptops,Laptop Pro,1,1110.72,1064.84,0.096,147.01,Standard,UPI,4.3,4,No
ORD100690,2023-04-06,CUST01210,Corporate,South,Karnataka,Technology,Accessories,Keyboard,9,719.25,6222.83,0.093,1009.75,Same Day,Credit Card,4.7,1,No
ORD100902,2024-10-06,CUST01166,Consumer,West,Goa,Furniture,Chairs,Ergonomic Chair,4,693.99,2264.01,0.309,99.5,Standard,UPI,3.5,4,No
ORD102027,2025-04-01,CUST01223,Corporate,East,Odisha,Furniture,Furnishings,Desk Lamp,1,337.71,298.68,0.166,37.65,Standard,Credit Card,4.4,4,No
ORD100139,2024-03-21,CUST01539,Small Business,North,Delhi,Furniture,Furnishings,Curtains,1,291.68,305.82,0.011,80.67,Standard,Credit Card,4.7,3,No
ORD101918,2023-02-28,CUST01480,Consumer,North,Haryana,Office Supplies,Binders,Document Folder,3,93.88,178.88,0.365,15.98,Standard,UPI,3.9,8,No
ORD101829,2025-12-12,CUST01176,Small Business,North,Uttar Pradesh,Technology,Laptops,Laptop Pro,1,1278.77,1324.8,0.122,167.59,Standard,UPI,3.6,8,No
ORD101574,2024-11-18,CUST01440,Corporate,South,Telangana,Furniture,Tables,Study Table,2,293.43,484.19,0.301,56.99,Standard,UPI,3.1,7,No
ORD100320,2025-11-02,CUST01346,Consumer,West,Rajasthan,Office Supplies,Stationery,Stapler,2,118.43,238.99,0.145,66.2,Standard,COD,3.4,7,No
ORD100654,2023-01-02,CUST01310,Consumer,West,Rajasthan,Technology,Accessories,Headset,10,602.14,4390.64,0.271,396.71,Standard,UPI,3.2,8,No
ORD102138,2023-12-29,CUST01254,Consumer,East,West Bengal,Technology,Printers,Laser Printer,2,807.27,1841.25,0.034,467.46,Same Day,COD,3.8,1,No
ORD102335,2023-05-21,CUST01203,Consumer,East,West Bengal,Office Supplies,Stationery,Labels,1,401.32,334.6,0.213,48.15,Standard,Net Banking,4.2,4,No
ORD100559,2024-04-11,CUST01233,Corporate,South,Andhra Pradesh,Furniture,Tables,Conference Table,1,572.9,510.26,0.16,100.8,Standard,Credit Card,3.6,7,No
ORD100113,2024-07-05,CUST01051,Corporate,East,Bihar,Furniture,Chairs,Visitor Chair,5,779.7,3523.84,0.096,552.03,Express,Net Banking,4.3,3,No
ORD100532,2023-02-13,CUST01597,Corporate,West,Maharashtra,Office Supplies,Stationery,Stapler,1,180.09,126.77,0.296,5.76,Standard,UPI,3.1,8,Yes
ORD100225,2025-01-26,CUST01192,Consumer,West,Rajasthan,Furniture,Furnishings,Curtains,4,681.78,2417.52,,328.61,Standard,UPI,,3,No
ORD100724,2024-01-16,CUST01211,Corporate,South,Andhra Pradesh,Office Supplies,Binders,File Folder,3,224.89,486.97,0.278,68.51,Standard,Net Banking,4.3,6,No
ORD102441,2023-08-21,CUST01209,Consumer,West,Rajasthan,Furniture,Chairs,Office Chair,4,1740.12,6008.65,0.137,825.44,Standard,UPI,4.4,3,No
ORD102584,2024-04-19,CUST01207,Small Business,South,Karnataka,Office Supplies,Paper,Premium Paper,4,135.58,416.86,0.275,51.09,Standard,Credit Card,4.6,5,No
ORD101434,2023-04-14,CUST01249,Corporate,East,Odisha,Technology,Laptops,Business Laptop,4,1231.78,3890.24,0.255,264.57,Express,UPI,4.2,2,Yes
ORD102342,2023-08-20,CUST01183,Corporate,South,Telangana,Technology,Printers,Laser Printer,6,534.89,2254.74,0.297,-71.82,Standard,COD,3.9,7,Yes
ORD101459,2025-01-18,CUST01318,Small Business,West,Goa,Furniture,Chairs,Ergonomic Chair,2,327.11,610.78,0.066,122.41,Standard,COD,4.0,4,No
ORD102716,2024-08-21,CUST01179,Small Business,South,Andhra Pradesh,Technology,Accessories,Headset,3,1504.62,3193.39,0.293,-19.72,Standard,COD,4.4,4,No
ORD100847,2025-01-12,CUST01234,Consumer,West,Goa,Office Supplies,Paper,Notebooks,9,232.49,1698.63,0.188,390.45,Standard,Net Banking,3.7,8,No
ORD100194,2023-06-16,CUST01467,Consumer,North,Delhi,Furniture,Furnishings,Desk Lamp,6,784.13,3324.53,0.293,532.23,Standard,UPI,3.7,7,No
ORD101465,2025-05-24,CUST01241,Consumer,West,Gujarat,Furniture,Tables,Conference Table,2,377.82,725.91,0.094,108.75,Standard,UPI,4.2,4,No
ORD100947,2023-01-14,CUST01100,Consumer,North,Delhi,Office Supplies,Binders,File Folder,3,99.56,263.62,0.117,68.62,Standard,Net Banking,3.6,4,Yes
ORD102022,2023-10-26,CUST01520,Corporate,North,Delhi,Office Supplies,Stationery,Stapler,7,129.63,796.19,0.256,127.31,Express,Credit Card,4.0,2,No
ORD101630,2024-06-15,CUST01176,Corporate,South,Telangana,Technology,Printers,Laser Printer,7,586.09,3321.64,0.19,313.55,Same Day,COD,4.4,1,No
ORD100118,2023-10-19,CUST01248,Corporate,West,Maharashtra,Technology,Phones,Smartphone C,1,1178.72,972.51,0.301,16.86,Standard,Net Banking,4.6,4,No
ORD100646,2023-04-10,CUST01511,Small Business,East,Odisha,Furniture,Tables,Work Desk,6,631.29,3740.81,0.068,773.81,Standard,Credit Card,3.8,4,No
ORD101871,2023-08-08,CUST01446,Consumer,West,Goa,Technology,Printers,Laser Printer,4,1376.14,5321.24,0.033,794.68,Standard,Net Banking,4.4,3,No
ORD100004,2023-02-28,CUST01116,Consumer,West,Gujarat,Furniture,Bookcases,Wooden Bookcase,1,322.97,297.6,0.079,58.12,Standard,UPI,4.2,6,No
ORD100075,2024-05-11,CUST01101,Consumer,East,West Bengal,Office Supplies,Binders,File Folder,5,126.38,589.72,0.12,94.59,Standard,UPI,4.3,5,No
ORD101756,2023-06-14,CUST01167,Consumer,North,Haryana,Technology,Printers,Laser Printer,4,592.28,1901.7,0.197,160.16,Express,UPI,4.0,3,No
ORD100468,2025-02-02,CUST01398,Small Business,South,Andhra Pradesh,Office Supplies,Stationery,Labels,5,153.49,716.4,0.067,175.57,Standard,UPI,4.0,3,No
ORD100006,2023-08-30,CUST01352,Corporate,North,Uttar Pradesh,Office Supplies,Stationery,Markers,2,335.17,604.17,0.099,104.18,Standard,COD,3.9,4,No
ORD101247,2023-08-28,CUST01034,Corporate,North,Delhi,Furniture,Furnishings,Curtains,7,407.66,2330.09,0.183,449.5,Standard,UPI,3.8,8,No
ORD100920,2023-04-12,CUST01088,Small Business,East,Bihar,Technology,Accessories,Wireless Mouse,3,518.62,1171.6,0.29,88.51,Express,COD,4.3,2,Yes
ORD100229,2024-11-09,CUST01282,Corporate,South,Tamil Nadu,Furniture,Furnishings,Curtains,3,1168.5,3368.65,0.186,150.62,Express,Credit Card,4.2,1,No
ORD101064,2025-03-11,CUST01129,Consumer,North,Uttar Pradesh,Office Supplies,Storage,Organizer,7,129.22,788.32,0.178,184.55,Same Day,Credit Card,4.0,1,No
ORD100243,2023-05-20,CUST01173,Consumer,North,Punjab,Technology,Accessories,Headset,3,271.58,635.63,0.264,-3.9,Standard,Net Banking,5.0,3,No
ORD102292,2024-04-25,CUST01576,Consumer,North,Punjab,Technology,Laptops,Laptop Air,2,990.49,2003.0,0.046,169.65,Standard,Net Banking,3.8,5,No
ORD101161,2024-07-20,CUST01311,Consumer,North,Punjab,Technology,Printers,Laser Printer,1,721.73,635.94,,42.19,Standard,UPI,,6,No
ORD102527,2024-11-14,CUST01135,Consumer,South,Andhra Pradesh,Furniture,Bookcases,Metal Bookcase,6,871.38,5335.27,0.135,693.37,Standard,Credit Card,3.5,7,No
ORD101527,2024-05-06,CUST01582,Consumer,South,Andhra Pradesh,Office Supplies,Stationery,Labels,2,156.13,240.7,0.273,30.0,Standard,Credit Card,4.2,3,No
ORD101606,2025-04-12,CUST01035,Corporate,North,Uttar Pradesh,Furniture,Tables,Work Desk,7,517.83,2704.66,0.296,168.83,Standard,UPI,4.1,3,No
ORD102799,2025-08-16,CUST01431,Small Business,West,Gujarat,Technology,Phones,Smartphone C,2,731.58,1351.37,0.076,273.75,Express,Net Banking,3.9,3,No
ORD102340,2024-11-23,CUST01483,Consumer,West,Goa,Furniture,Bookcases,Wooden Bookcase,5,845.02,4480.1,,804.54,Standard,UPI,3.5,4,No
ORD102733,2025-06-08,CUST01094,Consumer,West,Gujarat,Office Supplies,Paper,Notebooks,3,131.46,341.0,0.135,56.94,Same Day,Credit Card,4.3,1,No
ORD101990,2024-08-09,CUST01562,Consumer,East,Jharkhand,Technology,Phones,Smartphone B,4,1926.02,6870.39,0.108,873.4,Standard,Credit Card,3.4,7,No
ORD102365,2023-03-19,CUST01155,Corporate,South,,Technology,Phones,Smartphone B,5,830.67,3901.22,0.114,637.25,Standard,COD,3.6,6,No
ORD101976,2025-11-21,CUST01184,Consumer,West,Goa,Office Supplies,Storage,Organizer,4,148.77,638.2,0.091,142.19,Standard,UPI,3.9,6,No
ORD101762,2024-05-11,CUST01043,Consumer,North,Uttar Pradesh,Furniture,Bookcases,Metal Bookcase,1,406.33,368.2,0.145,54.76,Express,UPI,3.9,3,No
ORD101306,2024-07-06,CUST01468,Corporate,West,Goa,Office Supplies,Storage,Storage Box,1,271.75,222.14,0.183,49.1,Same Day,Credit Card,5.0,1,Yes
ORD101542,2023-06-08,CUST01146,Consumer,North,Delhi,Technology,Printers,Laser Printer,10,1495.92,12229.91,0.182,1065.84,Standard,Credit Card,3.7,8,No
ORD100623,2025-12-26,CUST01373,Consumer,South,Karnataka,Office Supplies,Stationery,Labels,4,104.57,438.78,0.111,67.09,Standard,UPI,3.5,4,No
ORD102326,2024-12-11,CUST01090,Small Business,North,Haryana,Furniture,Furnishings,Curtains,8,336.43,2363.88,0.256,279.34,Standard,COD,3.5,5,No
ORD101494,2023-09-04,CUST01310,Consumer,East,Jharkhand,Technology,Laptops,Business Laptop,3,859.4,2094.76,0.188,120.38,Standard,UPI,2.8,9,No
ORD100111,2023-11-05,CUST01260,Small Business,East,Jharkhand,Technology,Laptops,Business Laptop,3,516.11,1790.92,0.02,254.18,Same Day,Credit Card,4.5,1,No
ORD102277,2023-07-11,CUST01431,Consumer,South,Andhra Pradesh,Technology,Phones,Smartphone A,6,912.57,4991.14,0.088,905.24,Express,UPI,4.9,1,No
ORD101170,2025-05-13,CUST01328,Corporate,West,Rajasthan,Office Supplies,Paper,A4 Paper,2,70.57,114.69,0.233,11.73,Standard,Net Banking,3.8,6,No
ORD102474,2024-10-11,CUST01059,Consumer,West,Maharashtra,Office Supplies,Binders,Ring Binder,2,175.09,312.78,0.243,32.91,Standard,UPI,3.8,4,No
ORD100233,2024-11-16,CUST01234,Small Business,North,Uttar Pradesh,Office Supplies,Storage,Storage Box,5,470.08,2241.26,0.192,440.99,Express,Credit Card,4.1,3,No
ORD100067,2023-07-27,CUST01022,Consumer,South,Karnataka,Technology,Phones,Smartphone C,1,737.96,696.87,0.056,184.57,Express,Credit Card,4.2,2,No
ORD102722,2025-02-19,CUST01318,Corporate,North,Haryana,Office Supplies,Paper,Premium Paper,1,213.61,190.33,0.109,45.6,Express,Credit Card,4.8,1,No
ORD102073,2025-04-09,CUST01417,Corporate,South,Telangana,Furniture,Furnishings,Curtains,8,526.9,3912.39,0.124,645.28,Standard,UPI,4.1,5,No
ORD102193,2024-04-14,CUST01346,Consumer,West,Gujarat,Office Supplies,Storage,Storage Box,3,514.58,1413.84,0.136,401.08,Express,Credit Card,5.0,3,No
ORD100537,2023-06-24,CUST01545,Consumer,West,Goa,Office Supplies,Binders,Document Folder,8,215.15,1578.92,0.083,368.38,Standard,UPI,4.5,6,No
ORD100126,2024-09-12,CUST01304,Corporate,West,Gujarat,Furniture,Tables,Conference Table,4,661.47,1909.51,0.278,260.44,Express,Credit Card,4.1,2,No
ORD102134,2023-04-18,CUST01056,Consumer,South,Karnataka,Technology,Laptops,Laptop Air,4,1543.04,5602.84,0.144,690.53,Standard,Credit Card,3.9,8,No
ORD101255,2023-10-27,CUST01388,Consumer,South,Tamil Nadu,Technology,Phones,Smartphone A,4,1592.77,5583.49,0.257,-30.27,Standard,Credit Card,3.6,8,Yes
ORD102497,2024-11-14,CUST01426,Corporate,South,Karnataka,Office Supplies,Paper,Notebooks,7,90.0,713.67,0.04,155.34,Express,UPI,4.4,1,No
ORD101977,2025-12-04,CUST01420,Consumer,West,Maharashtra,Furniture,Furnishings,Curtains,3,881.64,2895.7,0.072,575.81,Express,Credit Card,4.6,1,No
ORD102475,2025-02-23,CUST01160,Consumer,East,Jharkhand,Office Supplies,Paper,A4 Paper,6,178.82,900.99,0.16,203.28,Standard,Net Banking,4.3,5,No
ORD102339,2025-10-22,CUST01044,Consumer,South,Karnataka,Office Supplies,Storage,Storage Box,6,217.18,1298.35,0.156,267.14,Standard,UPI,3.5,8,No
ORD102076,2023-12-05,CUST01200,Consumer,North,Uttar Pradesh,Technology,Accessories,Keyboard,1,1568.01,1608.19,0.131,186.33,Standard,UPI,3.6,8,Yes
ORD100485,2024-06-12,CUST01388,Consumer,South,Tamil Nadu,Office Supplies,Paper,Notebooks,3,185.66,518.34,0.069,82.14,Express,Credit Card,4.5,2,No
ORD101655,2024-03-04,CUST01274,Consumer,North,Haryana,Furniture,Chairs,Visitor Chair,5,519.41,2642.74,0.04,481.51,Standard,Credit Card,4.3,6,No
ORD102885,2023-09-13,CUST01527,Consumer,West,Rajasthan,Office Supplies,Binders,Document Folder,3,281.87,792.04,0.063,257.64,Express,UPI,4.4,1,No
ORD102705,2023-09-28,CUST01065,Corporate,North,Punjab,Furniture,Bookcases,Wooden Bookcase,8,517.25,3551.43,0.142,369.19,Standard,COD,3.7,7,No
ORD102418,2023-10-12,CUST01109,Consumer,East,Bihar,Office Supplies,Binders,File Folder,1,297.19,284.57,,63.76,Same Day,Net Banking,4.4,2,No
ORD101775,2023-06-13,CUST01522,Small Business,South,Andhra Pradesh,Technology,Laptops,Laptop Air,3,1110.54,2653.66,0.203,354.79,Standard,UPI,4.1,3,No
ORD100919,2023-10-22,CUST01294,Consumer,West,Goa,Office Supplies,Stationery,Markers,2,276.37,555.04,0.149,93.28,Standard,COD,4.1,4,No
ORD101647,2025-09-07,CUST01141,Consumer,North,Uttar Pradesh,Office Supplies,Binders,Document Folder,3,63.41,162.93,0.144,32.46,Standard,UPI,4.1,7,No
ORD101027,2024-02-11,CUST01132,Corporate,North,Haryana,Technology,Phones,Smartphone B,2,199.4,311.32,0.219,22.25,Standard,UPI,3.7,3,No
ORD101031,2024-02-17,CUST01387,Consumer,West,Goa,Furniture,Chairs,Visitor Chair,4,496.85,1547.98,0.221,168.2,Standard,COD,3.7,7,No
ORD100883,2023-08-15,CUST01034,Consumer,South,Karnataka,Office Supplies,Paper,Premium Paper,4,96.64,379.15,0.019,113.15,Standard,UPI,4.2,6,No
ORD101336,2024-12-28,CUST01492,Consumer,North,Uttar Pradesh,Furniture,Furnishings,Whiteboard,1,480.69,542.76,0.043,111.91,Express,Credit Card,3.8,3,No
ORD102235,2025-01-18,CUST01594,Consumer,North,Uttar Pradesh,Technology,Phones,Smartphone C,4,808.37,2663.5,0.176,154.1,Express,UPI,4.3,1,No
ORD100365,2025-04-14,CUST01597,Consumer,North,Uttar Pradesh,Furniture,Furnishings,Curtains,1,425.35,392.18,0.13,76.51,Standard,COD,3.6,9,No
ORD102126,2024-06-15,CUST01186,Small Business,North,Haryana,Technology,Printers,Inkjet Printer,1,643.56,513.49,0.202,46.18,Standard,,4.7,3,No
ORD100028,2023-08-23,CUST01439,Consumer,South,Andhra Pradesh,Technology,Printers,Inkjet Printer,2,1526.28,2736.39,0.104,243.87,Standard,Credit Card,3.8,7,No
ORD100474,2023-04-29,CUST01230,Consumer,South,Karnataka,Technology,Accessories,Wireless Mouse,2,575.06,739.6,0.393,-31.88,Standard,COD,3.8,5,No
ORD100526,2023-09-13,CUST01561,Small Business,South,Karnataka,Technology,Phones,Smartphone B,1,540.21,505.71,0.064,64.73,Standard,UPI,3.4,5,No
ORD100726,2023-03-19,CUST01273,Corporate,West,Goa,Furniture,Chairs,Ergonomic Chair,1,332.31,315.43,0.105,66.71,Standard,UPI,4.6,5,No
ORD100056,2025-03-09,CUST01502,Consumer,East,Jharkhand,Technology,Laptops,Laptop Air,5,1019.94,4878.81,0.097,766.71,Standard,COD,4.3,3,No
ORD100639,2024-07-12,CUST01407,Consumer,West,Gujarat,Furniture,Chairs,Visitor Chair,3,262.59,730.05,0.073,127.84,Express,Net Banking,4.7,1,Yes
ORD100303,2023-10-15,CUST01254,Consumer,North,Punjab,Technology,Printers,Inkjet Printer,3,351.27,1165.32,0.063,185.95,Express,UPI,3.8,2,No
ORD102622,2023-12-12,CUST01253,Corporate,North,Delhi,Technology,Accessories,USB Hub,2,738.66,1558.13,0.106,230.64,Express,UPI,4.4,3,No
ORD101277,2024-07-20,CUST01286,Corporate,North,Punjab,Furniture,Bookcases,Wooden Bookcase,2,297.79,447.2,0.249,41.67,Standard,UPI,3.8,8,Yes
ORD102650,2024-08-30,CUST01021,Consumer,North,Punjab,Technology,Laptops,Business Laptop,2,1130.94,2098.26,0.072,376.09,Standard,UPI,3.2,7,No
ORD100625,2025-02-08,CUST01491,Consumer,East,Jharkhand,Furniture,Tables,Work Desk,8,220.14,1616.36,0.082,321.34,Express,Credit Card,4.5,1,No
ORD102056,2024-04-23,CUST01336,Consumer,East,Bihar,Technology,Laptops,Laptop Pro,1,884.53,890.46,0.05,159.96,Standard,COD,4.1,4,No
ORD101281,2025-03-02,CUST01034,Consumer,East,Bihar,Furniture,Bookcases,Wooden Bookcase,6,1497.13,8227.56,0.136,962.6,Standard,Net Banking,4.2,6,No
ORD101050,2025-11-18,CUST01113,Small Business,South,Andhra Pradesh,Office Supplies,Stationery,Stapler,4,58.69,220.77,0.203,38.95,Standard,COD,3.3,8,No
ORD100337,2025-08-28,CUST01192,Consumer,North,,Technology,Accessories,Headset,2,589.73,1124.78,0.046,161.6,Standard,UPI,4.4,3,No
ORD100048,2024-09-30,CUST01070,Consumer,North,Delhi,Furniture,Furnishings,Whiteboard,2,658.5,1114.14,0.154,122.79,Standard,UPI,5.0,6,No
ORD100107,2024-04-15,CUST01336,Corporate,West,Maharashtra,Office Supplies,Binders,Document Folder,4,246.1,803.51,0.23,108.45,Standard,Net Banking,3.9,6,No
ORD101080,2024-01-21,CUST01314,Corporate,South,Telangana,Technology,Accessories,USB Hub,2,354.3,453.08,0.361,-3.73,Express,Net Banking,3.8,3,No
ORD101145,2023-09-11,CUST01464,Corporate,South,Tamil Nadu,Office Supplies,Binders,Ring Binder,2,370.74,2685.38,0.16,354.75,Standard,Credit Card,4.4,3,No
ORD102399,2025-11-22,CUST01540,Corporate,North,Haryana,Technology,Phones,Smartphone B,4,638.4,2690.44,0.107,477.89,Standard,Credit Card,,5,Yes
ORD101837,2024-11-20,CUST01291,Consumer,West,Goa,Technology,Laptops,Laptop Air,4,1069.02,4082.81,0.191,604.16,Same Day,,4.6,1,No
ORD101754,2024-01-05,CUST01384,Consumer,West,Goa,Technology,Laptops,Laptop Pro,8,552.56,3574.96,0.191,576.56,Standard,Net Banking,3.6,7,No
ORD101102,2024-08-11,CUST01185,Consumer,East,Odisha,Technology,Accessories,Headset,1,710.23,619.12,0.128,98.42,Standard,UPI,2.9,9,No
ORD101969,2025-12-10,CUST01234,Consumer,South,Karnataka,Office Supplies,Storage,Filing Cabinet,1,198.66,211.49,0.098,48.39,Standard,Net Banking,4.1,6,No
ORD100524,2023-08-18,CUST01346,Consumer,South,Andhra Pradesh,Technology,Printers,Inkjet Printer,5,1421.19,6815.93,0.041,820.97,Standard,UPI,4.6,4,No
ORD101429,2024-08-03,CUST01215,Small Business,North,Haryana,Technology,Phones,Smartphone A,7,466.86,3142.47,0.038,324.39,Standard,Credit Card,4.0,4,No
ORD102621,2023-06-12,CUST01249,Corporate,North,Haryana,Office Supplies,Paper,Notebooks,2,89.6,93.71,0.477,7.22,Same Day,Credit Card,4.7,2,No
ORD100604,2024-08-29,CUST01349,Consumer,South,Tamil Nadu,Furniture,Chairs,Ergonomic Chair,5,438.3,1659.66,0.243,153.72,Standard,Credit Card,3.0,6,No
ORD101490,2024-10-22,CUST01487,Corporate,West,Goa,Office Supplies,Storage,Storage Box,4,157.28,549.49,0.26,79.69,Standard,UPI,3.9,6,No
ORD102966,2025-01-29,CUST01200,Consumer,South,Karnataka,Furniture,Furnishings,Curtains,1,191.99,188.57,0.018,45.02,Standard,Credit Card,3.9,3,No
ORD100061,2024-07-18,CUST01025,Corporate,West,Goa,Office Supplies,Storage,Filing Cabinet,2,59.69,99.06,0.17,25.14,Same Day,UPI,5.0,1,No
ORD102764,2023-09-07,CUST01128,Consumer,West,Gujarat,Office Supplies,Storage,Organizer,6,87.15,499.77,0.044,122.42,Standard,Net Banking,,8,No
ORD100672,2024-10-07,CUST01305,Corporate,East,Bihar,Furniture,Furnishings,Desk Lamp,1,321.77,272.44,0.282,5.27,Express,COD,4.3,3,No
ORD100093,2024-04-27,CUST01258,Consumer,North,Delhi,Furniture,Chairs,Visitor Chair,2,1016.17,2144.35,0.005,460.76,Standard,COD,3.4,8,Yes
ORD100667,2024-10-21,CUST01113,Corporate,East,West Bengal,Office Supplies,Storage,Storage Box,6,149.42,926.78,0.124,188.85,Express,Credit Card,5.0,3,No
ORD101888,2025-06-21,CUST01501,Small Business,West,Gujarat,Office Supplies,Paper,A4 Paper,3,284.22,696.28,0.183,147.56,Standard,UPI,3.8,8,No
ORD100281,2025-01-06,CUST01021,Small Business,North,Delhi,Office Supplies,Storage,Filing Cabinet,7,153.8,1021.45,0.051,253.96,Standard,Net Banking,3.4,9,No
ORD101720,2023-03-12,CUST01267,Corporate,North,Uttar Pradesh,Technology,Printers,Laser Printer,4,258.45,946.49,0.136,210.06,Express,UPI,4.1,3,No
ORD100360,2025-11-19,CUST01338,Corporate,North,Punjab,Office Supplies,Stationery,Pens,2,255.19,518.77,0.139,140.39,Standard,Net Banking,3.0,7,No
ORD100900,2025-07-25,CUST01320,Consumer,West,Maharashtra,Technology,Printers,Inkjet Printer,2,1234.12,2304.64,0.066,460.23,Standard,Credit Card,3.9,5,No
ORD101936,2024-04-04,CUST01432,Consumer,South,Tamil Nadu,Furniture,Furnishings,Desk Lamp,2,309.26,605.77,0.076,123.74,Standard,UPI,3.4,8,No
ORD101995,2024-06-22,CUST01484,Consumer,South,Tamil Nadu,Furniture,Chairs,Ergonomic Chair,2,560.84,683.25,0.391,0.32,Standard,UPI,3.9,5,No
ORD102994,2025-08-07,CUST01376,Consumer,East,Jharkhand,Office Supplies,Binders,Ring Binder,2,148.93,293.11,0.016,83.61,Standard,COD,3.9,7,No
ORD100761,2023-12-30,CUST01395,Consumer,East,Odisha,Office Supplies,Stationery,Markers,5,580.51,2034.59,0.406,255.77,Standard,COD,4.1,7,No
ORD102159,2025-07-20,CUST01585,Consumer,South,Telangana,Furniture,Furnishings,Whiteboard,2,210.54,294.17,0.301,67.2,Standard,Credit Card,3.0,8,No
ORD102637,2025-08-17,CUST01588,Small Business,South,Telangana,Furniture,Chairs,Visitor Chair,1,236.55,215.75,0.088,31.49,Standard,Credit Card,3.9,5,No
ORD100043,2023-09-26,CUST01439,Consumer,North,Delhi,Technology,Phones,Smartphone A,1,457.25,409.28,0.105,45.36,Standard,Upi,3.3,7,No
ORD102174,2023-06-29,CUST01058,Small Business,North,Haryana,Technology,Printers,Laser Printer,4,490.03,1842.56,0.06,358.64,Standard,Credit Card,3.4,9,No
ORD100205,2023-01-30,CUST01588,Consumer,West,Maharashtra,Furniture,Bookcases,Wooden Bookcase,3,307.6,848.8,0.08,217.71,Standard,Net Banking,3.2,8,No
ORD101474,2024-01-27,CUST01435,Small Business,South,Telangana,Office Supplies,Paper,Notebooks,1,97.45,84.04,0.138,18.51,Standard,Credit Card,4.0,3,No
ORD102101,2023-11-09,CUST01084,Consumer,South,Karnataka,Technology,Accessories,Headset,6,491.46,2978.86,0.144,358.96,Same Day,Credit Card,5.0,1,No
ORD100069,2023-08-11,CUST01007,Corporate,South,Karnataka,Office Supplies,Paper,A4 Paper,4,70.15,219.35,0.218,30.17,Standard,UPI,3.5,8,No
ORD101876,2025-11-05,CUST01493,Small Business,East,Bihar,Furniture,Bookcases,Metal Bookcase,5,271.12,1254.74,0.216,205.77,Standard,COD,3.3,8,No
ORD103000,2025-01-19,CUST01134,Corporate,West,Goa,Furniture,Tables,Conference Table,3,514.09,1153.51,0.252,136.57,Same Day,UPI,5.0,1,No
ORD102232,2025-06-02,CUST01256,Consumer,East,Bihar,Office Supplies,Stationery,Markers,1,116.85,93.7,0.198,14.98,Standard,UPI,4.3,6,No
ORD100138,2025-11-02,CUST01406,Consumer,North,Haryana,Furniture,Bookcases,Metal Bookcase,2,438.29,1023.24,0.011,245.76,Standard,Credit Card,3.8,6,No
ORD100797,2025-01-05,CUST01160,Consumer,West,Gujarat,Office Supplies,Binders,Document Folder,3,125.37,306.28,0.186,41.77,Standard,COD,4.5,5,No
ORD102181,2023-11-13,CUST01147,Consumer,West,Maharashtra,Furniture,Chairs,Office Chair,1,420.71,402.48,0.189,40.82,Standard,Net Banking,3.8,6,No
ORD102129,2025-10-05,CUST01202,Consumer,West,Rajasthan,Technology,Printers,Inkjet Printer,1,539.7,555.75,0.127,64.96,Standard,UPI,3.8,6,No
ORD100759,2024-12-04,CUST01341,Small Business,South,Karnataka,Office Supplies,Binders,Ring Binder,5,335.97,1867.52,0.058,584.68,Standard,UPI,4.1,4,No
ORD100542,2025-10-31,CUST01128,Consumer,North,Punjab,Office Supplies,Storage,Storage Box,2,208.28,439.52,0.106,108.96,Standard,Credit Card,4.3,4,No
ORD101020,2025-12-01,CUST01201,Corporate,North,Haryana,Office Supplies,Stationery,Markers,4,129.39,554.14,0.093,128.15,Same Day,Credit Card,4.6,1,No
ORD102672,2025-06-01,CUST01327,Small Business,East,West Bengal,Office Supplies,Stationery,Pens,3,237.04,644.21,0.094,184.88,Same Day,UPI,5.0,1,No
ORD100166,2023-03-27,CUST01065,Small Business,South,Karnataka,Office Supplies,Storage,Storage Box,3,334.77,966.99,0.092,292.49,Standard,COD,3.6,5,No
ORD100249,2023-05-03,CUST01137,Corporate,West,Maharashtra,Office Supplies,Stationery,Pens,4,310.02,1177.24,0.104,258.98,Standard,UPI,3.7,4,No
ORD101332,2025-02-11,CUST01099,Consumer,North,Haryana,Furniture,Chairs,Office Chair,1,1897.77,1843.2,0.029,346.62,Standard,credit card,4.2,5,No
ORD102018,2023-08-07,CUST01543,Consumer,South,Andhra Pradesh,Furniture,Chairs,Visitor Chair,4,547.6,1944.67,0.112,370.86,Standard,NetBanking,3.7,7,No
ORD100447,2025-03-26,CUST01053,Small Business,West,Rajasthan,Furniture,Bookcases,Metal Bookcase,1,509.97,431.39,0.202,49.32,Standard,Net Banking,4.7,3,No
ORD101359,2024-02-09,CUST01029,Consumer,East,Jharkhand,Office Supplies,Paper,Notebooks,1,67.22,61.29,0.088,15.49,Express,Credit Card,4.2,4,No
ORD102146,2025-07-07,CUST01079,Consumer,East,West Bengal,Office Supplies,Binders,Document Folder,7,220.17,1343.03,0.129,344.25,Standard,UPI,4.4,6,No
ORD101330,2025-05-05,CUST01302,Consumer,North,Delhi,Technology,Laptops,Laptop Air,8,996.0,6169.44,0.27,162.19,Standard,COD,3.6,4,No
ORD102925,2024-04-20,CUST01567,Consumer,South,Tamil Nadu,Technology,Accessories,Keyboard,5,950.67,4725.51,0.062,538.99,Standard,UPI,4.0,6,No
ORD102151,2024-12-02,CUST01522,Consumer,North,Haryana,Office Supplies,Storage,Filing Cabinet,5,91.78,492.06,0.091,98.0,Standard,Credit Card,,4,No
ORD100435,2023-12-22,CUST01255,Small Business,East,West Bengal,Furniture,Chairs,Ergonomic Chair,2,208.15,480.63,0.022,105.75,Standard,Credit Card,3.6,7,No
ORD102123,2023-08-27,CUST01315,Corporate,South,Telangana,Furniture,Furnishings,Curtains,8,571.02,3661.69,0.198,540.04,Standard,UPI,4.1,4,No
ORD100578,2025-08-21,CUST01062,Corporate,South,,Office Supplies,Paper,Premium Paper,2,140.77,259.36,0.079,66.82,Standard,Credit Card,4.2,5,No
ORD102404,2023-08-07,CUST01002,Corporate,West,Rajasthan,Technology,Phones,Smartphone B,2,1522.02,2862.31,0.06,658.04,Standard,Net Banking,3.9,5,No
ORD102756,2025-03-27,CUST01432,Consumer,East,Odisha,Office Supplies,Binders,File Folder,5,310.73,1407.67,0.145,294.16,Same Day,Credit Card,5.0,1,No
ORD101849,2023-12-03,CUST01476,Consumer,South,Karnataka,Technology,Printers,Inkjet Printer,3,690.97,2060.47,0.158,267.98,Standard,Credit Card,3.1,6,No
ORD100763,2023-12-05,CUST01436,Corporate,West,Rajasthan,Technology,Printers,Inkjet Printer,2,831.23,1857.52,0.053,358.17,Standard,Credit Card,4.7,4,No
ORD100389,2023-08-11,CUST01132,Corporate,East,Bihar,Furniture,Chairs,Office Chair,9,486.79,4146.91,0.053,576.1,Standard,Net Banking,3.8,4,No
ORD100236,2024-08-20,CUST01093,Corporate,East,Bihar,Furniture,Chairs,Office Chair,3,349.54,779.9,0.256,54.55,Standard,Net Banking,4.4,6,No
ORD102619,2025-01-03,CUST01461,Consumer,South,Andhra Pradesh,Office Supplies,Paper,A4 Paper,5,240.66,820.59,0.318,89.92,Standard,UPI,3.5,4,No
ORD101985,2025-02-12,CUST01391,Consumer,West,Rajasthan,Technology,Phones,Smartphone C,3,1689.53,4567.32,0.099,819.4,Same Day,Credit Card,4.5,1,No
ORD100268,2023-08-28,CUST01102,Consumer,South,Andhra Pradesh,Office Supplies,Paper,Premium Paper,2,179.32,305.36,0.149,81.74,Same Day,COD,5.0,1,No
ORD100771,2023-10-20,CUST01382,Small Business,West,Goa,Technology,Phones,Smartphone C,10,729.76,5988.95,0.305,47.25,Standard,Credit Card,4.6,6,No
ORD102166,2024-01-09,CUST01206,Consumer,South,Karnataka,office supplies,Storage,Storage Box,2,140.18,250.93,0.105,79.32,Standard,COD,3.8,6,No
ORD100438,2024-04-26,CUST01520,Consumer,South,Telangana,Furniture,Bookcases,Wooden Bookcase,1,506.96,504.14,0.062,97.88,Standard,Credit Card,4.6,4,No
ORD100674,2024-07-27,CUST01367,Consumer,South,Karnataka,Office Supplies,Storage,Storage Box,3,230.63,521.24,0.247,107.23,Standard,Net Banking,4.6,4,No
ORD100250,2023-06-16,CUST01246,Consumer,North,Haryana,Technology,Laptops,Laptop Air,1,177.61,167.42,0.057,24.37,Same Day,Credit Card,4.9,2,No
ORD102202,2023-01-26,CUST01196,Consumer,North,Delhi,Office Supplies,Stationery,Labels,7,173.88,1035.71,0.149,171.0,Same Day,Credit Card,4.4,1,No
ORD101575,2025-06-27,CUST01491,Consumer,South,Telangana,Technology,Phones,Smartphone C,2,786.31,1106.29,0.297,53.23,Standard,Credit Card,2.8,8,No
ORD102143,2023-05-18,CUST01394,Corporate,East,Jharkhand,Office Supplies,Paper,Notebooks,7,364.49,2500.8,0.075,727.07,Express,COD,4.2,1,No
ORD102082,2023-12-15,CUST01090,Corporate,West,Goa,Office Supplies,Storage,Storage Box,4,204.6,736.06,0.238,93.37,Standard,Net Banking,4.1,7,No
ORD102632,2023-12-12,CUST01450,Consumer,North,Delhi,Office Supplies,Paper,A4 Paper,1,155.92,164.24,0.107,43.81,Standard,UPI,3.6,8,No
ORD102582,2025-10-08,CUST01211,Corporate,North,Uttar Pradesh,Furniture,Chairs,Ergonomic Chair,2,590.91,850.89,0.39,9.82,Express,Credit Card,4.6,3,Yes
ORD102754,2025-04-22,CUST01457,Consumer,East,Bihar,Technology,Printers,Inkjet Printer,4,351.44,1442.05,0.032,288.33,Standard,UPI,3.5,5,No
ORD100449,2024-07-04,CUST01082,Corporate,North,Delhi,Technology,Laptops,Laptop Air,5,565.5,2430.97,0.14,367.83,Standard,UPI,4.0,4,No
ORD101470,2025-08-10,CUST01005,Consumer,South,Telangana,Furniture,Chairs,Office Chair,2,594.04,897.92,0.244,10.66,Express,UPI,4.4,1,No
ORD100717,2023-04-30,CUST01191,Small Business,West,Goa,Technology,Printers,Inkjet Printer,10,292.84,2978.88,0.04,540.51,Standard,Net Banking,3.7,4,No
ORD102411,2025-05-17,CUST01040,Corporate,East,Odisha,Furniture,Furnishings,Curtains,1,598.06,432.13,0.318,9.77,Same Day,UPI,4.9,2,No
ORD102629,2023-04-17,CUST01572,Corporate,South,Andhra Pradesh,Furniture,Furnishings,Desk Lamp,7,839.59,5075.06,0.185,703.22,Standard,UPI,4.1,6,No
ORD102049,2024-05-10,CUST01074,Small Business,South,Karnataka,Furniture,Bookcases,Metal Bookcase,1,777.47,622.44,0.245,111.79,Standard,Credit Card,4.1,4,No
ORD101902,2025-12-14,CUST01084,Consumer,East,Bihar,Office Supplies,Storage,Storage Box,2,113.27,240.39,0.101,60.18,Standard,COD,4.0,7,No
ORD101169,2023-06-20,CUST01341,Corporate,West,Goa,Technology,Printers,Inkjet Printer,2,1328.81,2537.99,0.045,405.17,Standard,Credit Card,3.8,8,No
ORD100083,2024-02-10,CUST01159,Corporate,West,Maharashtra,Office Supplies,Storage,Storage Box,8,181.43,1158.44,0.202,153.55,Standard,Credit Card,3.6,8,No
ORD102437,2023-11-15,CUST01090,Corporate,West,Maharashtra,Technology,Phones,Smartphone B,2,638.18,1446.37,0.04,220.65,Standard,UPI,2.9,8,Yes
ORD101461,2024-07-28,CUST01210,Consumer,East,Bihar,Technology,Laptops,Laptop Air,2,810.46,1295.29,0.201,99.71,Standard,Net Banking,3.1,8,Yes
ORD101894,2025-08-11,CUST01475,Corporate,East,West Bengal,Office Supplies,Binders,File Folder,6,50.48,215.39,0.289,29.09,Standard,COD,4.2,4,No
ORD101669,2024-03-12,CUST01212,Corporate,North,Punjab,Technology,Phones,Smartphone C,3,3400.83,9709.6,0.102,1240.94,Standard,Credit Card,4.0,6,No
ORD102001,2023-05-30,CUST01459,Small Business,North,Punjab,Furniture,Furnishings,Curtains,3,777.53,2131.11,0.138,493.23,Same Day,Net Banking,4.0,2,No
ORD100476,2024-09-07,CUST01538,Consumer,East,Odisha,Office Supplies,Stationery,Pens,6,100.95,401.07,0.338,60.98,Express,Credit Card,4.0,3,No
ORD100518,2025-09-01,CUST01078,Consumer,North,Punjab,Office Supplies,Storage,Filing Cabinet,1,161.73,132.08,0.183,28.55,Standard,Credit Card,4.7,3,No
ORD100405,2023-03-26,CUST01393,Consumer,South,Andhra Pradesh,Furniture,Tables,Study Table,8,685.39,4397.21,0.243,393.96,Standard,Net Banking,3.8,4,Yes
ORD100385,2024-02-25,CUST01074,Consumer,East,Bihar,Furniture,Tables,Study Table,3,544.26,781.61,0.521,-45.85,Standard,UPI,3.0,6,No
ORD102471,2024-11-14,CUST01016,Corporate,South,Andhra Pradesh,Office Supplies,Stationery,Labels,5,192.96,929.34,0.184,203.16,Express,UPI,4.4,3,No
ORD102153,2025-09-04,CUST01534,Consumer,West,Gujarat,Office Supplies,Paper,Premium Paper,4,102.26,348.66,0.148,118.32,Standard,UPI,3.7,8,No
ORD101634,2024-11-03,CUST01024,Consumer,South,Karnataka,Technology,Phones,Smartphone B,4,521.09,2225.03,0.095,315.22,Standard,,2.8,5,No
ORD102874,2024-02-24,CUST01447,Corporate,East,West Bengal,Technology,Laptops,Laptop Air,1,1101.66,958.7,0.13,182.68,Standard,UPI,4.5,4,No
ORD100689,2025-01-12,CUST01595,Consumer,South,Telangana,Furniture,Furnishings,Curtains,3,166.53,445.61,0.108,53.74,Standard,UPI,3.5,4,No
ORD101241,2024-02-01,CUST01538,Small Business,East,Odisha,Technology,Laptops,Laptop Air,8,512.74,3332.66,0.188,294.17,Standard,Credit Card,3.1,6,No
ORD100063,2024-11-08,CUST01013,Corporate,East,West Bengal,Furniture,Bookcases,Wooden Bookcase,1,302.31,321.72,0.098,82.38,Standard,Credit Card,4.1,5,No
ORD100853,2023-04-11,CUST01192,Corporate,West,Gujarat,Office Supplies,Storage,Organizer,5,169.55,722.99,0.195,145.44,Express,Credit Card,4.3,1,No
ORD102766,2025-11-13,CUST01318,Consumer,South,Tamil Nadu,Furniture,Furnishings,Desk Lamp,5,494.89,2338.32,0.199,179.25,Standard,UPI,3.5,6,No
ORD102489,2025-08-09,CUST01481,Corporate,West,Rajasthan,Office Supplies,Stationery,Pens,3,240.66,659.91,0.086,184.42,Standard,Credit Card,,7,No
ORD101263,2025-07-17,CUST01587,Consumer,West,Goa,Technology,Phones,Smartphone B,3,340.77,870.33,0.149,129.6,Standard,COD,3.7,6,No
ORD100224,2023-11-18,CUST01039,Consumer,West,Rajasthan,Technology,Laptops,Laptop Pro,8,876.92,7036.43,0.15,849.13,Standard,UPI,4.6,3,No
ORD102194,2025-04-28,CUST01003,Consumer,West,Goa,Office Supplies,Storage,Storage Box,6,198.51,1137.19,0.099,206.76,Standard,UPI,3.2,7,Yes
ORD100374,2023-10-17,CUST01385,Small Business,East,West Bengal,Furniture,Bookcases,Wooden Bookcase,1,777.19,597.57,0.348,30.03,Standard,UPI,3.9,7,No
ORD101825,2025-08-30,CUST01353,Consumer,East,West Bengal,Furniture,Furnishings,Desk Lamp,1,895.33,546.94,0.389,39.37,Standard,COD,3.4,7,Yes
ORD102550,2024-08-29,CUST01367,Corporate,South,Karnataka,Office supplies,Storage,Storage Box,3,153.92,367.77,0.204,70.55,Standard,COD,3.4,7,No
ORD102884,2025-11-04,CUST01454,Small Business,North,Delhi,Office Supplies,Storage,Organizer,1,107.71,111.52,0.123,16.39,Express,UPI,4.6,3,No
ORD102611,2024-08-03,CUST01505,Consumer,East,West Bengal,Technology,Printers,Inkjet Printer,5,1569.44,7506.47,0.043,1439.24,Express,UPI,4.0,3,No
ORD102699,2023-03-19,CUST01067,Corporate,North,Punjab,Technology,Phones,Smartphone C,3,650.39,1666.43,0.194,283.98,Standard,UPI,3.2,8,Yes
ORD100010,2023-07-12,CUST01232,Small Business,South,Tamil Nadu,Technology,Phones,Smartphone C,2,1120.65,1957.17,0.127,227.99,Standard,Net Banking,3.9,8,No
ORD101945,2025-12-26,CUST01057,Corporate,North,Delhi,Furniture,Chairs,Office Chair,4,329.1,1458.24,0.061,311.56,Standard,UPI,3.3,8,No
ORD101839,2024-09-21,CUST01529,Small Business,West,Rajasthan,Furniture,Tables,Conference Table,6,83.08,384.62,0.228,63.63,Standard,COD,4.7,4,No
ORD100709,2024-02-25,CUST01299,Small Business,East,Odisha,Technology,Printers,Laser Printer,6,1061.91,4356.51,0.316,-58.62,Standard,Credit Card,3.4,7,No
ORD100256,2024-07-26,CUST01134,Consumer,North,Uttar Pradesh,Office Supplies,Binders,Ring Binder,1,158.96,136.71,0.14,26.43,Standard,UPI,3.7,7,No
ORD101618,2025-06-15,CUST01488,Consumer,West,Goa,Office Supplies,Storage,Filing Cabinet,5,211.73,987.19,0.068,246.96,Express,UPI,4.0,1,No
ORD100390,2024-05-28,CUST01551,Consumer,North,Punjab,Office Supplies,Paper,Notebooks,5,107.74,479.08,0.161,140.16,Standard,Credit Card,,8,No
ORD101582,2024-10-06,CUST01083,Consumer,South,Karnataka,Furniture,Chairs,Visitor Chair,9,471.31,3689.8,0.263,461.35,Express,Net Banking,5.0,1,No
ORD100925,2023-05-03,CUST01403,Consumer,South,Telangana,Furniture,Furnishings,Desk Lamp,4,197.74,762.18,0.091,161.7,Standard,COD,3.6,8,No
ORD102037,2023-08-12,CUST01320,Consumer,East,Bihar,Technology,Accessories,Keyboard,2,449.97,728.27,0.191,84.11,Standard,Net Banking,4.0,7,No
ORD102416,2023-11-19,CUST01318,Small Business,East,Jharkhand,Technology,Laptops,Laptop Pro,3,539.24,1818.91,0.047,251.17,Standard,Net Banking,4.0,7,No
ORD101225,2025-02-21,CUST01474,Small Business,South,Karnataka,Office Supplies,Paper,Premium Paper,5,110.21,507.03,0.08,121.93,Same Day,UPI,5.0,1,No
ORD101947,2023-02-10,CUST01456,Consumer,South,Telangana,Technology,Accessories,Wireless Mouse,2,1405.3,2116.56,0.247,-14.68,Same Day,UPI,5.0,1,No
ORD100740,2025-03-25,CUST01257,Consumer,East,Jharkhand,Office Supplies,Binders,Ring Binder,4,234.36,788.3,0.207,130.46,Standard,UPI,3.3,6,No
ORD100041,2025-05-20,CUST01251,Small Business,East,West Bengal,Technology,Printers,Laser Printer,2,747.71,1434.32,0.095,168.33,Same Day,UPI,5.0,1,No
ORD100869,2023-01-13,CUST01094,Consumer,East,Odisha,Technology,Printers,Inkjet Printer,7,245.37,1626.16,0.053,213.04,Standard,UPI,4.2,6,No
ORD100540,2023-09-13,CUST01241,Consumer,North,Punjab,Office Supplies,Storage,Organizer,9,179.76,1496.61,0.075,437.92,Standard,UPI,3.4,9,No
ORD102524,2024-05-10,CUST01257,Small Business,West,Gujarat,Technology,Phones,Smartphone B,6,759.54,4482.71,0.072,688.46,Standard,Net Banking,3.4,7,No
ORD101372,2024-03-17,CUST01325,Small Business,North,Delhi,Technology,Laptops,Laptop Air,5,1455.61,7295.39,0.054,987.43,Standard,UPI,2.9,9,No
ORD101146,2025-03-18,CUST01301,Small Business,North,Haryana,Technology,Printers,Laser Printer,2,271.8,466.53,0.19,31.81,Standard,UPI,4.1,5,No
ORD101032,2025-10-31,CUST01384,Consumer,North,Uttar Pradesh,Furniture,Furnishings,Curtains,6,662.88,3644.11,0.224,322.66,Standard,Net Banking,,3,No
ORD100373,2025-01-20,CUST01325,Small Business,West,Maharashtra,Office Supplies,Stationery,Markers,2,180.91,340.96,0.058,104.27,Standard,COD,4.0,4,No
ORD100668,2025-02-18,CUST01015,Consumer,North,Punjab,Office Supplies,Paper,Notebooks,6,383.85,1972.25,0.144,396.17,Standard,UPI,3.4,8,No
ORD100358,2024-11-04,CUST01119,Consumer,South,Andhra Pradesh,Furniture,Tables,Study Table,4,583.25,2428.27,0.118,505.82,Same Day,UPI,4.7,1,Yes
ORD100968,2024-02-17,CUST01279,Small Business,West,Rajasthan,Technology,Laptops,Laptop Air,4,166.02,606.77,0.086,106.16,Standard,Net Banking,4.6,4,No
ORD101354,2024-08-18,CUST01214,Corporate,East,Odisha,Office Supplies,Storage,Organizer,2,342.74,443.57,0.353,28.0,Express,Net Banking,4.3,2,No
ORD101036,2025-12-14,CUST01345,Consumer,South,Karnataka,Furniture,Chairs,Office Chair,1,324.5,348.74,0.089,70.43,Standard,UPI,4.0,7,No
ORD100471,2023-08-18,CUST01030,Corporate,East,Odisha,Technology,Phones,Smartphone B,2,271.89,505.2,0.071,102.92,Standard,UPI,3.2,8,No
ORD101397,2023-10-27,CUST01047,Corporate,West,Rajasthan,Technology,Printers,Laser Printer,2,878.68,6254.36,0.347,-83.9,Standard,COD,4.0,5,No
ORD102635,2025-10-13,CUST01216,Consumer,South,Andhra Pradesh,Furniture,Furnishings,Whiteboard,5,544.29,2481.57,0.227,273.11,Standard,UPI,3.2,8,No
ORD101550,2025-12-29,CUST01549,Consumer,East,Odisha,Office Supplies,Binders,Document Folder,10,134.7,1219.44,0.233,171.3,Standard,Credit Card,3.4,7,No
ORD101257,2024-09-10,CUST01375,Consumer,North,Haryana,Office Supplies,Stationery,Stapler,2,122.72,229.46,0.065,45.79,Standard,Net Banking,3.4,8,No
ORD102095,2023-09-21,CUST01363,Consumer,West,Rajasthan,Office Supplies,Binders,Ring Binder,2,129.08,179.45,0.305,17.89,Standard,Credit Card,3.9,4,Yes
ORD101556,2025-12-31,CUST01531,Corporate,South,Tamil Nadu,Office Supplies,Binders,Ring Binder,3,375.45,1253.63,0.057,297.65,Standard,UPI,3.7,6,No
ORD102603,2025-09-20,CUST01313,Small Business,South,Andhra Pradesh,Furniture,Bookcases,Metal Bookcase,3,434.12,1097.16,0.158,190.91,Standard,UPI,3.8,7,No
ORD101251,2025-10-03,CUST01100,Consumer,West,Rajasthan,Furniture,Bookcases,Metal Bookcase,2,607.6,1271.48,0.113,195.09,Same Day,Net Banking,5.0,1,No
ORD101700,2025-09-02,CUST01505,Consumer,East,West Bengal,Furniture,Chairs,Visitor Chair,2,532.38,885.99,0.168,168.93,Standard,Net Banking,4.2,6,No
ORD101253,2025-05-11,CUST01040,Consumer,South,Andhra Pradesh,Technology,Laptops,Business Laptop,1,205.25,184.85,0.15,15.67,Standard,Credit Card,4.7,6,No
ORD102795,2024-06-03,CUST01022,Corporate,South,Telangana,Technology,Laptops,Business Laptop,4,1051.79,3575.29,0.15,457.04,Standard,Credit Card,3.2,8,No
ORD100080,2024-07-31,CUST01011,Small Business,West,Maharashtra,Furniture,Furnishings,Curtains,3,476.56,1003.96,0.298,113.23,Standard,Credit Card,4.5,3,No
ORD101173,2024-08-21,CUST01241,Small Business,South,Telangana,Technology,Laptops,Business Laptop,9,477.02,3680.5,0.143,299.02,Standard,Net Banking,3.6,8,No
ORD100815,2025-11-27,CUST01322,Consumer,South,Karnataka,Furniture,Chairs,Visitor Chair,4,204.85,761.22,,121.96,Standard,Credit Card,4.2,7,No
ORD101853,2025-02-11,CUST01241,Corporate,South,Tamil Nadu,Office Supplies,Binders,File Folder,1,138.62,111.22,0.198,18.84,Standard,credit card,3.6,8,No
ORD102221,2024-08-02,CUST01058,Small Business,West,Maharashtra,Technology,Accessories,Keyboard,1,309.65,287.51,0.071,67.04,Standard,Credit Card,3.5,8,Yes
ORD102643,2024-04-05,CUST01388,Consumer,East,Odisha,Furniture,Bookcases,Wooden Bookcase,4,485.97,1868.61,0.093,257.19,Express,COD,4.8,2,No
ORD102106,2024-09-02,CUST01482,Consumer,South,Andhra Pradesh,Office Supplies,Storage,Organizer,4,81.31,196.92,0.395,9.96,Standard,Credit Card,3.2,6,No
ORD100134,2024-05-29,CUST01572,Consumer,South,Tamil Nadu,Furniture,Chairs,Ergonomic Chair,2,258.63,492.04,0.103,85.61,Standard,UPI,3.5,6,No
ORD101141,2025-10-05,CUST01437,Small Business,South,Tamil Nadu,Office Supplies,Storage,Storage Box,5,252.49,973.1,0.347,45.45,Standard,Credit Card,3.4,5,No
ORD100934,2025-03-27,CUST01404,Corporate,North,Uttar Pradesh,Office Supplies,Paper,Premium Paper,2,274.94,372.44,0.361,49.23,Standard,Net Banking,3.7,8,No
ORD100929,2023-04-14,CUST01166,Small Business,South,Telangana,Furniture,Chairs,Visitor Chair,1,689.73,573.92,0.215,18.12,Standard,UPI,2.8,8,No
ORD100824,2024-07-16,CUST01547,Consumer,South,Andhra Pradesh,Technology,Printers,Inkjet Printer,6,438.05,2499.15,0.049,409.49,Standard,Net Banking,3.6,6,No
ORD101532,2025-08-07,CUST01336,Small Business,South,Telangana,Technology,Accessories,Headset,5,535.25,1996.35,0.254,209.31,Standard,UPI,3.9,3,Yes
ORD101215,2024-08-16,CUST01509,Small Business,South,,Technology,Printers,Laser Printer,1,1356.57,1130.08,0.167,73.35,Express,UPI,3.6,3,No
ORD100505,2024-08-27,CUST01532,Consumer,South,Andhra Pradesh,Office Supplies,Binders,Ring Binder,7,192.46,1128.23,0.163,242.81,Standard,Credit Card,4.0,6,No
ORD102980,2025-03-10,CUST01502,Corporate,North,Uttar Pradesh,Office Supplies,Binders,File Folder,7,100.52,585.81,0.215,97.96,Standard,COD,4.0,5,No
ORD102396,2025-04-21,CUST01389,Corporate,South,Andhra Pradesh,Technology,Laptops,Laptop Pro,10,478.34,4492.3,0.114,388.54,Express,COD,4.3,2,No
ORD101997,2023-01-05,CUST01074,Consumer,East,Odisha,Technology,Printers,Inkjet Printer,1,432.43,405.74,0.062,38.88,Standard,UPI,4.1,6,No
ORD101959,2023-09-23,CUST01020,Small Business,East,Jharkhand,Furniture,Tables,Study Table,3,1117.87,2789.93,0.168,398.72,Express,UPI,4.2,2,No
ORD101385,2023-05-12,CUST01532,Consumer,North,Haryana,Furniture,Furnishings,Whiteboard,1,278.49,268.5,0.09,53.04,Standard,UPI,3.6,8,No
ORD100895,2023-03-26,CUST01194,Consumer,East,Jharkhand,Office Supplies,Storage,Filing Cabinet,9,134.91,960.83,0.253,118.08,Standard,Credit Card,4.2,6,No
ORD100829,2024-04-16,CUST01234,Small Business,South,Andhra Pradesh,Technology,Phones,Smartphone C,3,2563.83,6046.59,0.258,352.47,Standard,UPI,4.1,7,No
ORD102935,2025-12-26,CUST01041,Consumer,East,West Bengal,Office Supplies,Storage,Storage Box,1,188.45,192.95,0.132,46.32,Standard,UPI,4.8,3,No
ORD101684,2023-02-04,CUST01429,Consumer,North,Uttar Pradesh,Technology,Phones,Smartphone A,4,651.33,2580.01,0.01,604.72,Express,UPI,4.3,4,No
ORD102588,2023-03-10,CUST01102,Corporate,South,Tamil Nadu,Office Supplies,Binders,File Folder,5,154.34,749.44,0.084,204.84,Standard,UPI,3.9,-1,No
ORD102572,2023-09-19,CUST01475,Corporate,West,Rajasthan,Furniture,Tables,Study Table,7,466.49,2649.21,0.189,395.83,Standard,Credit Card,4.5,3,No
ORD102526,2024-09-11,CUST01244,Corporate,North,Haryana,Furniture,Tables,Conference Table,6,320.54,1570.88,0.183,312.14,Standard,UPI,4.8,3,No
ORD100653,2025-10-31,CUST01285,Consumer,West,Gujarat,Office Supplies,Stationery,Labels,3,169.75,518.26,0.138,152.77,Express,Net Banking,4.7,1,No
ORD100173,2023-01-02,CUST01426,Corporate,North,Delhi,Furniture,Bookcases,Wooden Bookcase,1,259.8,203.38,0.217,22.97,Standard,Net Banking,3.7,5,No
ORD100039,2023-08-22,CUST01186,Consumer,West,Gujarat,Furniture,Chairs,Visitor Chair,2,309.33,572.09,0.075,94.79,Standard,Net Banking,4.2,3,No
ORD102875,2024-05-12,CUST01230,Corporate,West,Goa,Office Supplies,Paper,A4 Paper,1,313.93,226.17,0.32,13.02,Standard,Credit Card,3.6,6,No
ORD100714,2024-06-21,CUST01311,Consumer,West,Maharashtra,Furniture,Furnishings,Desk Lamp,3,342.06,988.04,0.037,310.71,Standard,Net Banking,4.7,4,No
ORD100091,2025-01-09,CUST01520,Consumer,South,Karnataka,Furniture,Chairs,Ergonomic Chair,7,355.54,2317.02,0.069,516.83,Standard,UPI,2.3,7,Yes
ORD102970,2025-08-04,CUST01471,Consumer,East,Odisha,Furniture,Bookcases,Metal Bookcase,4,597.45,2174.76,0.09,430.41,Standard,UPI,3.4,8,No
ORD101206,2025-11-08,CUST01091,Corporate,West,Goa,Furniture,Bookcases,Wooden Bookcase,3,236.16,657.14,0.214,57.14,Express,UPI,3.9,1,No
ORD102769,2024-05-28,CUST01145,Consumer,South,Tamil Nadu,Technology,Phones,Smartphone B,1,589.78,524.27,0.161,25.79,Standard,Net Banking,3.7,8,No
ORD101828,2024-05-20,CUST01134,Consumer,South,Telangana,Furniture,Chairs,Ergonomic Chair,5,839.86,3346.83,0.248,272.86,Standard,Net Banking,4.1,7,No
ORD101156,2023-02-10,CUST01203,Consumer,West,Rajasthan,Technology,Accessories,Keyboard,2,969.35,1798.17,0.072,446.78,Standard,COD,3.5,6,No
ORD101325,2025-07-30,CUST01105,Small Business,North,Punjab,Technology,Accessories,Headset,4,374.27,1229.56,0.179,195.53,Standard,UPI,4.1,4,No
ORD100217,2025-04-16,CUST01376,Consumer,North,Punjab,Technology,Phones,Smartphone B,3,737.46,1974.54,0.158,142.83,Same Day,COD,5.0,1,No
ORD100511,2023-04-28,CUST01550,Small Business,South,Tamil Nadu,Office Supplies,Binders,Document Folder,6,253.65,1421.39,0.119,281.39,Express,COD,4.2,3,No
ORD101681,2023-08-25,CUST01417,Corporate,East,West Bengal,Furniture,Tables,Study Table,4,386.66,1135.26,0.266,166.12,Standard,COD,3.6,6,No
ORD100500,2024-03-04,CUST01579,Consumer,West,Goa,Technology,Phones,Smartphone C,3,1198.56,3460.2,0.092,452.69,Standard,Credit Card,3.4,8,No
ORD102624,2024-02-03,CUST01568,Corporate,South,Telangana,Furniture,Chairs,Visitor Chair,1,257.48,197.2,0.234,25.29,Standard,COD,4.6,7,No
ORD101857,2025-10-23,CUST01259,Corporate,North,Delhi,Furniture,Tables,Study Table,4,200.89,705.29,0.256,85.22,Standard,Credit Card,3.6,5,No
ORD101389,2024-10-20,CUST01386,Small Business,East,Jharkhand,Furniture,Furnishings,Whiteboard,3,840.37,2493.83,0.162,635.88,Same Day,COD,5.0,1,No
ORD101520,2024-11-27,CUST01147,Consumer,East,Odisha,Furniture,Tables,Conference Table,7,454.14,3430.72,0.085,413.24,Standard,UPI,2.8,-1,No
ORD102387,2023-05-31,CUST01130,Corporate,South,Tamil Nadu,Office Supplies,Stationery,Labels,4,103.98,387.49,0.121,99.37,Express,Net Banking,4.1,2,No
ORD102736,2025-12-02,CUST01407,Consumer,West,,Technology,Phones,Smartphone C,4,581.0,2554.53,0.068,413.78,Standard,UPI,3.3,8,No
ORD102077,2024-03-31,CUST01372,Corporate,West,Goa,Furniture,Tables,Conference Table,4,186.13,721.65,0.086,114.16,Standard,Credit Card,4.2,5,No
ORD101541,2025-06-03,CUST01263,Corporate,West,Maharashtra,Office Supplies,Binders,File Folder,1,141.72,113.96,0.196,28.39,Express,Credit Card,4.6,3,No
ORD101218,2023-09-07,CUST01137,Corporate,West,Maharashtra,Technology,Printers,Laser Printer,2,1210.52,2194.92,0.093,450.88,Standard,Credit Card,3.1,7,No
ORD101417,2024-07-21,CUST01307,Small Business,West,Rajasthan,Office Supplies,Binders,File Folder,1,210.47,183.36,0.129,28.62,Express,Credit Card,4.5,2,No
ORD102218,2025-09-30,CUST01218,Consumer,South,Tamil Nadu,Furniture,Bookcases,Wooden Bookcase,2,558.19,909.91,0.185,119.04,Express,Credit Card,4.5,2,No
ORD102532,2025-06-19,CUST01186,Consumer,North,Haryana,Office Supplies,Stationery,Labels,3,195.67,561.56,0.043,156.57,Standard,UPI,3.6,8,No
ORD101677,2023-07-26,CUST01350,Corporate,West,Goa,Office Supplies,Stationery,Pens,2,327.86,489.21,0.254,67.68,Standard,Net Banking,2.3,8,No
ORD101198,2023-07-04,CUST01184,Corporate,South,Andhra Pradesh,Office Supplies,Storage,Filing Cabinet,4,113.12,410.18,0.093,103.51,Standard,Net Banking,4.0,4,No
ORD101543,2024-06-02,CUST01040,Consumer,East,Jharkhand,Office Supplies,Binders,Ring Binder,3,324.95,934.69,0.041,170.83,Standard,Credit Card,4.3,4,No
ORD100954,2024-01-11,CUST01175,Corporate,East,West Bengal,Furniture,Bookcases,Metal Bookcase,2,196.04,1507.01,0.336,75.49,Express,COD,3.7,3,No
ORD100751,2024-12-19,CUST01177,Consumer,North,Delhi,Furniture,Tables,Study Table,1,230.74,230.06,0.155,29.94,Standard,Credit Card,4.0,3,No
ORD100235,2024-05-08,CUST01368,Consumer,East,West Bengal,Office Supplies,Binders,Ring Binder,8,278.75,2203.93,0.068,799.48,Standard,COD,4.0,5,No
ORD100733,2024-12-10,CUST01178,Corporate,North,Punjab,Office Supplies,Storage,Organizer,3,186.57,593.07,0.102,133.65,Standard,UPI,4.7,3,No
ORD102417,2025-09-22,CUST01158,Corporate,North,Haryana,Furniture,Furnishings,Desk Lamp,6,272.49,1518.85,0.071,281.28,Standard,COD,3.8,8,Yes
ORD101157,2024-09-11,CUST01550,Consumer,South,Telangana,Office Supplies,Binders,Ring Binder,4,152.68,580.57,0.049,156.77,Standard,Credit Card,3.3,6,No
ORD102587,2024-02-03,CUST01422,Small Business,East,Bihar,Furniture,Chairs,Office Chair,4,555.83,1927.17,0.133,337.77,Standard,COD,4.3,6,No
ORD102446,2025-02-06,CUST01082,Consumer,East,Jharkhand,Furniture,Tables,Work Desk,2,312.52,533.78,0.146,52.16,Express,Credit Card,3.0,3,No
ORD101210,2025-02-05,CUST01113,Small Business,West,Gujarat,Technology,Printers,Inkjet Printer,3,1087.59,2838.9,0.13,472.5,Same Day,UPI,4.6,1,No
ORD101066,2024-04-11,CUST01109,Small Business,East,West Bengal,Technology,Laptops,Laptop Air,4,795.78,2900.83,0.14,355.45,Standard,UPI,2.7,8,No
ORD102157,2023-04-19,CUST01280,Consumer,West,Maharashtra,Office Supplies,Stationery,Pens,4,162.13,571.38,0.169,82.92,Express,UPI,4.2,3,No
ORD101063,2024-05-26,CUST01241,Corporate,East,Odisha,Technology,Printers,Inkjet Printer,4,1024.38,3661.86,0.157,616.03,Standard,UPI,4.1,3,No
ORD101168,2025-07-07,CUST01373,Corporate,East,Odisha,Furniture,Chairs,Ergonomic Chair,8,673.19,3790.52,0.296,82.5,Standard,COD,4.0,5,No
ORD101493,2025-11-07,CUST01512,Consumer,South,Andhra Pradesh,Technology,Laptops,Laptop Air,4,1189.06,4725.34,0.158,598.13,Same Day,COD,4.6,1,No
ORD102487,2024-12-27,CUST01114,Corporate,South,Andhra Pradesh,Office Supplies,Paper,A4 Paper,3,152.37,391.29,0.275,30.76,Standard,COD,4.3,3,Yes
ORD100885,2024-12-03,CUST01054,Corporate,North,Haryana,Technology,Laptops,Laptop Air,1,2485.3,2487.51,0.152,306.09,Standard,COD,3.7,8,No
ORD100144,2024-07-22,CUST01167,Consumer,West,Rajasthan,Office Supplies,Stationery,Stapler,2,131.9,189.53,0.282,21.66,Standard,Net Banking,2.4,8,No
ORD102957,2025-01-10,CUST01523,Consumer,East,West Bengal,Office Supplies,Storage,Storage Box,6,260.89,1323.81,0.154,334.57,Standard,Net Banking,3.8,5,No
ORD100851,2023-12-23,CUST01272,Corporate,West,Maharashtra,Furniture,Tables,Conference Table,2,822.71,1699.02,0.125,286.78,Express,Net Banking,4.4,1,No
ORD100718,2025-10-14,CUST01468,Consumer,North,Haryana,Technology,Phones,Smartphone B,5,920.79,4117.84,0.242,366.77,Express,Credit Card,4.4,1,Yes
ORD102857,2024-03-12,CUST01460,Corporate,East,Odisha,Technology,Laptops,Laptop Pro,1,1394.09,931.44,0.37,25.4,Express,UPI,4.5,3,No
ORD100265,2023-10-16,CUST01374,Corporate,East,Odisha,Technology,Accessories,Wireless Mouse,3,772.25,2161.19,0.209,134.97,Standard,Net Banking,3.9,3,No
ORD100076,2025-08-06,CUST01293,Corporate,South,Telangana,Technology,Phones,Smartphone B,2,743.22,1341.19,0.098,229.28,Standard,UPI,3.8,4,No
ORD100396,2023-03-29,CUST01290,Corporate,North,Uttar Pradesh,Office Supplies,Stationery,Stapler,2,83.87,133.91,0.247,19.61,Standard,UPI,3.1,5,No
ORD102985,2024-04-02,CUST01106,Consumer,West,Gujarat,Furniture,Chairs,Office Chair,9,641.51,5361.58,0.124,1022.11,Same Day,UPI,4.6,1,No
ORD102225,2023-10-18,CUST01146,Consumer,West,Rajasthan,Furniture,Bookcases,Wooden Bookcase,2,518.0,985.3,0.194,129.92,Same Day,COD,4.8,1,No
ORD102814,2024-09-11,CUST01580,Consumer,West,Maharashtra,Furniture,Chairs,Office Chair,9,302.88,1921.87,0.295,156.2,Same Day,COD,4.2,1,No
ORD100397,2023-05-19,CUST01097,Corporate,South,Andhra Pradesh,Furniture,Chairs,Ergonomic Chair,1,842.1,705.42,0.21,88.12,Same Day,UPI,4.2,1,No
ORD101366,2023-12-06,CUST01466,Consumer,North,,Technology,Laptops,Business Laptop,1,1126.14,1069.69,0.195,26.81,Express,UPI,4.2,2,No
ORD102514,2023-08-02,CUST01354,Corporate,West,Maharashtra,Office Supplies,Binders,File Folder,9,104.49,864.85,0.08,172.21,Standard,UPI,3.8,4,No
ORD101904,2023-12-13,CUST01384,Small Business,South,Andhra Pradesh,Furniture,Bookcases,Wooden Bookcase,5,337.5,1815.67,0.088,515.86,Express,Credit Card,4.0,2,No
ORD100596,2025-08-29,CUST01357,Consumer,South,Andhra Pradesh,Technology,Laptops,Business Laptop,1,594.95,527.87,0.113,80.48,Standard,UPI,3.3,7,No
ORD102110,2025-07-29,CUST01566,Consumer,North,Punjab,Technology,Printers,Inkjet Printer,2,2745.13,3822.04,0.304,61.04,Standard,UPI,3.4,8,No
ORD101297,2023-09-01,CUST01549,Corporate,West,Rajasthan,Technology,Printers,Inkjet Printer,2,643.6,1128.56,0.123,152.86,Standard,UPI,3.7,7,No
ORD101822,2024-12-03,CUST01314,Small Business,East,West Bengal,Office Supplies,Storage,Organizer,10,161.06,1603.14,0.156,377.24,Same Day,COD,4.9,1,No
ORD100873,2024-09-22,CUST01085,Corporate,West,Maharashtra,Technology,Laptops,Business Laptop,1,473.56,429.1,0.094,76.14,Same Day,Net Banking,4.1,1,No
ORD102926,2024-04-05,CUST01510,Corporate,East,Bihar,Furniture,Tables,Study Table,3,207.73,505.51,0.235,36.85,Standard,COD,3.2,7,No
ORD102327,2023-04-04,CUST01094,Consumer,South,Karnataka,Office Supplies,Stationery,Stapler,2,44.02,86.07,0.078,19.77,Same Day,UPI,4.5,1,No
ORD101549,2023-02-20,CUST01441,Small Business,North,Punjab,Technology,Accessories,Wireless Mouse,1,832.92,733.64,0.119,173.69,Express,UPI,4.7,4,No
ORD100037,2025-07-04,CUST01258,Corporate,West,Goa,Office Supplies,Storage,Storage Box,8,236.61,1641.89,0.133,366.35,Express,Credit Card,4.6,3,No
ORD102540,2025-01-09,CUST01049,Consumer,East,Bihar,Technology,Phones,Smartphone B,3,740.03,1991.29,0.103,151.44,Express,Credit Card,4.4,2,No
ORD102144,2025-09-28,CUST01552,Small Business,East,West Bengal,Furniture,Furnishings,Desk Lamp,5,501.24,2217.92,0.115,227.9,Standard,UPI,4.4,4,No
ORD102570,2025-04-18,CUST01505,Consumer,West,Gujarat,Furniture,Bookcases,Metal Bookcase,1,561.67,569.24,0.044,105.59,Standard,Credit Card,3.7,8,No
ORD100978,2024-11-20,CUST01045,Corporate,East,Odisha,Technology,Accessories,Headset,3,345.73,1045.8,0.145,190.9,Same Day,Net Banking,4.9,1,No
ORD101572,2023-06-10,CUST01397,Consumer,West,Rajasthan,Technology,Laptops,Laptop Air,3,422.65,1090.25,0.14,139.77,Express,UPI,4.5,1,Yes
ORD101123,2025-07-23,CUST01227,Consumer,East,West Bengal,Technology,Phones,Smartphone A,3,1715.62,3551.31,0.31,334.01,Same Day,Net Banking,4.0,2,No
ORD102240,2023-06-16,CUST01224,Consumer,East,West Bengal,Office Supplies,Storage,Storage Box,6,178.87,1028.27,0.042,342.95,Same Day,Credit Card,4.2,1,No
ORD102505,2025-08-13,CUST01584,Consumer,West,Goa,Office Supplies,Stationery,Stapler,5,83.43,379.34,0.091,60.43,Standard,COD,4.0,5,No
ORD101893,2024-07-08,CUST01205,Consumer,North,Haryana,Office Supplies,Binders,Ring Binder,2,118.87,211.42,0.111,59.74,Standard,Credit Card,3.5,7,No
ORD100676,2025-10-27,CUST01075,Consumer,West,Maharashtra,Technology,Printers,Laser Printer,5,881.21,4240.24,0.184,454.29,Standard,UPI,3.7,8,No
ORD100729,2025-12-05,CUST01332,Small Business,West,Goa,Technology,Printers,Inkjet Printer,6,529.1,3547.95,0.053,568.49,Same Day,COD,4.6,1,No
ORD100413,2023-04-24,CUST01440,Small Business,East,West Bengal,Furniture,Chairs,Ergonomic Chair,10,682.2,6631.47,0.083,764.78,Standard,UPI,4.1,7,No
ORD101517,2025-02-24,CUST01132,Small Business,South,Andhra Pradesh,Office Supplies,Paper,A4 Paper,3,177.2,506.56,0.047,157.13,Standard,Credit Card,3.2,8,No
ORD101650,2023-07-16,CUST01262,Corporate,South,Andhra Pradesh,Technology,Phones,Smartphone B,2,499.95,704.54,0.295,-37.9,Standard,Net Banking,3.3,5,No
ORD100826,2023-04-10,CUST01502,Consumer,East,Bihar,Office Supplies,Storage,Filing Cabinet,1,170.4,170.16,0.058,42.79,Standard,UPI,3.3,8,No
ORD100617,2023-06-04,CUST01481,Corporate,East,Odisha,Office Supplies,Paper,Notebooks,4,467.93,1435.01,0.233,226.14,Same Day,Net Banking,4.3,2,No
ORD100115,2023-03-26,CUST01005,Small Business,North,Delhi,Office Supplies,Binders,Ring Binder,2,232.82,398.5,0.193,52.01,Standard,UPI,4.2,6,No
ORD100418,2025-12-25,CUST01483,Consumer,East,Bihar,Office Supplies,Binders,File Folder,4,137.68,580.3,0.107,109.1,Standard,UPI,3.7,5,Yes
ORD101626,2024-07-16,CUST01541,Consumer,West,Goa,Technology,Phones,Smartphone B,3,668.01,1286.6,0.358,58.94,Standard,UPI,4.2,4,No
ORD102954,2023-08-30,CUST01379,Corporate,South,Telangana,Furniture,Chairs,Visitor Chair,2,202.44,299.94,0.259,18.96,Express,Net Banking,4.7,3,No
ORD100090,2023-07-10,CUST01303,Small Business,West,Gujarat,Technology,Laptops,Laptop Air,9,421.87,3048.79,0.197,16.07,Standard,UPI,4.0,5,No
ORD102083,2024-08-29,CUST01025,Consumer,North,Uttar Pradesh,Technology,Phones,Smartphone C,8,516.92,3042.97,0.264,57.82,Standard,Net Banking,3.2,8,No
ORD100754,2025-09-13,CUST01239,Corporate,West,Gujarat,Office Supplies,Stationery,Markers,7,96.7,610.55,0.098,170.22,Standard,UPI,4.2,4,No
ORD101631,2025-01-10,CUST01115,Small Business,West,Rajasthan,Office Supplies,Storage,Organizer,3,132.81,307.67,0.228,64.27,Standard,UPI,3.8,7,No
ORD100012,2025-06-09,CUST01362,Consumer,South,Tamil Nadu,Technology,Phones,Smartphone A,1,268.48,222.52,0.171,28.95,Standard,Net Banking,4.0,5,No
ORD102445,2025-03-30,CUST01037,Consumer,West,Goa,Office Supplies,Storage,Organizer,7,205.21,1486.96,0.023,456.55,Standard,Net Banking,3.8,3,No
ORD100285,2023-01-05,CUST01230,Corporate,South,Telangana,Technology,Laptops,Laptop Pro,4,1748.1,5884.05,0.159,635.69,Standard,UPI,4.5,5,No
ORD101067,2025-04-16,CUST01179,Corporate,South,Telangana,Furniture,Bookcases,Metal Bookcase,1,1271.87,996.36,0.261,82.26,Express,Credit Card,4.0,1,No
ORD101192,2023-05-08,CUST01507,Corporate,North,Haryana,Technology,Accessories,USB Hub,1,2609.16,2421.39,0.124,420.64,Express,COD,4.2,2,No
ORD101441,2023-08-08,CUST01018,Consumer,East,West Bengal,Technology,Accessories,USB Hub,4,709.24,2250.05,0.207,116.64,Standard,Credit Card,3.2,5,Yes
ORD102816,2023-08-30,CUST01245,Consumer,West,Maharashtra,Furniture,Furnishings,Desk Lamp,2,410.7,752.32,0.084,185.29,Standard,UPI,4.2,4,No
ORD102882,2025-10-31,CUST01317,Consumer,West,Goa,Technology,Laptops,Business Laptop,7,662.07,3898.54,0.287,152.4,Standard,UPI,3.9,3,No
ORD102725,2023-12-21,CUST01066,Small Business,East,West Bengal,Technology,Laptops,Laptop Air,2,1130.09,2568.95,0.037,369.46,Same Day,COD,4.8,1,No
ORD101569,2025-05-31,CUST01118,Consumer,North,Uttar Pradesh,Furniture,Bookcases,Metal Bookcase,1,612.08,620.42,0.044,121.9,Same Day,UPI,4.1,2,Yes
ORD102428,2023-09-04,CUST01395,Corporate,West,Maharashtra,Technology,Laptops,Laptop Air,7,980.37,6026.42,0.122,1131.28,Standard,Net Banking,4.3,7,No
ORD102591,2025-08-25,CUST01551,Corporate,North,Haryana,Technology,Phones,Smartphone C,5,702.78,3161.51,0.1,427.27,Express,COD,4.8,2,No
ORD101688,2025-03-16,CUST01369,Corporate,East,West Bengal,Furniture,Bookcases,Metal Bookcase,5,979.25,4389.64,0.154,403.36,Standard,Credit Card,3.7,4,No
ORD100852,2023-04-19,CUST01384,Consumer,South,Karnataka,Furniture,Furnishings,Desk Lamp,6,1291.51,7541.18,0.082,1443.99,Same Day,Net Banking,4.9,1,No
ORD102208,2025-12-24,CUST01492,Consumer,South,Karnataka,Technology,Printers,Laser Printer,4,2406.54,9466.34,0.167,1791.27,Standard,COD,4.2,4,No
ORD100896,2025-08-22,CUST01308,Small Business,North,Punjab,Furniture,Furnishings,Whiteboard,7,184.86,967.53,0.252,78.79,Standard,Net Banking,3.2,7,No
ORD100497,2024-01-07,CUST01308,Small Business,South,Karnataka,Technology,Accessories,Headset,7,1525.75,8682.1,0.187,420.75,Standard,Credit Card,4.5,4,No
ORD102306,2023-08-09,CUST01049,Consumer,South,Andhra Pradesh,Furniture,Tables,Work Desk,1,152.5,149.44,0.02,40.23,Standard,Net Banking,3.8,4,No
ORD101783,2025-12-30,CUST01295,Corporate,East,Odisha,Technology,Accessories,Keyboard,1,1446.94,1335.67,0.218,147.67,Standard,Credit Card,3.4,7,No
ORD100336,2025-04-16,CUST01016,Small Business,South,Tamil Nadu,Technology,Phones,Smartphone C,2,415.2,723.22,0.178,55.3,Standard,COD,3.9,7,No
ORD100516,2023-07-24,CUST01329,Consumer,South,Tamil Nadu,Technology,Laptops,Laptop Air,7,666.01,3488.4,0.252,146.73,Standard,COD,4.3,5,No
ORD101349,2024-06-08,CUST01466,Consumer,South,Karnataka,Furniture,Tables,Conference Table,0,517.48,2712.23,0.126,597.22,Standard,UPI,4.2,4,No
ORD101016,2023-06-23,CUST01434,Corporate,West,Maharashtra,Office Supplies,Binders,Ring Binder,5,332.18,1569.2,0.055,459.43,Standard,COD,4.0,3,No
ORD102823,2024-10-31,CUST01302,Consumer,West,Gujarat,Technology,Accessories,Keyboard,1,213.5,212.16,0.158,25.49,Same Day,COD,4.7,1,No
ORD102818,2023-09-19,CUST01459,Small Business,North,Punjab,Office Supplies,Paper,Premium Paper,7,57.0,316.55,0.207,58.41,Standard,UPI,3.3,8,Yes
ORD101782,2023-08-06,CUST01254,Consumer,East,Bihar,Furniture,Tables,Work Desk,1,267.35,241.35,0.097,40.68,Standard,COD,3.2,5,No
ORD101786,2023-03-22,CUST01263,Consumer,North,Uttar Pradesh,Technology,Accessories,Keyboard,3,869.93,2115.71,0.235,128.69,Standard,UPI,3.2,9,No
ORD102071,2024-12-30,CUST01561,Small Business,North,Punjab,Technology,Phones,Smartphone A,4,886.81,3299.63,0.212,192.23,Standard,COD,4.2,3,No
ORD100357,2023-03-19,CUST01589,Consumer,North,Haryana,Office Supplies,Storage,Filing Cabinet,2,294.57,546.77,0.124,93.18,Express,UPI,4.4,1,No
ORD102867,2024-11-23,CUST01097,Consumer,North,Uttar Pradesh,Office Supplies,Stationery,Markers,5,235.13,1075.62,0.225,179.31,Express,Credit Card,4.2,2,No
ORD101313,2025-12-31,CUST01444,Consumer,East,West Bengal,Technology,Laptops,Laptop Pro,5,1231.0,7155.36,0.015,1250.51,Express,UPI,4.3,3,No
ORD101636,2024-10-25,CUST01422,Corporate,East,Bihar,Office Supplies,Storage,Organizer,3,268.14,830.41,0.125,164.89,Standard,Credit Card,4.4,6,No
ORD100551,2025-11-16,CUST01374,Small Business,North,Delhi,Furniture,Tables,Conference Table,6,322.95,1865.7,0.184,187.27,Standard,Net Banking,4.5,5,No
ORD102389,2025-09-26,CUST01016,Consumer,North,Punjab,Furniture,Chairs,Visitor Chair,2,300.6,500.1,0.168,123.36,Standard,UPI,3.2,9,No
ORD102480,2023-09-19,CUST01188,Corporate,North,Uttar Pradesh,Office Supplies,Stationery,Markers,1,151.36,136.51,0.098,29.72,Standard,COD,3.7,4,Yes
ORD102522,2023-10-27,CUST01555,Small Business,South,Tamil Nadu,Office Supplies,Binders,Ring Binder,3,208.21,545.29,0.26,125.83,Express,Credit Card,4.3,3,Yes
ORD102266,2023-10-16,CUST01354,Small Business,South,Andhra Pradesh,Furniture,Chairs,Visitor Chair,2,995.44,1835.66,0.219,233.11,Standard,UPI,4.4,3,No
ORD101228,2024-01-07,CUST01098,Consumer,South,Tamil Nadu,Technology,Printers,Inkjet Printer,6,1674.25,9141.71,0.09,1170.73,Standard,UPI,3.5,8,No
ORD102695,2024-02-03,CUST01285,Small Business,North,Uttar Pradesh,Office Supplies,Binders,Document Folder,2,140.16,246.39,0.121,33.94,Standard,Net Banking,3.6,8,No
ORD100958,2024-05-28,CUST01553,Corporate,South,Andhra Pradesh,Furniture,Furnishings,Desk Lamp,1,230.38,212.69,0.129,37.86,Standard,COD,3.3,6,No
ORD101774,2025-02-17,CUST01443,Small Business,South,Tamil Nadu,Technology,Accessories,Headset,2,1761.87,3028.22,0.141,296.85,Standard,UPI,3.3,7,No
ORD102142,2025-09-29,CUST01288,Corporate,West,Maharashtra,Technology,Accessories,Keyboard,4,462.02,1326.97,0.282,69.27,Standard,UPI,2.9,7,No
ORD101009,2023-07-13,CUST01069,Consumer,West,Gujarat,Office Supplies,Paper,Notebooks,3,513.92,1447.1,,495.16,Standard,UPI,4.0,6,No
ORD101093,2023-12-25,CUST01238,Consumer,North,Delhi,Technology,Printers,Laser Printer,2,451.04,1004.11,0.057,130.62,Same Day,Credit Card,4.5,2,No
ORD102689,2025-08-11,CUST01260,Corporate,South,Telangana,Furniture,Tables,Work Desk,1,1125.2,786.32,0.301,36.91,Standard,COD,3.3,4,No
ORD100997,2023-08-08,CUST01460,Small Business,East,West Bengal,Technology,Laptops,Laptop Air,5,438.14,1645.36,0.249,119.58,Standard,COD,3.9,5,No
ORD101680,2023-08-04,CUST01324,Small Business,South,Tamil Nadu,Technology,Phones,Smartphone B,2,263.54,484.02,0.082,99.27,Standard,Credit Card,3.3,3,No
ORD100154,2024-10-30,CUST01056,Corporate,East,West Bengal,Furniture,Furnishings,Curtains,2,293.68,613.79,0.114,100.42,Standard,Credit Card,3.5,9,Yes
ORD102864,2023-08-07,CUST01396,Corporate,North,Punjab,Furniture,Bookcases,Metal Bookcase,1,155.69,129.79,0.166,13.19,Standard,Credit Card,4.1,3,Yes
ORD100581,2024-11-20,CUST01331,Corporate,West,Maharashtra,Technology,Accessories,Headset,4,503.54,2161.25,0.091,394.56,Standard,UPI,3.5,5,No
ORD101471,2023-08-01,CUST01358,Consumer,South,Karnataka,Technology,Phones,Smartphone B,4,1736.26,6518.35,0.061,1128.0,Standard,UPI,4.2,3,No
ORD100704,2024-05-22,CUST01231,Consumer,West,Rajasthan,Office Supplies,Binders,Ring Binder,1,81.54,78.27,0.095,19.31,Same Day,UPI,4.6,1,No
ORD101213,2023-01-26,CUST01235,Consumer,North,Uttar Pradesh,Office Supplies,Stationery,Pens,1,146.33,117.95,0.194,20.44,Standard,UPI,3.6,8,No
ORD100897,2024-05-20,CUST01591,Corporate,East,Bihar,Office Supplies,Paper,Notebooks,7,53.29,289.63,0.268,27.2,Express,UPI,4.3,3,Yes
ORD100488,2023-04-27,CUST01501,Consumer,South,Tamil Nadu,Furniture,Chairs,Ergonomic Chair,1,970.04,752.1,0.269,56.17,Standard,Net Banking,4.1,7,No
ORD100560,2024-04-08,CUST01166,Consumer,West,Maharashtra,Furniture,Furnishings,Whiteboard,1,370.58,311.19,0.208,41.42,Same Day,COD,4.4,1,No
ORD101142,2024-12-21,CUST01052,Small Business,North,Haryana,Office Supplies,Stationery,Markers,4,83.0,326.61,0.166,52.04,Standard,Credit Card,3.8,8,No
ORD101120,2025-05-08,CUST01427,Consumer,North,Delhi,Technology,Laptops,Laptop Air,2,871.31,1512.29,0.181,165.95,Express,COD,4.5,2,No
ORD100513,2025-02-09,CUST01434,Consumer,North,Punjab,Office Supplies,Stationery,Markers,1,135.43,128.62,0.05,30.32,Standard,Credit Card,3.3,8,Yes
ORD100634,2025-12-07,CUST01376,Corporate,West,Rajasthan,Furniture,Furnishings,Curtains,5,622.38,2901.15,0.21,449.19,Standard,Credit Card,4.0,7,No
ORD102598,2024-10-15,CUST01422,Consumer,North,Punjab,Technology,Printers,Laser Printer,2,1318.32,2767.02,0.111,422.54,Standard,Credit Card,3.0,8,No
ORD101665,2024-09-17,CUST01012,Corporate,South,Andhra Pradesh,Technology,Phones,Smartphone B,2,1195.41,1601.68,0.33,66.24,Standard,COD,3.2,7,No
ORD101013,2024-12-27,CUST01573,Consumer,North,Delhi,Furniture,Tables,Work Desk,5,652.43,3616.79,0.06,407.19,Same Day,COD,4.7,1,Yes
ORD101932,2024-04-15,CUST01526,Consumer,West,Goa,Furniture,Furnishings,Desk Lamp,1,267.42,223.45,0.212,20.68,Standard,UPI,3.3,7,No
ORD101151,2025-08-05,CUST01300,Corporate,North,Punjab,Technology,Laptops,Laptop Pro,6,632.93,3077.45,0.19,59.97,Express,UPI,5.0,1,No
ORD102820,2023-01-11,CUST01003,Consumer,South,Telangana,Technology,Laptops,Laptop Air,9,500.52,4153.26,0.078,593.17,Same Day,COD,5.0,1,No
ORD100117,2023-03-29,CUST01479,Corporate,West,Rajasthan,Furniture,Chairs,Ergonomic Chair,9,502.93,4374.82,0.088,1015.29,Standard,UPI,3.6,6,No
ORD100741,2025-12-13,CUST01323,Corporate,East,Jharkhand,Office Supplies,Paper,Notebooks,4,138.77,466.89,0.287,69.19,Standard,UPI,4.1,4,No
ORD102801,2024-10-12,CUST01323,Consumer,South,Karnataka,Furniture,Bookcases,Wooden Bookcase,2,428.91,910.62,0.1,159.52,Express,Credit Card,4.3,2,No
ORD101975,2024-11-22,CUST01206,Small Business,West,Goa,Furniture,Bookcases,Metal Bookcase,2,672.52,1412.42,0.11,288.44,Standard,Credit Card,2.9,4,No
ORD101082,2024-03-10,CUST01310,Consumer,West,Goa,Furniture,Tables,Work Desk,4,766.15,2636.03,0.189,360.2,Standard,Net Banking,3.7,8,No
ORD101811,2024-07-25,CUST01077,Consumer,West,Maharashtra,Furniture,Chairs,Office Chair,8,259.14,1489.61,0.281,139.86,Standard,COD,3.6,6,No
ORD100831,2024-12-21,CUST01482,Corporate,South,Telangana,Technology,Laptops,Business Laptop,2,966.32,2082.78,0.087,492.03,Standard,Credit Card,3.0,-1,Yes
ORD100120,2025-06-07,CUST01583,Consumer,South,Andhra Pradesh,Technology,Phones,Smartphone C,8,711.36,4012.41,0.295,122.42,Standard,Credit Card,4.3,3,No
ORD100657,2023-12-08,CUST01363,Small Business,East,Odisha,Technology,Accessories,Wireless Mouse,5,452.83,1833.09,0.314,-23.27,Standard,Net Banking,5.0,4,No
ORD102747,2023-05-01,CUST01214,Consumer,South,Tamil Nadu,Technology,Phones,Smartphone A,4,412.8,1409.5,0.195,185.87,Same Day,Credit Card,5.0,1,No
ORD102707,2024-03-24,CUST01428,Consumer,North,Punjab,Technology,Accessories,USB Hub,6,557.07,3468.27,0.021,740.56,Express,Credit Card,3.7,2,No
ORD102947,2023-06-24,CUST01312,Small Business,South,Telangana,Furniture,Chairs,Office Chair,1,323.87,225.79,0.303,26.78,Standard,Credit Card,4.1,5,No
ORD100636,2025-10-14,CUST01052,Consumer,South,Telangana,Furniture,Furnishings,Curtains,1,356.8,335.14,0.204,56.86,Express,COD,4.2,3,No
ORD100370,2023-04-02,CUST01338,Consumer,South,Telangana,Technology,Printers,Laser Printer,3,1797.03,5312.74,0.07,636.21,Standard,UPI,4.1,5,No
ORD100269,2023-09-07,CUST01305,Consumer,North,Uttar Pradesh,Furniture,Chairs,Visitor Chair,2,362.75,586.23,0.192,86.29,Standard,UPI,4.3,5,No
ORD100047,2023-01-18,CUST01098,Corporate,South,Andhra Pradesh,Furniture,Tables,Study Table,5,387.87,1637.16,0.156,309.46,Standard,UPI,3.5,7,No
ORD100992,2024-09-27,CUST01189,Corporate,East,West Bengal,Office Supplies,Stationery,Labels,2,118.68,189.88,0.2,32.31,Standard,Net Banking,3.9,9,No
ORD100877,2025-06-22,CUST01014,Consumer,West,Maharashtra,Office Supplies,Binders,File Folder,5,283.14,887.86,0.373,93.79,Standard,UPI,4.3,4,No
ORD100774,2024-01-09,CUST01206,Small Business,North,Punjab,Technology,Laptops,Laptop Air,1,1326.51,1179.59,0.111,91.06,Standard,UPI,4.1,4,No
ORD101220,2024-01-07,CUST01163,Corporate,East,Odisha,Furniture,Furnishings,Desk Lamp,2,315.38,558.04,0.115,45.95,Express,UPI,4.3,3,No
ORD101127,2025-09-01,CUST01454,Small Business,West,Goa,Furniture,Tables,Conference Table,1,365.27,294.12,0.195,40.15,Express,Credit Card,4.1,3,No
ORD100005,2025-09-23,CUST01176,Consumer,North,Haryana,Furniture,Furnishings,Curtains,2,453.98,824.7,0.092,164.09,Standard,UPI,3.8,5,Yes
ORD101596,2025-01-02,CUST01172,Consumer,North,Haryana,Technology,Accessories,Wireless Mouse,2,852.72,1525.21,0.106,89.02,Express,Net Banking,4.5,3,Yes
ORD102312,2025-05-08,CUST01484,Consumer,West,Maharashtra,Furniture,Bookcases,Metal Bookcase,2,210.95,345.95,0.226,45.94,Standard,Net Banking,4.5,3,No
ORD102492,2024-07-04,CUST01233,Consumer,West,Goa,Office Supplies,Paper,A4 Paper,7,55.15,269.0,0.303,37.8,Standard,Credit Card,3.1,6,No
ORD101078,2024-12-01,CUST01206,Consumer,East,Odisha,Technology,Laptops,Business Laptop,1,699.1,657.0,0.204,98.04,Standard,UPI,3.7,6,Yes
ORD100838,2024-03-18,CUST01443,Corporate,East,Jharkhand,Technology,Printers,Inkjet Printer,10,365.49,12128.9,0.286,773.26,Standard,Net Banking,3.7,8,No
ORD100682,2023-11-16,CUST01015,Corporate,West,Gujarat,Office Supplies,Storage,Organizer,5,340.39,1704.49,0.151,467.34,Express,Credit Card,4.5,2,No
ORD101716,2024-09-05,CUST01592,Consumer,East,Odisha,Furniture,Chairs,Visitor Chair,5,879.21,4074.12,0.073,908.56,Standard,Credit Card,4.1,7,No
ORD102353,2023-10-17,CUST01301,Consumer,South,,Furniture,Furnishings,Desk Lamp,1,376.95,363.16,0.184,28.07,Standard,Credit Card,2.9,8,Yes
ORD102618,2024-04-28,CUST01418,Small Business,South,Telangana,Furniture,Tables,Study Table,1,1534.28,1421.99,0.126,216.33,Standard,Net Banking,4.5,7,No
ORD102362,2023-12-31,CUST01518,Consumer,West,Maharashtra,Technology,Printers,Inkjet Printer,2,603.89,1327.59,0.068,266.04,Standard,UPI,3.8,8,No
ORD102198,2025-04-09,CUST01067,Consumer,North,Punjab,Furniture,Bookcases,Metal Bookcase,10,750.24,5955.6,,969.14,Standard,Net Banking,4.6,4,No
ORD101149,2024-04-17,CUST01320,Corporate,South,Tamil Nadu,Technology,Phones,Smartphone C,3,920.39,2391.39,0.183,222.97,Same Day,Credit Card,4.4,1,No
ORD100575,2023-04-06,CUST01475,Consumer,South,Andhra Pradesh,Technology,Printers,Inkjet Printer,4,575.46,2254.0,0.076,347.28,Standard,UPI,3.6,7,No
ORD100051,2024-02-01,CUST01269,Consumer,North,Uttar Pradesh,Office Supplies,Paper,Premium Paper,1,209.92,162.73,0.225,30.44,Same Day,COD,4.2,2,No
ORD100854,2024-04-04,CUST01600,Consumer,North,,Technology,Printers,Laser Printer,1,1203.27,1168.96,0.084,230.85,Standard,Credit Card,4.1,3,No
ORD101983,2024-09-06,CUST01516,Consumer,East,West Bengal,Office Supplies,Binders,File Folder,3,760.33,2038.59,0.106,633.59,Standard,Credit Card,4.1,7,No
ORD101824,2024-08-18,CUST01008,Consumer,East,Bihar,Furniture,Chairs,Visitor Chair,6,688.19,3421.6,0.171,411.7,Express,COD,4.7,3,No
ORD100834,2024-11-12,CUST01307,Corporate,West,Gujarat,Office Supplies,Stationery,Labels,3,150.53,443.66,0.167,62.73,Express,UPI,4.5,3,No
ORD101116,2023-04-10,CUST01072,Corporate,North,Punjab,Furniture,Chairs,Ergonomic Chair,4,530.07,1805.52,0.197,111.48,Standard,Credit Card,3.3,6,No
ORD101167,2023-12-09,CUST01176,Corporate,South,Tamil Nadu,Furniture,Chairs,Visitor Chair,1,427.44,335.99,0.334,6.25,Standard,UPI,3.5,5,No
ORD102519,2023-02-11,CUST01151,Corporate,West,Gujarat,Furniture,Furnishings,Desk Lamp,1,453.71,386.32,0.149,58.46,Standard,Net Banking,3.6,5,No
ORD101907,2023-04-26,CUST01131,Corporate,East,Jharkhand,Technology,Laptops,Laptop Air,6,1263.99,6288.37,0.218,258.31,Same Day,COD,4.8,1,No
ORD100972,2023-11-22,CUST01535,Corporate,South,Karnataka,Technology,Phones,Smartphone A,4,567.8,2254.59,0.159,410.06,Express,Credit Card,3.9,3,No
ORD100400,2023-10-23,CUST01534,Corporate,West,Maharashtra,Office Supplies,Paper,A4 Paper,5,205.71,923.93,0.239,130.3,Standard,Credit Card,4.1,5,No
ORD102560,2024-05-13,CUST01285,Consumer,North,Haryana,Office Supplies,Paper,A4 Paper,3,84.16,235.24,0.121,33.08,Standard,Credit Card,3.5,7,Yes
ORD102369,2023-06-23,CUST01266,Small Business,South,Telangana,Office Supplies,Paper,A4 Paper,5,69.57,289.74,0.167,69.05,Standard,Net Banking,3.3,7,No
ORD100020,2025-09-02,CUST01557,Consumer,West,Rajasthan,Furniture,Furnishings,Whiteboard,2,182.7,312.15,0.146,62.46,Standard,UPI,3.4,3,No
ORD100685,2025-12-30,CUST01292,Consumer,South,Karnataka,Office Supplies,Storage,Organizer,3,55.62,174.46,0.114,26.69,Express,Credit Card,5.0,3,No
ORD100036,2023-09-12,CUST01566,Small Business,South,Telangana,Office Supplies,Paper,Notebooks,2,294.43,492.5,,78.28,Standard,COD,3.6,6,No
ORD102844,2024-11-12,CUST01585,Consumer,West,Maharashtra,Technology,Printers,Inkjet Printer,5,703.54,3343.78,0.194,143.05,Same Day,Net Banking,4.4,1,No
ORD100525,2023-10-23,CUST01169,Consumer,North,Uttar Pradesh,Office Supplies,Paper,A4 Paper,3,126.78,353.86,0.212,69.34,Express,COD,4.7,3,No
ORD102456,2025-12-06,CUST01285,Corporate,South,Andhra Pradesh,Office Supplies,Stationery,Labels,1,106.86,97.45,0.227,16.23,Standard,COD,4.1,3,No
ORD100921,2025-06-27,CUST01499,Consumer,North,Punjab,Furniture,Furnishings,Whiteboard,4,371.62,1068.28,0.281,96.14,Standard,Credit Card,3.6,4,No
ORD101842,2024-02-07,CUST01334,Small Business,North,Punjab,Furniture,Bookcases,Wooden Bookcase,3,1695.31,4430.58,0.129,778.43,Express,Credit Card,4.6,3,No
ORD101891,2025-12-14,CUST01390,Consumer,South,Tamil Nadu,Technology,Laptops,Laptop Air,4,643.28,2862.37,0.057,727.16,Standard,Credit Card,4.1,7,No
ORD100538,2025-09-01,CUST01275,Corporate,East,Bihar,Furniture,Chairs,Visitor Chair,3,402.42,991.87,0.178,76.27,Standard,Credit Card,3.8,7,No
ORD101706,2023-07-27,CUST01039,Small Business,East,Jharkhand,Office Supplies,Paper,Premium Paper,6,227.52,1211.68,0.112,247.82,Standard,Credit Card,4.0,8,Yes
ORD102960,2023-09-05,CUST01343,Consumer,North,Haryana,Office Supplies,Paper,Premium Paper,5,138.9,675.82,0.027,226.26,Standard,UPI,5.0,5,No
ORD100246,2025-01-14,CUST01002,Consumer,East,West Bengal,Furniture,Chairs,Office Chair,9,1022.68,8577.16,0.068,1381.54,Standard,Credit Card,3.4,6,No
ORD100785,2023-01-02,CUST01552,Small Business,South,Tamil Nadu,Furniture,Chairs,Visitor Chair,4,1166.33,4142.28,0.112,683.11,Standard,COD,3.9,7,No
ORD101410,2023-09-28,CUST01456,Corporate,North,Uttar Pradesh,Technology,Accessories,Headset,1,1374.65,1191.12,0.134,196.04,Standard,Credit Card,4.5,6,No
ORD102538,2024-12-21,CUST01294,Consumer,West,Maharashtra,Furniture,Bookcases,Metal Bookcase,1,932.98,1057.78,0.039,341.56,Same Day,UPI,4.9,1,No
ORD100155,2023-05-07,CUST01115,Consumer,East,Bihar,Technology,Phones,Smartphone C,3,611.92,1594.52,0.181,211.11,Standard,UPI,3.7,4,No
ORD101687,2025-04-25,CUST01162,Small Business,North,Delhi,Office Supplies,Paper,Premium Paper,2,96.34,119.94,0.413,9.17,Standard,Net Banking,3.9,7,No
ORD100626,2024-02-26,CUST01176,Consumer,South,Andhra Pradesh,Office Supplies,Stationery,Markers,8,191.37,1279.88,0.164,92.49,Express,Credit Card,3.7,3,No
ORD102891,2023-11-14,CUST01042,Corporate,West,Maharashtra,Office Supplies,Storage,Filing Cabinet,3,168.93,547.73,0.084,152.06,Standard,Credit Card,3.6,4,No
ORD101347,2024-06-01,CUST01332,Consumer,North,Delhi,Furniture,Chairs,Ergonomic Chair,5,511.46,2348.33,0.082,396.81,Standard,Net Banking,4.3,5,No
ORD100570,2023-04-19,CUST01169,Corporate,East,Bihar,Office Supplies,Stationery,Markers,4,98.67,324.23,0.225,48.53,Express,COD,3.8,3,No
ORD102948,2025-01-16,CUST01079,Consumer,North,Delhi,Office Supplies,Binders,Ring Binder,3,453.53,783.45,0.424,33.62,Standard,COD,3.9,5,Yes
ORD101759,2025-03-26,CUST01329,Corporate,South,Karnataka,Office Supplies,Paper,A4 Paper,3,111.07,294.01,0.168,48.43,Express,UPI,3.7,1,No
ORD101817,2025-11-04,CUST01566,Corporate,North,Delhi,Technology,Laptops,Laptop Air,6,1481.95,8733.38,0.168,286.04,Standard,COD,3.6,8,Yes
ORD102066,2025-10-26,CUST01573,Corporate,East,Bihar,Furniture,Furnishings,Whiteboard,1,939.54,1008.59,0.09,252.63,Standard,UPI,4.8,5,No
ORD100128,2024-04-24,CUST01555,Consumer,East,Odisha,Office Supplies,Stationery,Pens,1,170.84,131.85,0.272,16.41,Standard,COD,4.3,5,No
ORD102993,2025-03-14,CUST01252,Corporate,South,Karnataka,Office Supplies,Binders,Document Folder,1,98.61,91.85,0.121,17.8,Standard,Credit Card,3.5,4,No
ORD102007,2023-08-20,CUST01158,Corporate,East,Jharkhand,Furniture,Chairs,Office Chair,1,434.16,333.97,0.231,39.64,Standard,UPI,3.6,6,Yes
ORD100981,2023-07-11,CUST01164,Consumer,North,Delhi,Technology,Accessories,USB Hub,0,1459.61,2440.01,0.164,373.11,Standard,COD,4.0,8,No
ORD102990,2024-09-26,CUST01017,Small Business,South,Andhra Pradesh,Furniture,Chairs,Ergonomic Chair,3,427.77,1123.75,0.124,166.32,Standard,COD,3.3,7,No
ORD100191,2023-03-05,CUST01003,Consumer,East,West Bengal,Technology,Laptops,Business Laptop,3,1344.12,4184.06,0.021,832.46,Express,Credit Card,4.3,3,No
ORD101140,2025-05-29,CUST01210,Consumer,East,Bihar,Furniture,Chairs,Office Chair,6,146.68,776.94,0.167,157.3,Express,COD,4.9,1,No
ORD100993,2025-11-26,CUST01059,Consumer,East,Jharkhand,Office Supplies,Storage,Filing Cabinet,3,325.35,1033.44,0.103,225.74,Standard,Credit Card,3.4,8,No
ORD100700,2024-05-02,CUST01098,Corporate,South,Karnataka,Furniture,Chairs,Office Chair,2,556.46,1010.0,0.144,132.6,Standard,COD,2.9,6,No
ORD100607,2023-02-17,CUST01132,Consumer,East,Bihar,Office Supplies,Storage,Organizer,3,29.85,84.51,0.056,24.66,Standard,UPI,3.5,8,No
ORD100181,2024-01-10,CUST01493,Small Business,West,Maharashtra,Furniture,Bookcases,Wooden Bookcase,6,216.85,945.7,0.273,140.61,Express,UPI,4.0,1,No
ORD100302,2023-01-17,CUST01100,Small Business,North,Punjab,Technology,Printers,Inkjet Printer,5,1452.75,6420.73,0.116,811.23,Standard,UPI,4.4,5,Yes
ORD102545,2025-11-12,CUST01468,Consumer,North,Delhi,Technology,Accessories,Wireless Mouse,4,399.96,1453.16,0.23,104.88,Standard,Net Banking,3.6,5,No
ORD102790,2023-03-07,CUST01017,Small Business,North,Punjab,Office Supplies,Storage,Organizer,3,87.36,257.9,0.072,77.61,Express,Credit Card,4.8,3,No
ORD101061,2023-03-07,CUST01016,Consumer,East,West Bengal,Technology,Printers,Inkjet Printer,7,664.5,4493.33,0.089,770.46,Express,Net Banking,4.4,2,No
ORD102834,2025-03-29,CUST01397,Corporate,East,Jharkhand,Office Supplies,Paper,A4 Paper,5,382.98,1807.63,0.109,303.09,Same Day,Credit Card,5.0,1,No
ORD102893,2023-07-12,CUST01291,Corporate,West,Gujarat,Furniture,Bookcases,Metal Bookcase,2,369.33,609.37,0.175,107.41,Express,UPI,4.0,1,No
ORD102566,2023-06-25,CUST01275,Corporate,North,Uttar Pradesh,Technology,Phones,Smartphone B,9,1012.19,7039.63,0.227,465.94,Same Day,Net Banking,5.0,2,No
ORD101070,2024-11-12,CUST01216,Consumer,East,West Bengal,Technology,Phones,Smartphone C,3,771.44,2524.29,0.076,491.75,Standard,UPI,3.7,5,No
ORD102525,2024-02-12,CUST01074,Small Business,South,Telangana,Office Supplies,Paper,A4 Paper,5,253.94,1040.61,0.18,241.73,Standard,Net Banking,3.2,7,No
ORD102206,2025-02-26,CUST01362,Corporate,North,Haryana,Technology,Laptops,Business Laptop,3,471.17,1190.31,0.158,118.18,Standard,Credit Card,3.5,8,No
ORD101244,2025-04-17,CUST01513,Consumer,West,Maharashtra,Technology,Laptops,Business Laptop,2,1659.92,3155.74,0.103,428.72,Standard,Credit Card,4.3,3,No
ORD100017,2025-05-14,CUST01390,Consumer,West,Maharashtra,Technology,Laptops,Business Laptop,8,516.29,3134.16,0.284,103.81,Standard,COD,3.9,4,No
ORD102996,2024-10-26,CUST01062,Small Business,South,Karnataka,Furniture,Furnishings,Curtains,2,464.07,962.17,0.121,227.03,Standard,Credit Card,3.3,8,No
ORD100547,2023-12-30,CUST01264,Corporate,North,Punjab,Furniture,Bookcases,Wooden Bookcase,9,569.92,4250.5,0.298,343.62,Express,Credit Card,4.1,3,No
ORD100659,2025-10-15,CUST01337,Consumer,South,Tamil Nadu,Furniture,Tables,Work Desk,2,704.27,1497.31,0.099,172.49,Express,UPI,4.5,1,No
ORD102719,2023-04-06,CUST01506,Consumer,East,Odisha,Office Supplies,Storage,Organizer,8,329.09,1940.64,0.305,274.48,Same Day,UPI,5.0,1,No
ORD102750,2024-04-07,CUST01153,Consumer,East,Jharkhand,Office Supplies,Paper,A4 Paper,1,258.17,256.7,,56.36,Standard,UPI,3.5,7,No
ORD101505,2025-12-31,CUST01438,Corporate,North,Uttar Pradesh,Office Supplies,Storage,Filing Cabinet,1,239.94,238.83,0.156,44.53,Standard,COD,3.7,6,No
ORD100960,2025-07-07,CUST01116,Consumer,South,Tamil Nadu,Office Supplies,Binders,Ring Binder,2,234.27,387.44,0.173,72.07,Standard,COD,3.1,8,No
ORD102332,2023-05-05,CUST01071,Consumer,North,Delhi,Office Supplies,Paper,Premium Paper,1,325.56,332.25,0.037,88.82,Express,COD,5.0,1,No
ORD100798,2025-08-09,CUST01146,Consumer,East,Odisha,Technology,Phones,Smartphone B,1,824.84,786.55,0.046,161.03,Standard,Credit Card,5.0,5,No
ORD100226,2023-09-25,CUST01533,Consumer,South,Telangana,Technology,Phones,Smartphone C,1,566.7,483.52,0.147,23.86,Same Day,Credit Card,4.5,1,No
ORD102075,2023-01-16,CUST01221,Corporate,East,Odisha,Office Supplies,Binders,Ring Binder,3,263.48,633.96,0.198,89.01,Standard,Credit Card,2.8,9,No
ORD101800,2024-06-13,CUST01462,Consumer,West,Rajasthan,Furniture,Chairs,Office Chair,3,922.0,2693.89,0.026,590.34,Standard,Credit Card,4.0,3,Yes
ORD102486,2024-10-18,CUST01447,Corporate,East,Jharkhand,Technology,Laptops,Business Laptop,5,211.99,839.65,0.329,15.89,Same Day,UPI,4.7,1,No
ORD102978,2025-03-03,CUST01363,Corporate,West,Maharashtra,Technology,Printers,Laser Printer,2,1128.46,2065.27,0.137,167.01,Express,Credit Card,4.6,2,No
ORD102278,2023-02-22,CUST01369,Small Business,South,Tamil Nadu,Furniture,Furnishings,Curtains,7,365.9,2169.15,0.153,501.83,Standard,Credit Card,4.1,5,No
ORD102086,2025-10-26,CUST01595,Consumer,West,Goa,Technology,Laptops,Business Laptop,3,1846.62,5681.4,0.131,728.94,Standard,COD,3.3,7,No
ORD101694,2024-11-28,CUST01514,Corporate,East,Odisha,Furniture,Chairs,Ergonomic Chair,4,457.31,1871.38,0.133,287.87,Express,Credit Card,3.9,3,No
ORD101046,2024-06-23,CUST01507,Consumer,East,West Bengal,Office Supplies,Stationery,Pens,5,192.9,827.98,0.142,147.07,Standard,Credit Card,4.0,7,No
ORD100470,2024-11-18,CUST01005,Small Business,North,Punjab,Office Supplies,Binders,Document Folder,1,135.25,119.56,0.251,14.15,Express,UPI,5.0,2,No
ORD100955,2025-12-01,CUST01308,Small Business,South,Telangana,Furniture,Tables,Work Desk,1,1313.18,1416.59,0.086,286.93,Same Day,Credit Card,4.9,1,No
ORD102992,2025-06-26,CUST01096,Consumer,West,Gujarat,Technology,Phones,Smartphone C,3,1838.12,4867.92,0.117,509.86,Standard,UPI,3.9,6,No
ORD100640,2024-09-16,CUST01184,Small Business,South,Tamil Nadu,Furniture,Furnishings,Whiteboard,4,1037.11,3254.16,0.216,362.7,Express,Credit Card,4.4,1,No
ORD102793,2023-05-26,CUST01030,Consumer,West,Maharashtra,Technology,Phones,Smartphone A,4,316.18,985.2,0.265,113.16,Standard,UPI,4.0,4,No
ORD101219,2025-08-25,CUST01284,Consumer,West,Rajasthan,Office Supplies,Paper,Premium Paper,5,363.63,1576.92,0.133,271.14,Express,Net Banking,4.9,1,No
ORD101159,2025-05-30,CUST01229,Consumer,North,Delhi,Furniture,Bookcases,Wooden Bookcase,4,453.53,1698.63,0.117,295.63,Express,COD,3.8,1,No
ORD101416,2023-07-22,CUST01319,Consumer,South,Tamil Nadu,Furniture,Tables,Conference Table,4,219.07,666.45,0.239,26.91,Standard,Net Banking,3.8,4,No
ORD102728,2023-06-13,CUST01368,Small Business,East,Bihar,Office Supplies,Stationery,Labels,4,531.72,1736.21,0.184,207.08,Same Day,,4.4,2,No
ORD101528,2023-10-26,CUST01509,Consumer,North,Punjab,Technology,Laptops,Business Laptop,2,611.69,1303.34,0.097,237.27,Express,COD,4.2,2,No
ORD102936,2023-01-13,CUST01057,Consumer,East,Odisha,Office Supplies,Stationery,Stapler,1,189.65,157.12,0.172,25.6,Standard,Credit Card,3.7,6,No
ORD101301,2024-12-12,CUST01082,Consumer,North,Punjab,Furniture,Chairs,Office Chair,5,652.19,3133.74,0.186,676.21,Standard,COD,3.1,7,Yes
ORD102881,2023-03-22,CUST01220,Corporate,North,Punjab,Office Supplies,Stationery,Pens,4,337.4,1342.78,0.061,417.55,Standard,Credit Card,5.0,3,No
ORD101604,2025-06-11,CUST01041,Corporate,North,Delhi,Technology,Laptops,Business Laptop,2,603.1,1008.04,0.164,138.14,Standard,UPI,3.2,6,No
ORD100161,2024-05-31,CUST01224,Consumer,West,Goa,Office Supplies,Binders,File Folder,5,555.46,2706.96,0.08,753.93,Standard,UPI,3.7,5,No
ORD101705,2024-09-21,CUST01081,Corporate,North,Punjab,Office Supplies,Binders,Ring Binder,1,170.7,137.59,0.194,22.62,Express,Net Banking,3.2,4,No
ORD100957,2023-07-03,CUST01173,Consumer,West,Gujarat,Furniture,Tables,Conference Table,1,439.4,425.09,0.033,104.17,Standard,Credit Card,4.2,3,No
ORD102930,2024-11-02,CUST01447,Consumer,West,Goa,Furniture,Chairs,Ergonomic Chair,2,664.31,1227.43,0.217,136.35,Standard,Credit Card,4.2,6,No
ORD100878,2025-03-05,CUST01276,Consumer,South,Telangana,Technology,Printers,Laser Printer,4,465.26,1948.38,0.012,458.03,Standard,UPI,2.9,7,No
ORD101920,2024-07-22,CUST01273,Consumer,North,Uttar Pradesh,Office Supplies,Paper,Premium Paper,1,185.96,121.28,0.348,11.39,Express,UPI,3.8,2,No
ORD101885,2023-11-18,CUST01295,Small Business,West,Goa,Technology,Printers,Inkjet Printer,4,275.56,1202.92,0.075,240.27,Standard,UPI,4.8,3,No
ORD102201,2023-04-13,CUST01467,Consumer,South,Tamil Nadu,Furniture,Tables,Conference Table,7,275.74,1805.39,0.118,221.16,Standard,UPI,4.5,5,No
ORD100099,2025-01-03,CUST01109,Consumer,South,Karnataka,Technology,Laptops,Business Laptop,6,335.71,1899.4,0.057,339.39,Express,COD,3.9,3,Yes
ORD102842,2024-02-24,CUST01071,Consumer,North,Delhi,Office Supplies,Paper,Notebooks,5,87.75,362.39,0.174,118.55,Express,UPI,4.1,4,No
ORD102558,2025-08-29,CUST01026,Corporate,North,Delhi,Furniture,Tables,Work Desk,3,184.13,389.68,0.295,2.61,Standard,UPI,3.1,8,Yes
ORD100254,2024-05-21,CUST01571,Consumer,West,Rajasthan,Office Supplies,Stationery,Pens,3,106.25,267.73,0.208,48.56,Express,Credit Card,5.0,1,No
ORD100104,2023-10-10,CUST01069,Corporate,South,Telangana,Furniture,Bookcases,Metal Bookcase,3,657.14,1920.88,0.174,345.33,Same Day,UPI,4.7,1,No
ORD101446,2024-10-07,CUST01407,Small Business,West,Maharashtra,Office Supplies,Binders,File Folder,3,144.98,421.48,0.179,93.41,Standard,Credit Card,4.9,4,No
ORD101444,2023-09-15,CUST01586,Consumer,North,,Technology,Accessories,Keyboard,3,1273.26,3698.33,0.032,688.59,Express,UPI,4.5,2,No
ORD101649,2024-11-13,CUST01265,Small Business,East,Odisha,Technology,Laptops,Laptop Pro,5,637.53,2412.69,0.359,-7.76,Standard,Net Banking,4.6,3,No
ORD100587,2023-07-28,CUST01042,Corporate,East,Jharkhand,Furniture,Bookcases,Metal Bookcase,1,599.14,498.47,0.168,95.99,Standard,UPI,3.6,7,Yes
ORD100628,2023-12-21,CUST01177,Small Business,East,Bihar,Technology,Phones,Smartphone B,3,843.09,2778.22,0.069,370.57,Standard,UPI,3.7,7,No
ORD101697,2023-11-04,CUST01201,Consumer,West,Goa,Technology,Printers,Laser Printer,4,988.48,3509.78,0.248,315.27,Standard,UPI,4.2,3,No
ORD102102,2023-12-13,CUST01476,Corporate,West,Goa,Technology,Accessories,Headset,1,950.06,953.02,0.15,105.76,Express,UPI,3.8,3,No
ORD102200,2023-08-08,CUST01416,Small Business,North,Haryana,Furniture,Tables,Study Table,4,257.07,806.67,0.216,45.6,Express,Credit Card,4.7,1,No
ORD100404,2023-09-09,CUST01505,Consumer,South,Andhra Pradesh,Technology,Laptops,Laptop Air,1,1511.01,1322.59,0.125,139.26,Standard,UPI,3.6,8,No
ORD101155,2025-02-14,CUST01470,Consumer,North,Punjab,Furniture,Furnishings,Desk Lamp,4,601.42,1944.11,0.192,411.35,Standard,UPI,3.7,4,No
ORD102256,2025-08-01,CUST01026,Small Business,North,Punjab,Furniture,Tables,Conference Table,1,724.68,680.8,0.061,132.46,Standard,Credit Card,3.1,7,No
ORD101683,2024-10-24,CUST01045,Corporate,South,Karnataka,Office Supplies,Stationery,Pens,2,339.51,603.17,0.247,81.23,Standard,Credit Card,,4,No
ORD102057,2023-12-23,CUST01004,Corporate,North,Punjab,Furniture,Bookcases,Metal Bookcase,3,186.09,543.88,,66.88,Express,UPI,4.3,2,No
ORD102859,2024-01-02,CUST01266,Corporate,South,Tamil Nadu,Furniture,Furnishings,Whiteboard,5,100.7,445.41,0.115,89.83,Express,UPI,4.3,3,No
ORD100453,2023-05-15,CUST01122,Consumer,South,Andhra Pradesh,Technology,Laptops,Laptop Air,4,877.49,3262.72,0.123,330.45,Standard,UPI,3.9,8,Yes
ORD102302,2024-09-13,CUST01167,Consumer,West,Maharashtra,Furniture,Chairs,Visitor Chair,9,268.84,1790.64,0.26,93.0,Standard,UPI,3.5,5,No
ORD101328,2023-02-13,CUST01193,Corporate,South,Andhra Pradesh,Furniture,Furnishings,Whiteboard,5,160.56,747.91,0.068,106.1,Standard,UPI,3.8,8,No
ORD102050,2024-03-05,CUST01046,Small Business,North,Uttar Pradesh,Furniture,Bookcases,Wooden Bookcase,5,871.79,4109.57,0.111,781.15,Standard,UPI,3.4,6,No
ORD100881,2024-08-04,CUST01576,Corporate,North,Punjab,Office Supplies,Stationery,Markers,1,244.01,174.05,0.287,10.06,Standard,,,6,No
ORD102933,2023-12-19,CUST01342,Small Business,East,West Bengal,Technology,Accessories,USB Hub,6,717.2,4690.65,0.076,659.39,Same Day,UPI,4.0,2,No
ORD100624,2025-10-18,CUST01525,Corporate,North,Haryana,Office Supplies,Stationery,Markers,1,194.72,174.42,0.241,41.56,Standard,UPI,3.2,9,Yes
ORD102394,2023-11-05,CUST01334,Consumer,West,Gujarat,Furniture,Bookcases,Wooden Bookcase,4,452.08,1597.18,0.251,78.3,Express,UPI,5.0,1,No
ORD102787,2023-06-11,CUST01224,Consumer,South,Karnataka,Furniture,Tables,Work Desk,3,153.02,431.98,0.059,100.43,Standard,COD,3.3,8,No
ORD101788,2025-03-15,CUST01444,Consumer,West,Rajasthan,Furniture,Bookcases,Metal Bookcase,10,455.12,4057.84,0.159,476.91,Standard,COD,4.4,4,No
ORD100263,2024-10-22,CUST01018,Consumer,West,Goa,Technology,Accessories,Headset,5,462.79,2534.39,0.072,260.52,Standard,Credit Card,4.3,4,No
ORD101635,2023-03-31,CUST01317,Corporate,South,Telangana,Technology,Phones,Smartphone B,4,777.33,2742.93,0.168,330.99,Standard,Credit Card,3.9,8,No
ORD101439,2025-11-21,CUST01282,Corporate,West,Maharashtra,Office Supplies,Storage,Storage Box,1,148.76,143.16,,35.65,Express,Net Banking,4.5,3,Yes
ORD102199,2024-02-16,CUST01077,Consumer,East,Jharkhand,Furniture,Furnishings,Curtains,3,765.41,1632.65,0.289,156.4,Same Day,Credit Card,5.0,1,No
ORD101970,2025-05-10,CUST01506,Small Business,West,Maharashtra,Office Supplies,Storage,Storage Box,1,287.51,250.8,0.177,36.39,Express,UPI,4.5,2,No
ORD102521,2025-01-09,CUST01555,Corporate,South,Telangana,Office Supplies,Storage,Organizer,4,175.17,409.28,0.416,22.79,Standard,Credit Card,4.5,4,No
ORD101803,2024-10-01,CUST01510,Consumer,West,Goa,Furniture,Bookcases,Wooden Bookcase,3,235.34,699.21,0.161,104.78,Express,UPI,4.0,3,No
ORD100641,2023-01-22,CUST01531,Small Business,South,Andhra Pradesh,Furniture,Furnishings,Desk Lamp,3,582.46,1596.9,0.086,375.22,Standard,UPI,3.4,8,No
ORD102386,2024-04-26,CUST01115,Corporate,West,Goa,Furniture,Furnishings,Desk Lamp,2,835.3,1520.03,0.142,229.9,Express,Credit Card,4.1,1,No
ORD102599,2023-12-24,CUST01582,Corporate,South,Andhra Pradesh,Technology,Printers,Laser Printer,5,570.24,3137.59,0.067,313.61,Express,Credit Card,4.4,2,No
ORD102845,2024-05-22,CUST01258,Consumer,South,Karnataka,Furniture,Chairs,Ergonomic Chair,4,782.83,2387.07,0.281,246.21,Standard,UPI,4.0,6,No
ORD101960,2025-04-25,CUST01525,Corporate,West,Maharashtra,Technology,Laptops,Laptop Pro,5,803.61,3830.88,0.101,821.78,Standard,UPI,4.7,4,No
ORD100489,2024-10-19,CUST01287,Corporate,South,Telangana,Furniture,Tables,Work Desk,6,728.62,4706.01,0.088,1112.14,Express,Credit Card,4.7,2,No
ORD101844,2024-09-23,CUST01560,Small Business,South,Tamil Nadu,Technology,Laptops,Business Laptop,2,1412.24,2624.01,0.071,330.14,Express,Net Banking,4.5,1,Yes
ORD101735,2024-03-08,CUST01334,Consumer,North,,Furniture,Tables,Conference Table,3,579.38,1553.04,0.157,145.94,Standard,UPI,4.3,6,No
ORD100147,2024-08-04,CUST01340,Corporate,West,Gujarat,Office Supplies,Stationery,Stapler,7,577.04,2274.26,0.437,309.15,Standard,Credit Card,4.1,3,No
ORD101535,2025-07-20,CUST01560,Corporate,East,Bihar,Office Supplies,Stationery,Stapler,2,194.27,317.92,0.182,44.27,Standard,UPI,4.0,5,No
ORD101987,2023-08-30,CUST01391,Consumer,South,Telangana,Technology,Printers,Inkjet Printer,2,1015.56,1803.82,0.112,113.08,Standard,Credit Card,4.3,8,No
ORD101370,2023-07-19,CUST01435,Consumer,West,Maharashtra,Technology,Laptops,Laptop Pro,4,728.51,2571.37,0.118,339.36,Express,COD,4.3,3,Yes
ORD102451,2024-08-23,CUST01203,Corporate,West,Goa,Office Supplies,Stationery,Labels,6,312.8,1207.6,0.357,12.0,Express,UPI,4.4,1,No
ORD102951,2024-02-06,CUST01566,Corporate,North,Punjab,Furniture,Chairs,Ergonomic Chair,1,542.91,427.9,0.212,9.03,Standard,UPI,3.9,6,Yes
ORD100660,2024-01-04,CUST01080,Small Business,East,Bihar,Office Supplies,Storage,Filing Cabinet,4,141.41,427.6,0.244,64.46,Express,UPI,5.0,3,No
ORD101795,2025-10-31,CUST01534,Consumer,South,Tamil Nadu,Office Supplies,Stationery,Markers,5,182.52,889.38,0.174,205.81,Standard,Net Banking,3.7,7,No
ORD102512,2024-04-16,CUST01468,Corporate,East,Odisha,Office Supplies,Binders,File Folder,2,207.87,290.02,0.342,24.83,Standard,Credit Card,3.9,8,No
ORD100187,2025-03-25,CUST01163,Small Business,South,Andhra Pradesh,Technology,Accessories,Wireless Mouse,4,560.91,1898.89,0.202,210.13,Standard,Credit Card,3.6,5,No
ORD101148,2024-09-25,CUST01176,Consumer,East,Bihar,Office Supplies,Binders,Document Folder,6,136.97,625.23,0.239,73.01,Express,Credit Card,4.8,1,No
ORD100609,2024-04-22,CUST01511,Consumer,West,Maharashtra,Furniture,Furnishings,Desk Lamp,2,305.6,537.66,0.17,62.94,Same Day,COD,4.5,1,No
ORD102192,2024-02-05,CUST01328,Small Business,South,Telangana,Furniture,Tables,Study Table,1,989.95,921.1,0.07,187.45,Express,Credit Card,4.8,2,No
ORD101931,2023-01-29,CUST01342,Small Business,South,Karnataka,Technology,Phones,Smartphone C,6,693.89,3415.64,0.18,392.47,Standard,Credit Card,3.3,8,No
ORD100198,2023-07-16,CUST01200,Consumer,South,Telangana,Furniture,Chairs,Office Chair,3,651.43,1775.02,0.092,364.82,Standard,Net Banking,3.4,7,No
ORD102328,2023-04-04,CUST01163,Consumer,West,Gujarat,Office Supplies,Storage,Filing Cabinet,2,95.16,187.82,0.069,45.98,Standard,UPI,4.6,5,No
ORD100294,2025-09-08,CUST01503,Small Business,North,Punjab,Technology,Laptops,Laptop Air,3,588.22,1372.08,0.222,117.53,Standard,Net Banking,4.0,4,No
ORD100767,2024-10-23,CUST01385,Consumer,West,Maharashtra,Office Supplies,Stationery,Markers,3,326.15,1105.14,0.043,331.7,Standard,Credit Card,3.1,8,No
ORD100401,2024-05-13,CUST01029,Consumer,South,Karnataka,Office Supplies,Stationery,Stapler,10,141.3,1388.64,0.073,451.11,Standard,UPI,3.3,6,No
ORD100123,2024-09-26,CUST01195,Consumer,East,Jharkhand,Technology,Printers,Laser Printer,6,1128.26,5348.72,0.21,650.54,Same Day,UPI,,1,No
ORD100203,2024-05-27,CUST01407,Consumer,South,Tamil Nadu,Office Supplies,Paper,A4 Paper,1,371.68,370.28,0.06,90.2,Express,Credit Card,3.6,3,No
ORD100836,2023-12-01,CUST01414,Corporate,South,Telangana,Office Supplies,Stationery,Stapler,2,105.04,221.15,0.108,48.89,Standard,Net Banking,3.9,3,No
ORD102295,2024-01-14,CUST01399,Consumer,North,Punjab,Technology,Laptops,Laptop Pro,1,434.21,399.35,0.08,80.63,Standard,Credit Card,3.6,8,No
ORD101440,2025-10-08,CUST01332,Consumer,West,Goa,Furniture,Bookcases,Wooden Bookcase,1,365.75,271.3,0.371,25.92,Standard,UPI,3.4,6,No
ORD101734,2025-08-03,CUST01229,Small Business,South,Telangana,Technology,Phones,Smartphone B,3,1205.84,2755.37,,460.78,Express,UPI,4.5,2,No
ORD101696,2024-07-29,CUST01479,Corporate,East,West Bengal,Office Supplies,Stationery,Pens,6,299.77,1425.34,0.208,359.02,Standard,Net Banking,3.6,4,No
ORD102943,2024-04-08,CUST01052,Small Business,West,Gujarat,Office Supplies,Binders,Ring Binder,3,120.22,293.75,0.232,50.91,Standard,COD,3.7,6,No
ORD101708,2024-03-24,CUST01427,Consumer,West,Goa,Furniture,Bookcases,Metal Bookcase,3,498.36,1442.37,0.09,347.39,Standard,Net Banking,4.5,3,Yes
ORD102928,2023-01-30,CUST01280,Corporate,East,West Bengal,Office Supplies,Storage,Organizer,3,192.64,522.96,0.095,96.0,Standard,UPI,4.4,6,No
ORD101154,2023-01-25,CUST01526,Consumer,South,Andhra Pradesh,Technology,Phones,Smartphone C,1,266.88,241.51,0.095,37.94,Standard,Net Banking,3.6,7,No
ORD101662,2024-09-24,CUST01017,Consumer,North,Uttar Pradesh,Technology,Accessories,Keyboard,1,238.68,181.43,0.24,11.89,Express,UPI,4.0,2,No
ORD102433,2025-01-02,CUST01034,Small Business,South,Andhra Pradesh,Technology,Accessories,Keyboard,4,872.9,3252.66,0.068,599.44,Express,Net Banking,4.7,1,No
ORD101760,2024-08-24,CUST01420,Corporate,North,Delhi,Technology,Phones,Smartphone B,2,1382.8,1867.1,,140.75,Express,Net Banking,4.8,3,No
ORD100855,2025-05-09,CUST01110,Consumer,East,Bihar,Technology,Laptops,Laptop Pro,2,150.4,256.43,0.196,25.88,Same Day,UPI,4.6,2,No
ORD101590,2023-05-19,CUST01260,Corporate,East,Bihar,Technology,Accessories,Wireless Mouse,2,1356.45,2253.18,0.216,213.22,Standard,COD,2.8,7,No
ORD102268,2023-01-07,CUST01428,Consumer,North,Uttar Pradesh,Technology,Phones,Smartphone A,2,1187.94,1948.04,0.18,138.69,Standard,Credit Card,4.1,5,Yes
ORD100642,2024-07-28,CUST01208,Small Business,North,Haryana,Furniture,Tables,Work Desk,7,564.42,2990.59,0.243,374.89,Standard,UPI,3.4,7,No
ORD100002,2025-01-17,CUST01250,Corporate,South,Karnataka,Technology,Printers,Laser Printer,2,1544.72,2884.12,0.066,622.25,Standard,Credit Card,3.7,7,No
ORD102161,2025-07-30,CUST01156,Corporate,East,West Bengal,Furniture,Chairs,Office Chair,1,579.0,390.64,0.325,12.49,Standard,Net Banking,3.5,8,No
ORD100699,2024-10-09,CUST01118,Corporate,South,Andhra Pradesh,Technology,Printers,Laser Printer,4,621.79,2058.07,0.299,72.2,Same Day,UPI,4.2,1,No
ORD101637,2023-03-21,CUST01011,Small Business,South,Telangana,Furniture,Tables,Study Table,10,680.92,5069.77,0.298,362.44,Standard,Net Banking,4.2,5,No
ORD101292,2023-10-13,CUST01038,Corporate,North,Delhi,Furniture,Bookcases,Wooden Bookcase,4,314.14,1279.85,0.137,170.61,Standard,Net Banking,3.8,7,No
ORD102871,2024-05-04,CUST01103,Consumer,North,Uttar Pradesh,Office Supplies,Storage,Filing Cabinet,1,118.24,111.2,0.113,14.11,Standard,UPI,4.5,4,No
ORD102490,2025-08-24,CUST01182,Corporate,South,Andhra Pradesh,Technology,Laptops,Business Laptop,6,650.84,3390.75,0.132,440.09,Express,Credit Card,4.3,3,No
ORD101521,2025-03-24,CUST01474,Corporate,West,Goa,Technology,Printers,Laser Printer,1,993.47,853.04,0.19,116.34,Same Day,Credit Card,5.0,1,No
ORD101854,2025-11-27,CUST01504,Corporate,South,,Office Supplies,Paper,Notebooks,2,213.06,464.63,0.076,113.31,Standard,UPI,3.8,8,No
ORD101137,2023-02-09,CUST01390,Corporate,North,Haryana,Office Supplies,Paper,Premium Paper,7,224.97,1410.85,0.104,419.3,Express,Credit Card,4.1,3,No
ORD102913,2024-09-11,CUST01224,Corporate,South,Tamil Nadu,Furniture,Furnishings,Whiteboard,6,170.45,664.61,0.35,55.21,Standard,UPI,2.7,7,No
ORD101632,2024-07-23,CUST01192,Consumer,South,Tamil Nadu,Office Supplies,Binders,File Folder,2,83.61,150.81,0.098,40.12,Express,Credit Card,4.9,3,No
ORD101999,2025-12-10,CUST01174,Consumer,North,Haryana,Office Supplies,Paper,A4 Paper,2,142.12,317.56,0.053,62.55,Express,UPI,4.5,1,No
ORD100664,2023-06-05,CUST01041,Corporate,West,Maharashtra,Technology,Printers,Inkjet Printer,3,697.29,1804.09,0.138,293.41,Express,Net Banking,4.5,3,No
ORD100684,2025-12-09,CUST01572,Corporate,South,Andhra Pradesh,Technology,Accessories,USB Hub,3,1089.25,3078.9,0.202,171.9,Same Day,UPI,3.8,1,No
ORD101258,2023-09-03,CUST01532,Consumer,South,Telangana,office supplies,Binders,Ring Binder,2,245.52,418.12,0.149,107.72,Standard,COD,3.8,6,No
ORD100318,2025-10-08,CUST01029,Consumer,North,Haryana,Office Supplies,Paper,A4 Paper,5,244.58,1267.49,0.122,259.93,Standard,UPI,3.0,7,No
ORD100649,2023-01-26,CUST01135,Corporate,West,Maharashtra,Technology,Printers,Inkjet Printer,2,940.82,1550.48,0.176,151.93,Standard,Credit Card,3.6,8,No
ORD101435,2024-12-05,CUST01402,Corporate,East,West Bengal,Office Supplies,Stationery,Stapler,2,98.63,194.62,0.164,54.27,Standard,Credit Card,2.6,8,No
ORD101480,2023-12-16,CUST01093,Small Business,South,Telangana,Technology,Laptops,Laptop Pro,9,587.57,5039.51,0.192,482.67,Standard,UPI,4.0,6,No
ORD100710,2023-02-14,CUST01141,Consumer,East,West Bengal,Technology,Accessories,Headset,3,528.24,1273.92,0.196,116.5,Same Day,COD,5.0,1,No
ORD101283,2024-02-25,CUST01085,Consumer,North,Punjab,Technology,Accessories,USB Hub,2,719.48,1269.26,0.118,71.4,Standard,Credit Card,3.9,3,No
ORD101769,2025-07-06,CUST01066,Corporate,North,Punjab,Technology,Accessories,Keyboard,2,764.61,1351.93,0.116,245.59,Standard,UPI,4.3,6,No
ORD100973,2025-08-13,CUST01591,Consumer,South,Telangana,Furniture,Furnishings,Desk Lamp,1,466.64,458.9,0.017,118.99,Same Day,COD,4.8,1,No
ORD102676,2024-08-24,CUST01282,Consumer,South,Andhra Pradesh,Office Supplies,Storage,Storage Box,4,186.51,573.15,0.232,79.96,Standard,UPI,3.3,7,No
ORD102681,2024-07-21,CUST01152,Consumer,East,Bihar,Furniture,Tables,Conference Table,1,347.48,334.87,0.036,92.9,Standard,UPI,4.7,4,No
ORD101307,2023-06-06,CUST01501,Consumer,North,Punjab,Technology,Laptops,Business Laptop,1,219.98,181.04,,10.69,Express,UPI,4.4,3,No
ORD101401,2023-05-20,CUST01107,Consumer,East,Bihar,Technology,Phones,Smartphone A,2,681.39,1297.75,0.102,118.31,Standard,UPI,4.1,4,No
ORD101409,2023-01-07,CUST01287,Small Business,West,Rajasthan,Technology,Printers,Inkjet Printer,2,853.39,1614.81,0.054,256.61,Express,UPI,5.0,1,No
ORD102238,2023-11-05,CUST01594,Corporate,East,Bihar,Office Supplies,Storage,Storage Box,3,112.66,310.77,0.221,50.98,Express,UPI,4.3,2,No
ORD101497,2023-02-07,CUST01490,Consumer,West,Rajasthan,Office Supplies,Binders,Document Folder,3,172.91,514.68,0.008,171.13,Same Day,Credit Card,4.1,1,No
ORD102039,2023-12-09,CUST01556,Corporate,West,Rajasthan,Furniture,Bookcases,Metal Bookcase,3,337.52,1125.59,0.058,230.84,Same Day,UPI,4.8,1,No
ORD101530,2025-05-01,CUST01531,Corporate,South,Karnataka,Office Supplies,Storage,Filing Cabinet,2,115.55,226.7,0.075,40.25,Express,Net Banking,5.0,1,No
ORD101664,2023-11-09,CUST01012,Small Business,North,Punjab,Office Supplies,Stationery,Markers,1,197.65,219.07,0.061,57.49,Standard,UPI,4.3,7,No
ORD101355,2023-05-14,CUST01094,Consumer,South,Andhra Pradesh,Technology,Printers,Laser Printer,5,405.65,1984.71,0.077,335.42,Express,UPI,4.4,3,No
ORD102939,2023-11-17,CUST01257,Consumer,South,Telangana,Technology,Accessories,Headset,4,564.75,2575.46,0.034,488.43,Standard,UPI,3.4,8,No
ORD102959,2023-09-15,CUST01051,Small Business,East,Odisha,Technology,Laptops,Laptop Air,3,444.66,1059.5,0.206,36.78,Standard,UPI,,8,No
ORD101644,2025-03-10,CUST01200,Consumer,North,Haryana,Office Supplies,Binders,Document Folder,3,141.68,415.98,0.077,88.64,Standard,UPI,3.6,6,No
ORD101052,2024-04-02,CUST01494,Consumer,North,Uttar Pradesh,Technology,Accessories,USB Hub,1,1250.07,1162.51,0.123,79.43,Standard,Credit Card,2.8,7,No
ORD100796,2025-05-06,CUST01541,Corporate,West,Goa,Technology,Phones,Smartphone A,3,489.14,1167.0,0.25,138.38,Standard,COD,3.4,5,No
ORD102694,2023-09-11,CUST01156,Consumer,South,Karnataka,Technology,Laptops,Laptop Air,1,376.93,324.91,0.138,51.23,Same Day,COD,4.6,1,No
ORD101598,2023-03-30,CUST01102,Corporate,South,Telangana,Office Supplies,Storage,Organizer,10,54.98,435.94,0.252,24.02,Standard,COD,3.9,8,No
ORD102605,2025-01-17,CUST01152,Corporate,South,Karnataka,Furniture,Furnishings,Curtains,4,403.7,1449.77,0.102,169.96,Same Day,Net Banking,3.9,1,No
ORD102730,2025-04-21,CUST01558,Consumer,South,Tamil Nadu,Furniture,Chairs,Office Chair,1,1267.02,1046.81,0.221,171.6,Standard,UPI,5.0,3,No
ORD102626,2023-03-08,CUST01474,Small Business,East,,Office Supplies,Paper,Notebooks,4,278.34,809.02,0.314,118.78,Same Day,COD,5.0,2,No
ORD101820,2024-11-25,CUST01274,Corporate,West,Maharashtra,Technology,Laptops,Laptop Pro,4,1315.87,5430.23,0.126,372.41,Standard,UPI,3.4,7,No
ORD101723,2024-06-26,CUST01384,Consumer,North,Punjab,Office Supplies,Stationery,Markers,3,291.22,770.55,0.118,145.34,Standard,UPI,3.0,9,No
ORD101184,2025-04-30,CUST01196,Corporate,North,Haryana,Office Supplies,Binders,Ring Binder,8,151.82,1191.88,0.074,203.69,Standard,COD,4.0,5,No
ORD102573,2023-08-31,CUST01078,Consumer,West,Gujarat,Furniture,Furnishings,Whiteboard,4,754.6,2474.28,0.18,296.81,Standard,Net Banking,3.5,6,No
ORD101060,2024-04-06,CUST01574,Consumer,East,Bihar,Office Supplies,Stationery,Pens,2,66.67,121.94,0.137,15.59,Standard,UPI,3.0,7,Yes
ORD100541,2024-04-28,CUST01343,Consumer,South,Telangana,Office Supplies,Stationery,Pens,1,180.85,145.26,0.242,25.35,Standard,COD,3.7,6,No
ORD101679,2024-09-26,CUST01427,Consumer,North,Delhi,Technology,Accessories,USB Hub,4,659.23,2246.98,0.148,255.85,Express,Credit Card,4.1,3,No
ORD102797,2023-09-10,CUST01013,Consumer,North,Punjab,Technology,Accessories,Keyboard,9,640.31,5074.69,0.119,584.97,Standard,UPI,3.5,6,No
ORD102903,2024-07-23,CUST01381,Consumer,South,Andhra Pradesh,Furniture,Chairs,Office Chair,5,235.39,1080.54,0.082,164.09,Express,UPI,4.0,3,No
ORD102533,2023-02-15,CUST01249,Consumer,North,Delhi,Technology,Printers,Inkjet Printer,1,248.9,187.7,0.246,-6.42,Standard,Credit Card,3.5,5,No
ORD101758,2024-05-04,CUST01251,Corporate,East,Bihar,Office Supplies,Stationery,Markers,6,609.49,3205.85,0.173,382.91,Standard,COD,3.7,6,No
ORD101924,2024-10-01,CUST01511,Small Business,East,Odisha,Office Supplies,Storage,Storage Box,2,510.91,814.82,0.324,126.88,Standard,COD,3.9,6,No
ORD100096,2023-02-05,CUST01444,Small Business,East,Odisha,Technology,Laptops,Laptop Air,5,350.82,1616.02,0.079,266.63,Standard,Net Banking,3.6,5,No
ORD101021,2024-04-15,CUST01129,Small Business,South,Karnataka,Technology,Accessories,Wireless Mouse,2,1515.78,2957.07,0.08,496.28,Express,Credit Card,4.7,3,No
ORD100564,2024-06-23,CUST01191,Consumer,North,Uttar Pradesh,Furniture,Bookcases,Metal Bookcase,6,337.87,1848.9,0.088,404.19,Same Day,UPI,4.5,1,No
ORD102791,2024-05-07,CUST01100,Consumer,North,Uttar Pradesh,Office Supplies,Paper,Notebooks,4,200.85,728.03,0.145,132.33,Express,UPI,3.8,3,No
ORD100864,2024-03-22,CUST01374,Consumer,East,West Bengal,Office Supplies,Stationery,Markers,1,200.62,177.95,0.163,39.33,Standard,Net Banking,4.0,4,No
ORD101485,2024-08-12,CUST01210,Small Business,South,Karnataka,Furniture,Chairs,Office Chair,2,774.95,1111.06,0.283,144.61,Standard,UPI,3.8,5,Yes
ORD101882,2023-03-09,CUST01545,Corporate,North,Punjab,Technology,Accessories,Wireless Mouse,3,496.02,1073.52,0.319,48.13,Express,Credit Card,5.0,2,No
ORD101039,2023-03-09,CUST01190,Small Business,South,Karnataka,Office Supplies,Binders,Ring Binder,5,144.85,643.79,0.161,131.55,Standard,UPI,4.5,4,No
ORD100207,2023-03-16,CUST01306,Consumer,North,Punjab,Office Supplies,Binders,File Folder,2,149.43,291.96,0.078,83.43,Standard,Net Banking,3.7,4,No
ORD100393,2023-08-29,CUST01065,Corporate,East,West Bengal,Office Supplies,Storage,Storage Box,2,110.19,156.96,0.288,23.12,Same Day,Net Banking,4.3,1,No
ORD102843,2025-05-05,CUST01129,Corporate,South,Karnataka,Technology,Accessories,Keyboard,7,526.86,2626.55,0.328,-5.54,Standard,Credit Card,3.8,6,No
ORD100871,2024-03-31,CUST01131,Consumer,East,Jharkhand,Technology,Printers,Inkjet Printer,5,1716.28,8409.47,0.076,1406.19,Express,Credit Card,5.0,3,No
ORD100398,2023-05-31,CUST01067,Consumer,East,Jharkhand,Office Supplies,Paper,Notebooks,2,123.52,192.1,0.266,9.29,Standard,Credit Card,3.3,9,No
ORD102815,2024-06-18,CUST01491,Consumer,North,Uttar Pradesh,Furniture,Tables,Conference Table,10,898.39,7454.4,0.17,998.21,Same Day,Credit Card,4.1,2,No
ORD102897,2023-06-02,CUST01465,Corporate,East,Odisha,Furniture,Tables,Work Desk,3,369.1,802.29,0.275,80.63,Express,Credit Card,4.2,2,No
ORD101029,2023-12-04,CUST01313,Consumer,West,Rajasthan,Technology,Laptops,Laptop Air,3,771.41,2133.69,0.219,356.85,Express,Credit Card,4.0,3,No
ORD102691,2025-05-29,CUST01303,Small Business,South,Telangana,Furniture,Chairs,Visitor Chair,1,655.12,622.48,0.104,189.19,Standard,COD,4.6,4,No
ORD101486,2025-07-21,CUST01127,Consumer,South,Tamil Nadu,Furniture,Furnishings,Whiteboard,4,187.71,587.9,0.217,65.76,Standard,Credit Card,3.8,3,No
ORD102661,2024-12-10,CUST01038,Consumer,East,West Bengal,Furniture,Furnishings,Desk Lamp,4,466.13,2020.19,0.082,327.94,Express,UPI,4.7,3,No
ORD100961,2024-07-16,CUST01077,Corporate,West,Goa,Technology,Accessories,Keyboard,1,748.04,693.8,0.073,94.57,Express,Credit Card,4.5,3,Yes
ORD101571,2024-01-23,CUST01478,Consumer,West,Rajasthan,Office Supplies,Stationery,Labels,7,267.12,1440.14,0.23,292.74,Express,Net Banking,3.9,3,No
ORD102774,2023-04-15,CUST01582,Corporate,South,Andhra Pradesh,Furniture,Chairs,Visitor Chair,5,644.49,2871.71,0.159,279.35,Express,UPI,5.0,3,No
ORD101896,2024-01-30,CUST01334,Consumer,South,Karnataka,Technology,Phones,Smartphone B,3,1357.89,3574.58,0.123,248.43,Standard,Credit Card,3.4,6,No
ORD102732,2023-10-15,CUST01385,Consumer,West,Goa,Office Supplies,Stationery,Stapler,1,175.22,164.12,0.206,35.59,Standard,UPI,3.3,6,No
ORD102147,2023-11-25,CUST01461,Consumer,West,Rajasthan,Technology,Phones,Smartphone B,3,505.59,1593.86,0.109,194.87,Standard,UPI,4.0,4,No
ORD100805,2025-02-14,CUST01059,Corporate,South,Telangana,Office Supplies,Stationery,Stapler,5,387.55,1646.56,0.15,418.29,Express,Credit Card,4.2,3,No
ORD101752,2024-02-27,CUST01588,Consumer,East,Odisha,Office Supplies,Binders,Document Folder,4,200.35,521.88,0.349,99.31,Same Day,UPI,3.8,2,No
ORD102455,2023-10-31,CUST01020,Consumer,South,Karnataka,Office Supplies,Binders,File Folder,9,268.85,2674.5,0.063,736.38,Standard,COD,3.9,8,No
ORD100503,2025-10-13,CUST01157,Small Business,West,Rajasthan,Technology,Laptops,Business Laptop,1,1058.56,1075.5,0.139,182.64,Same Day,Credit Card,4.1,1,No
ORD100780,2025-05-12,CUST01262,Consumer,North,Delhi,Office Supplies,Paper,Premium Paper,1,278.6,261.34,0.115,78.74,Standard,UPI,4.2,5,No
ORD101864,2024-12-04,CUST01028,Consumer,South,Telangana,Office Supplies,Paper,Notebooks,1,147.96,120.26,0.311,14.72,Express,Credit Card,4.5,2,No
ORD100201,2024-10-06,CUST01452,Consumer,South,Andhra Pradesh,Office Supplies,Binders,Ring Binder,1,202.88,203.97,0.148,45.96,Standard,COD,3.3,4,No
ORD102183,2024-08-19,CUST01181,Consumer,South,Telangana,Furniture,Tables,Study Table,5,436.56,1758.0,0.195,232.55,Standard,UPI,3.0,8,Yes
ORD102089,2023-12-08,CUST01307,Consumer,West,Maharashtra,Technology,Phones,Smartphone B,6,611.76,3169.74,0.268,313.11,Standard,UPI,4.3,3,No
ORD102279,2023-02-06,CUST01548,Consumer,East,Odisha,Furniture,Furnishings,Curtains,4,924.37,3161.71,0.145,663.31,Standard,UPI,3.9,6,No
ORD101797,2025-12-26,CUST01109,Corporate,South,Telangana,Office Supplies,Paper,A4 Paper,6,238.78,1388.03,0.179,267.66,Standard,COD,3.1,6,No
ORD100379,2025-07-29,CUST01517,Consumer,South,Karnataka,Office Supplies,Storage,Organizer,1,177.64,170.04,0.043,39.86,Express,Credit Card,4.0,3,No
ORD102337,2025-02-12,CUST01216,Corporate,South,Telangana,Technology,Printers,Inkjet Printer,1,381.01,327.22,0.141,51.58,Standard,UPI,3.4,6,No
ORD100419,2023-12-05,CUST01342,Consumer,West,Goa,Technology,Accessories,USB Hub,4,551.68,2336.52,0.103,411.4,Standard,UPI,3.6,5,No
ORD101699,2025-10-07,CUST01318,Small Business,West,Goa,Technology,Laptops,Business Laptop,2,743.01,1319.4,0.248,88.81,Standard,Net Banking,4.6,3,No
ORD100392,2023-08-21,CUST01189,Corporate,South,Telangana,Furniture,Furnishings,Desk Lamp,8,541.54,3135.44,,272.69,Standard,Net Banking,3.9,6,No
ORD102641,2025-12-29,CUST01126,Corporate,West,Maharashtra,Office Supplies,Stationery,Stapler,2,286.67,520.14,0.231,100.13,Standard,UPI,3.7,4,No
ORD101523,2025-06-01,CUST01462,Consumer,East,Bihar,Technology,Printers,Inkjet Printer,6,527.76,2434.4,0.231,40.3,Standard,COD,3.7,7,No
ORD101163,2023-04-26,CUST01060,Corporate,West,Gujarat,Technology,Laptops,Business Laptop,4,406.36,1565.56,0.091,231.23,Same Day,UPI,4.2,1,No
ORD101496,2024-05-03,CUST01155,Consumer,West,Rajasthan,Technology,Phones,Smartphone C,5,982.23,4468.25,0.142,564.94,Standard,UPI,4.3,5,No
ORD102696,2024-05-21,CUST01296,Consumer,West,Maharashtra,Furniture,Bookcases,Wooden Bookcase,8,624.66,4250.94,0.197,732.26,Standard,COD,3.8,3,No
ORD102028,2024-11-15,CUST01105,Consumer,East,Bihar,Technology,Laptops,Laptop Air,2,1010.21,2019.43,0.153,202.83,Standard,Net Banking,3.6,9,No
ORD101153,2024-11-28,CUST01430,Consumer,East,Bihar,Office Supplies,Binders,File Folder,1,179.51,199.14,0.06,60.49,Express,UPI,4.5,2,No
ORD101368,2024-05-25,CUST01068,Consumer,West,Gujarat,Furniture,Furnishings,Desk Lamp,5,274.48,1004.45,0.31,140.86,Express,UPI,4.3,3,No
ORD102569,2025-06-09,CUST01249,Consumer,South,Andhra Pradesh,Technology,Accessories,Headset,4,361.63,1236.89,0.145,214.83,Standard,Net Banking,3.9,4,No
ORD100065,2024-05-23,CUST01015,Corporate,West,Rajasthan,Technology,Printers,Inkjet Printer,1,1379.04,1269.62,0.131,152.0,Standard,Net Banking,3.6,6,No
ORD102063,2024-01-16,CUST01110,Consumer,North,Delhi,Furniture,Furnishings,Desk Lamp,3,522.55,1287.06,0.179,125.73,Same Day,UPI,4.1,2,Yes
ORD101181,2025-03-28,CUST01306,Consumer,North,Uttar Pradesh,Office Supplies,Stationery,Stapler,1,57.97,48.78,0.206,6.33,Express,UPI,4.5,2,No
ORD100493,2024-09-26,CUST01226,Consumer,North,Punjab,Technology,Accessories,USB Hub,6,414.38,2017.33,0.189,95.56,Standard,Net Banking,3.4,6,No
ORD100380,2024-03-15,CUST01419,Corporate,South,Telangana,Furniture,Chairs,Visitor Chair,1,461.09,386.38,0.209,37.69,Express,Net Banking,3.9,3,No
ORD102236,2025-02-07,CUST01474,Consumer,West,Maharashtra,Furniture,Tables,Study Table,3,280.7,759.85,0.098,62.6,Express,UPI,5.0,3,No
ORD100764,2024-03-22,CUST01520,Consumer,North,,Office Supplies,Binders,File Folder,7,258.78,1806.89,0.059,502.99,Standard,UPI,4.6,4,No
ORD102265,2025-10-24,CUST01555,Consumer,South,Telangana,Office Supplies,Paper,Notebooks,7,182.07,1327.52,0.117,410.64,Standard,COD,3.9,7,No
ORD100792,2024-06-10,CUST01479,Consumer,East,Odisha,Office Supplies,Stationery,Pens,8,154.23,971.34,0.213,247.44,Standard,UPI,3.2,5,No
ORD101077,2024-07-29,CUST01125,Consumer,North,Haryana,Furniture,Chairs,Visitor Chair,4,450.81,1513.51,0.161,222.78,Standard,COD,3.6,4,No
ORD100879,2023-06-25,CUST01291,Consumer,North,,Office Supplies,Binders,Document Folder,2,50.58,83.03,0.179,19.11,Standard,Credit Card,3.4,8,No
ORD100338,2023-09-20,CUST01480,Corporate,East,Odisha,Office Supplies,Storage,Filing Cabinet,2,185.07,339.43,0.083,76.45,Express,Credit Card,4.5,3,No
ORD102768,2023-10-21,CUST01599,Consumer,East,West Bengal,Furniture,Chairs,Ergonomic Chair,2,609.34,1387.73,0.035,375.48,Standard,Net Banking,4.7,7,No
ORD102344,2023-04-22,CUST01341,Consumer,North,Delhi,Technology,Phones,Smartphone B,2,551.63,1045.24,0.106,128.72,Standard,UPI,4.0,6,Yes
ORD101017,2024-12-06,CUST01165,Corporate,East,Jharkhand,Office Supplies,Storage,Filing Cabinet,7,102.48,783.56,0.074,206.85,Standard,Credit Card,3.2,9,No
ORD101276,2024-09-16,CUST01052,Consumer,East,Odisha,Technology,Laptops,Business Laptop,8,266.44,1935.52,0.092,304.31,Standard,COD,3.2,7,No
ORD100456,2023-08-22,CUST01043,Consumer,North,Punjab,Furniture,Chairs,Visitor Chair,1,164.79,143.3,0.13,30.16,Standard,UPI,3.8,6,No
ORD100816,2025-05-13,CUST01214,Small Business,West,Goa,Office Supplies,Storage,Organizer,1,151.68,152.37,0.052,35.99,Standard,UPI,4.5,6,No
ORD102318,2023-04-12,CUST01082,Small Business,South,Karnataka,Technology,Phones,Smartphone C,1,429.54,390.69,0.142,25.2,Standard,COD,3.6,8,No
ORD100996,2023-08-11,CUST01128,Corporate,South,Telangana,Technology,Accessories,Wireless Mouse,5,1160.47,4236.49,0.27,129.76,Standard,COD,4.3,4,No
ORD101982,2023-03-11,CUST01474,Small Business,North,Uttar Pradesh,Technology,Printers,Inkjet Printer,2,959.46,1776.21,0.127,148.34,Express,UPI,4.3,2,No
ORD100202,2024-09-04,CUST01079,Consumer,West,Goa,Furniture,Furnishings,Curtains,5,358.39,1602.95,0.105,312.52,Standard,COD,3.9,7,No
ORD100162,2023-01-07,CUST01558,Consumer,East,Bihar,Technology,Accessories,USB Hub,5,478.16,2082.11,0.129,187.29,Express,COD,4.0,3,No
ORD101580,2024-05-29,CUST01524,Consumer,West,Maharashtra,Furniture,Tables,Work Desk,5,668.36,3109.73,0.122,638.21,Standard,Net Banking,3.0,7,No
ORD102778,2024-11-17,CUST01456,Consumer,West,Maharashtra,Furniture,Tables,Study Table,7,195.73,1356.65,0.161,206.52,Standard,UPI,2.9,6,No
ORD102450,2023-05-19,CUST01452,Corporate,South,Karnataka,Technology,Phones,Smartphone C,1,1325.21,1134.99,0.192,192.79,Standard,COD,3.7,5,No
ORD100703,2023-03-09,CUST01179,Consumer,West,Maharashtra,Furniture,Chairs,Visitor Chair,5,412.17,1717.8,0.214,141.61,Standard,UPI,3.4,8,No
ORD101501,2023-07-03,CUST01242,Corporate,North,Uttar Pradesh,Furniture,Furnishings,Desk Lamp,1,394.12,347.33,0.119,79.3,Express,UPI,4.8,3,No
ORD101130,2024-07-26,CUST01445,Consumer,West,Rajasthan,Furniture,Furnishings,Curtains,5,531.58,1656.5,0.377,182.5,Standard,UPI,3.8,7,No
ORD102614,2023-05-13,CUST01161,Consumer,North,Delhi,Office Supplies,Stationery,Stapler,2,325.48,572.51,0.17,171.26,Express,UPI,4.1,3,No
ORD101022,2023-05-05,CUST01287,Small Business,South,Tamil Nadu,Office Supplies,Binders,Document Folder,2,415.04,636.24,0.277,92.4,Standard,UPI,3.8,6,No
ORD101586,2024-02-04,CUST01419,Small Business,West,Maharashtra,Furniture,Tables,Work Desk,2,108.4,206.52,0.047,42.25,Standard,Credit Card,3.5,8,No
ORD101956,2023-07-15,CUST01511,Consumer,North,Punjab,Technology,Accessories,USB Hub,5,359.23,1778.61,,292.35,Standard,UPI,4.4,6,No
ORD102254,2024-03-30,CUST01036,Consumer,West,Maharashtra,Office Supplies,Binders,Document Folder,4,82.2,252.98,0.274,52.77,Standard,,2.6,7,No
ORD100035,2025-03-21,CUST01532,Consumer,South,Tamil Nadu,Office Supplies,Stationery,Labels,1,178.26,134.56,0.288,19.34,Standard,Net Banking,3.4,8,Yes
ORD100776,2023-04-23,CUST01446,Small Business,North,Punjab,Office Supplies,Paper,A4 Paper,1,345.09,319.98,0.125,75.57,Standard,COD,4.0,3,No
ORD102557,2024-12-14,CUST01502,Corporate,North,Delhi,Furniture,Chairs,Office Chair,2,630.08,1169.99,0.213,156.87,Standard,Credit Card,4.0,4,No
ORD101479,2024-03-31,CUST01407,Consumer,West,Goa,Furniture,Bookcases,Metal Bookcase,3,465.72,1351.44,0.087,212.77,Standard,UPI,3.0,7,No
ORD101391,2024-03-28,CUST01275,Consumer,North,Uttar Pradesh,Office Supplies,Binders,File Folder,5,175.7,534.58,0.426,42.0,Express,UPI,4.0,1,No
ORD102140,2025-12-07,CUST01152,Corporate,North,Punjab,Office Supplies,Binders,Document Folder,5,180.45,920.04,0.136,271.88,Express,UPI,4.6,3,No
ORD101364,2025-05-15,CUST01525,Consumer,East,Bihar,Furniture,Bookcases,Wooden Bookcase,7,315.51,1491.66,0.363,80.71,Standard,COD,3.5,4,No
ORD102946,2024-03-03,CUST01214,Corporate,West,Goa,Office Supplies,Storage,Filing Cabinet,2,77.72,115.7,0.298,17.94,Standard,Credit Card,3.7,7,No
ORD102613,2025-03-10,CUST01237,Corporate,West,Gujarat,Technology,Phones,Smartphone A,4,631.17,2121.93,0.207,310.15,Standard,Credit Card,,3,No
ORD102825,2024-11-01,CUST01164,Small Business,South,Andhra Pradesh,Technology,Printers,Laser Printer,1,1382.46,1391.66,0.147,124.95,Same Day,COD,4.4,1,No
ORD102042,2025-11-24,CUST01440,Consumer,South,Tamil Nadu,Technology,Laptops,Laptop Pro,3,817.35,2048.78,0.292,-32.57,Standard,UPI,3.0,8,No
ORD100242,2025-11-18,CUST01087,Corporate,East,Jharkhand,Furniture,Bookcases,Metal Bookcase,2,424.82,825.56,0.177,130.96,Standard,UPI,3.5,8,No
ORD102062,2023-08-18,CUST01019,Consumer,West,Rajasthan,Office Supplies,Binders,Document Folder,8,178.84,1096.63,0.234,176.66,Express,UPI,5.0,2,No
ORD102364,2023-05-08,CUST01600,Corporate,South,Karnataka,Technology,Laptops,Laptop Pro,3,384.67,990.01,0.191,6.69,Standard,Credit Card,4.2,4,No
ORD100601,2023-01-21,CUST01289,Consumer,East,Odisha,Furniture,Bookcases,Wooden Bookcase,3,451.36,1111.74,0.179,228.21,Standard,Credit Card,3.0,9,No
ORD102436,2023-06-21,CUST01041,Consumer,West,Maharashtra,Technology,Accessories,Keyboard,1,792.85,705.81,0.11,106.05,Standard,Credit Card,4.2,6,No
ORD101298,2025-07-13,CUST01577,Consumer,West,Gujarat,Furniture,Furnishings,Whiteboard,5,508.38,1856.09,0.27,203.06,Same Day,UPI,4.3,1,No
ORD102215,2024-05-11,CUST01218,Consumer,North,Punjab,Office Supplies,Stationery,Labels,2,186.69,308.43,0.221,67.04,Express,Credit Card,4.6,2,No
ORD102889,2024-10-11,CUST01295,Small Business,North,Punjab,Technology,Phones,Smartphone A,1,1040.53,1196.11,0.026,187.41,Standard,Credit Card,3.0,9,No
ORD102069,2025-08-04,CUST01107,Consumer,South,Karnataka,Technology,Printers,Inkjet Printer,3,731.95,1993.37,0.092,401.79,Standard,Credit Card,4.0,4,No
ORD100647,2024-09-12,CUST01507,Consumer,West,Gujarat,Office Supplies,Storage,Storage Box,3,220.56,470.09,0.29,65.3,Same Day,Credit Card,4.4,1,No
ORD101529,2023-09-19,CUST01475,Corporate,North,Delhi,Office Supplies,Stationery,Pens,2,93.8,168.19,0.103,45.09,Standard,Credit Card,3.6,8,No
ORD102880,2023-06-28,CUST01245,Corporate,South,Tamil Nadu,Technology,Printers,Laser Printer,1,388.36,299.8,0.228,11.26,Standard,UPI,4.0,6,No
ORD101268,2024-04-19,CUST01411,Corporate,East,West Bengal,Furniture,Bookcases,Metal Bookcase,3,667.77,1924.04,0.094,474.86,Express,UPI,4.2,2,No
ORD101900,2023-08-07,CUST01465,Consumer,North,Uttar Pradesh,Office Supplies,Binders,File Folder,2,134.47,221.29,0.177,36.34,Standard,COD,3.3,7,No
ORD100563,2024-07-27,CUST01576,Corporate,North,Delhi,Office Supplies,Stationery,Stapler,3,230.86,528.86,0.236,42.83,Standard,UPI,3.5,6,No
ORD102735,2024-02-05,CUST01491,Consumer,East,,Technology,Accessories,Wireless Mouse,2,1084.53,1801.59,0.169,95.39,Same Day,,5.0,1,Yes
ORD100190,2023-05-31,CUST01484,Consumer,South,Karnataka,Office Supplies,Paper,Premium Paper,4,108.14,383.03,0.165,85.37,Standard,Credit Card,4.1,6,No
ORD101807,2023-03-30,CUST01548,Consumer,South,Telangana,Office Supplies,Storage,Filing Cabinet,5,174.46,906.83,0.019,222.78,Standard,Net Banking,4.0,7,No
ORD100976,2025-01-23,CUST01365,Consumer,East,Jharkhand,Office Supplies,Paper,Notebooks,3,44.85,122.15,0.092,25.68,Standard,Net Banking,3.1,6,No
ORD102748,2023-07-22,CUST01344,Corporate,West,Goa,Office Supplies,Stationery,Markers,4,228.21,671.37,0.265,84.74,Standard,Net Banking,4.5,3,No
ORD102048,2023-09-11,CUST01476,Consumer,North,Haryana,Office Supplies,Paper,Premium Paper,4,383.01,1350.31,0.119,276.0,Express,Credit Card,3.8,3,No
ORD102559,2025-04-16,CUST01159,Consumer,East,West Bengal,Technology,Printers,Laser Printer,6,526.76,2940.44,0.122,449.37,Standard,UPI,3.2,8,No
ORD101083,2023-04-08,CUST01495,Consumer,North,Delhi,Technology,Printers,Inkjet Printer,1,704.03,599.38,0.197,62.32,Express,Credit Card,4.4,1,No
ORD100475,2025-02-15,CUST01472,Consumer,South,Telangana,Technology,Accessories,Headset,3,573.61,1660.5,0.035,364.02,Same Day,Credit Card,5.0,1,No
ORD102905,2023-07-02,CUST01490,Corporate,East,Bihar,Technology,Phones,Smartphone C,1,757.04,2925.06,0.13,202.41,Express,COD,3.7,3,No
ORD100748,2025-03-10,CUST01155,Corporate,West,Gujarat,Furniture,Bookcases,Metal Bookcase,2,1065.78,1887.57,0.165,234.52,Express,Net Banking,4.8,1,No
ORD102301,2025-03-24,CUST01035,Corporate,East,West Bengal,Technology,Laptops,Laptop Air,8,378.1,2710.47,0.155,89.82,Same Day,Net Banking,3.7,2,No
ORD100022,2024-07-16,CUST01042,Consumer,East,Bihar,Furniture,Chairs,Office Chair,8,124.01,903.17,,220.44,Standard,UPI,4.8,4,No
ORD100460,2024-03-20,CUST01264,Small Business,East,Bihar,Office Supplies,Binders,Ring Binder,2,792.84,1256.4,0.253,158.68,Express,,4.3,2,No
ORD101185,2023-09-25,CUST01493,Consumer,East,West Bengal,Technology,Phones,Smartphone C,4,184.12,584.47,0.206,6.77,Standard,Net Banking,2.8,8,No
ORD102325,2025-01-31,CUST01140,Consumer,East,Odisha,Office Supplies,Paper,A4 Paper,1,146.22,131.13,0.103,33.0,Standard,COD,4.5,4,No
ORD100956,2025-03-23,CUST01397,Corporate,West,Goa,Furniture,Furnishings,Whiteboard,2,417.43,790.05,0.107,114.23,Standard,Credit Card,4.0,3,Yes
ORD101216,2025-01-11,CUST01434,Corporate,South,Telangana,Office Supplies,Binders,Ring Binder,2,124.44,155.58,0.375,18.64,Standard,Credit Card,3.7,7,No
ORD102434,2023-07-22,CUST01539,Corporate,South,Andhra Pradesh,Technology,Printers,Laser Printer,1,877.62,768.11,0.125,68.02,Standard,UPI,3.4,5,No
ORD102854,2024-11-30,CUST01360,Consumer,East,Odisha,Technology,Printers,Inkjet Printer,4,450.19,1984.33,0.066,349.69,Standard,COD,4.4,3,No
ORD101516,2024-06-15,CUST01040,Corporate,West,Goa,Technology,Accessories,Headset,9,368.93,2744.32,0.173,435.93,Same Day,Net Banking,5.0,1,No
ORD102392,2024-12-25,CUST01569,Consumer,West,Goa,Office Supplies,Storage,Storage Box,2,374.07,697.64,0.21,152.91,Standard,UPI,4.0,7,No
ORD100770,2023-04-15,CUST01129,Consumer,North,Haryana,Office Supplies,Binders,Document Folder,3,133.06,295.68,0.301,33.13,Same Day,COD,5.0,1,No
ORD101686,2023-09-28,CUST01501,Small Business,West,Rajasthan,Technology,Accessories,Wireless Mouse,6,472.11,1902.85,0.328,-61.59,Standard,Credit Card,3.6,8,Yes
ORD100131,2024-04-19,CUST01119,Consumer,South,Andhra Pradesh,Technology,Accessories,Wireless Mouse,5,965.7,4729.29,0.076,1061.42,Standard,Credit Card,3.7,7,No
ORD102920,2024-05-28,CUST01540,Consumer,West,Rajasthan,Furniture,Bookcases,Metal Bookcase,4,136.05,475.44,0.176,42.7,Standard,Credit Card,4.0,6,No
ORD102136,2024-05-08,CUST01317,Corporate,East,West Bengal,Technology,Phones,Smartphone B,1,1137.46,961.86,0.202,84.01,Standard,COD,4.2,3,No
ORD101483,2023-08-02,CUST01191,Corporate,South,Karnataka,Office Supplies,Storage,Organizer,3,302.23,762.83,0.159,152.73,Standard,Credit Card,3.9,5,No
ORD100331,2023-01-28,CUST01468,Consumer,South,Andhra Pradesh,Office Supplies,Binders,Ring Binder,2,373.75,584.86,,115.58,Standard,COD,3.1,7,No
ORD101239,2023-07-14,CUST01448,Consumer,West,Goa,Technology,Accessories,USB Hub,2,565.26,957.53,0.153,208.66,Standard,UPI,4.2,3,No
ORD100467,2025-09-27,CUST01451,Small Business,East,Jharkhand,Technology,Printers,Inkjet Printer,2,681.27,1231.23,0.096,168.64,Standard,UPI,3.8,7,No
ORD102170,2024-04-30,CUST01577,Consumer,North,Haryana,Technology,Laptops,Laptop Air,2,804.14,1362.18,0.201,131.79,Standard,,3.3,5,No
ORD101639,2023-09-24,CUST01112,Consumer,West,Gujarat,Technology,Printers,Laser Printer,7,2376.68,15440.75,0.072,3642.18,Standard,UPI,4.0,4,No
ORD101096,2024-04-15,CUST01321,Small Business,South,Tamil Nadu,Office Supplies,Stationery,Stapler,7,277.35,1609.89,0.218,203.17,Standard,Net Banking,3.4,5,Yes
ORD101131,2023-09-15,CUST01557,Consumer,West,Rajasthan,Furniture,Tables,Work Desk,3,399.05,1050.98,0.122,122.87,Express,UPI,4.1,2,No
ORD101295,2024-10-27,CUST01446,Corporate,South,Andhra Pradesh,Office Supplies,Stationery,Markers,3,401.79,1073.35,0.245,186.65,Standard,Credit Card,3.8,8,No
ORD100861,2024-01-06,CUST01239,Consumer,East,Odisha,Technology,Laptops,Business Laptop,7,776.92,4891.07,0.101,780.6,Standard,Credit Card,2.6,6,No
